PRNP-75204-1-F-600dpi_S1.allele.edit.tsv	Sample	gRNA	#Reads	strand	denominator
PRNP-75204-1-F-600dpi_S1.allele.edit.tsv	AMPLICON_NAME	input_gRNA	0	File not exist	0
PRNP-75204-1-F-600dpi_S1.allele.edit.tsv	chr1_188866703-188866860	GTCAGCCGAAACCAGAGACA	72	+	23538
PRNP-75204-1-F-600dpi_S1.allele.edit.tsv	chr7_133222940-133223156	GGTAGCCTATACCAAGGACA	22	+	10648
PRNP-75204-1-F-600dpi_S1.allele.edit.tsv	chr16_38605005-38605248	GGAAGTCAATACCCAGGGCA	12	-	3508
PRNP-75204-1-F-600dpi_S1.allele.edit.tsv	chr2_153968156-153968323	GTCAGCCCATACCTGGGGAC	0	-	260
PRNP-75204-1-F-600dpi_S1.allele.edit.tsv	chr4_85947221-85947405	TGCAGCCTACACCCAGGGCA	35	+	6917
PRNP-75204-1-F-600dpi_S1.allele.edit.tsv	chr17_22031830-22032058	AGCAGCAGACACTCGGGGTA	567	-	4927
PRNP-75204-1-F-600dpi_S1.allele.edit.tsv	chr17_9514356-9514526	AGCAGCTGATCCCTGGGGCA	45	+	11966
PRNP-75204-1-F-600dpi_S1.allele.edit.tsv	chr4_138605179-138605335	GGCAGTTGACACCCGGGGCT	32	+	8510
PRNP-75204-1-F-600dpi_S1.allele.edit.tsv	chr6_29199260-29199502	AGCAGCAGACACCCGAGGCG	0	+	10
PRNP-75204-1-F-600dpi_S1.allele.edit.tsv	chr4_152306772-152307012	CGCAGCAGATACCTAAGGCA	15	-	5595
PRNP-75204-1-F-600dpi_S1.allele.edit.tsv	chr5_92349481-92349710	GGCAGCAGATACCTGGGACC	22	+	8060
PRNP-75204-1-F-600dpi_S1.allele.edit.tsv	chr4_132720742-132720915	CACAGCCGACATCTGGGGCA	29	+	5971
PRNP-75204-1-F-600dpi_S1.allele.edit.tsv	chr14_30163835-30164015	CAGAGCCGATACCTGAGGCA	16	+	5386
PRNP-75204-1-F-600dpi_S1.allele.edit.tsv	chr10_6119668-6119902	GGCAGCAGGTACCCAAGGCA	10	-	3074
PRNP-75204-1-F-600dpi_S1.allele.edit.tsv	chr10_43494250-43494415	GGCGGCTGATACCCGAGGTA	11	+	2944
PRNP-75204-1-F-600dpi_S1.allele.edit.tsv	chr6_127307909-127308102	GGTAGCAGATACCCAGAGGC	20	-	8508
PRNP-75204-1-F-600dpi_S1.allele.edit.tsv	chr9_36581513-36581754	ACCAGCCAATACCAGGGGAA	14	+	4823
PRNP-75204-1-F-600dpi_S1.allele.edit.tsv	chr16_84703297-84703532	GGCAGCCGCGGCCCGGGACA	0	File not exist	0
PRNP-75204-1-F-600dpi_S1.allele.edit.tsv	chr17_26188237-26188450	GTCAGACAATACCCGGGCCA	31	+	9187
PRNP-75204-1-F-600dpi_S1.allele.edit.tsv	chr15_76511545-76511714	TCCAGCCCATACCCGGGACA	0	File not exist	0
PRNP-75204-1-F-600dpi_S1.allele.edit.tsv	chr2_116601032-116601271	GACAGCCATTACTCAGGACA	26	-	8449
PRNP-75204-1-F-600dpi_S1.allele.edit.tsv	chr5_28083542-28083704	AGCAGCCAAAACCCAGGGCA	21	+	3683
PRNP-75204-1-F-600dpi_S1.allele.edit.tsv	chr4_53567961-53568166	GGCAGCCCATAGCCAGGACA	56	-	12134
PRNP-75204-1-F-600dpi_S1.allele.edit.tsv	chr3_66197543-66197786	GGGAGCCGATACCAAGGACA	51	+	6576
PRNP-75204-1-F-600dpi_S1.allele.edit.tsv	chr18_75680478-75680698	AGTAGCCAATACCAGGGGGA	18	+	7543
PRNP-75204-1-F-600dpi_S1.allele.edit.tsv	chr2_102213624-102213815	GACAGTGGATACCCAGGCCA	65	+	18033
PRNP-75204-1-F-600dpi_S1.allele.edit.tsv	chr7_47704271-47704434	AGCAACAGATACCAGAGGCA	3	-	1515
PRNP-75204-1-F-600dpi_S1.allele.edit.tsv	chr16_94493928-94494090	GACAGCCAATACCTGGGGCA	25	-	4858
PRNP-75204-1-F-600dpi_S1.allele.edit.tsv	chr4_114264418-114264587	TGGAGCCGAAACCCGGGACG	83	+	10328
PRNP-75204-1-F-600dpi_S1.allele.edit.tsv	chr15_12232312-12232478	GGCAGCCGAAAGCTGGGGCA	11	+	4645
PRNP-75204-1-F-600dpi_S1.allele.edit.tsv	chr6_133859819-133860012	GGCAGCCTATATCTAGGACA	22	+	4990
PRNP-75204-1-F-600dpi_S1.allele.edit.tsv	chr17_83028137-83028343	CTGAGCTGATACCTGGGGCA	20	+	6965
PRNP-75204-1-F-600dpi_S1.allele.edit.tsv	chr1_126739568-126739734	GGCAGCAGATCCCTGGGGCT	55	+	16043
PRNP-75204-1-F-600dpi_S1.allele.edit.tsv	chr12_100442589-100442788	AGCAGCAGGTACCTGGGGCA	25	-	8679
PRNP-75204-1-F-600dpi_S1.allele.edit.tsv	chr18_25527919-25528162	GGCAGCAGATACTCAGGGCA	6	+	2480
PRNP-75204-1-F-600dpi_S1.allele.edit.tsv	chr14_66727709-66727933	CCTGGCCGATCCCTGGGGCA	26	-	6287
PRNP-75204-1-F-600dpi_S1.allele.edit.tsv	chr8_94889916-94890149	GGCAGCCCACACCCGGGGCT	40	+	5624
PRNP-75204-1-F-600dpi_S1.allele.edit.tsv	chr13_101231637-101231880	GTCAGCCAAAATCCGGGGCA	45	+	14294
PRNP-75204-1-F-600dpi_S1.allele.edit.tsv	chr10_50895127-50895356	GGCAGCCGGAGTCCGGGGCA	0	+	132
PRNP-75204-1-F-600dpi_S1.allele.edit.tsv	chrX_13448114-13448287	GTCAGTCAATACCTGGGACT	27	+	9029
PRNP-75204-1-F-600dpi_S1.allele.edit.tsv	chr5_67214627-67214846	GGCAGCCGCTACCAGGGTTA	24	+	7712
PRNP-75204-1-F-600dpi_S1.allele.edit.tsv	chr13_57485880-57486118	TGAAGCAGATTCCCGGGGCA	21	-	5658
PRNP-75204-1-F-600dpi_S1.allele.edit.tsv	chr9_58436125-58436357	GACAGCCAGTACCCAGGGCA	38	-	7511
PRNP-75204-1-F-600dpi_S1.allele.edit.tsv	chr5_27480436-27480617	GGCAGGGATACCCAGGCCAG	61	-	16600
PRNP-75204-1-F-600dpi_S1.allele.edit.tsv	chr7_111704209-111704381	GGCAGCAGATCCAGGGGCAG	29	-	11082
PRNP-75204-1-F-600dpi_S1.allele.edit.tsv	chr11_53055472-53055684	GGCAGCCAGCACCCAGGGCA	42	+	8365
PRNP-75204-1-F-600dpi_S1.allele.edit.tsv	chr10_13306458-13306639	GGCAGCCAATTCCCAGGGCC	41	+	10606
PRNP-75204-1-F-600dpi_S1.allele.edit.tsv	chr15_18445087-18445268	TGGTGCCGAAACCCGGGACC	79	+	2866
PRNP-75204-1-F-600dpi_S1.allele.edit.tsv	chr16_10865109-10865273	AGCAGCCATACTCAGGGCAT	10	-	1955
PRNP-75204-1-F-600dpi_S1.allele.edit.tsv	chr1_71610094-71610322	AGGAGCTGATACCCGGGGCC	16	-	3321
PRNP-75204-1-F-600dpi_S1.allele.edit.tsv	chr5_105817455-105817620	GGCAGCAGATGCCTGGGGCA	25	-	7031
PRNP-75204-1-F-600dpi_S1.allele.edit.tsv	chr6_121049177-121049406	GGCAGCAGAACCCGAGGCAG	0	-	1
PRNP-75204-1-F-600dpi_S1.allele.edit.tsv	chr4_129686058-129686303	AGAAACCAATACCTGGGGCA	3	-	3521
PRNP-75204-1-F-600dpi_S1.allele.edit.tsv	chr12_111466032-111466188	AGTAGCCGGTACCTGGGGCT	35	+	10935
PRNP-75204-1-F-600dpi_S1.allele.edit.tsv	chr8_103143317-103143556	TGCAACTGATACCCAGGGCA	30	-	6957
PRNP-75204-1-F-600dpi_S1.allele.edit.tsv	chr11_5261227-5261385	AGAAGCCGGCACTCGGGGCA	6	+	731
PRNP-75204-1-F-600dpi_S1.allele.edit.tsv	chr8_103485362-103485601	ACAAGCCAATACCCGAAGCA	26	+	7733
PRNP-75204-1-F-600dpi_S1.allele.edit.tsv	chr8_126188646-126188887	CTCAGTCGATACCTGGGGGA	20	+	6128
PRNP-75204-1-F-600dpi_S1.allele.edit.tsv	chr3_99181763-99181992	GATGGCCGATACCTGAGGCA	1	-	69
PRNP-75204-1-F-600dpi_S1.allele.edit.tsv	chrX_99470598-99470773	AGGAGCCGAGACCCGGAGCA	0	-	16
PRNP-75204-1-F-600dpi_S1.allele.edit.tsv	chr15_96911609-96911784	TCCAGCCAACACCTGGGGCA	1	+	201
PRNP-75204-1-F-600dpi_S1.allele.edit.tsv	chr2_32372437-32372644	GCCAGCAGGTACTCAGGGCA	20	+	4710
PRNP-75204-1-F-600dpi_S1.allele.edit.tsv	chr5_136040022-136040183	GGCAGCTGATCCAGGGACAG	17	-	4230
PRNP-75204-1-F-600dpi_S1.allele.edit.tsv	chr11_71871185-71871353	CCAAGCCGACACCAGAGGCA	85	+	15716
PRNP-75204-1-F-600dpi_S1.allele.edit.tsv	chr13_114845677-114845838	AGCAGCTGATACCCTAGGGC	52	-	16762
PRNP-75204-1-F-600dpi_S1.allele.edit.tsv	chr10_78069841-78070066	GCCAGCTGATACCCAGTGCA	3	+	653
PRNP-75204-1-F-600dpi_S1.allele.edit.tsv	chr15_102144498-102144674	GGCAGCCCATCCCAGGTCAT	6	-	867
PRNP-75204-1-F-600dpi_S1.allele.edit.tsv	chr18_29058614-29058859	AGCAGCAGATACCTGAGACA	17	-	4466
PRNP-75204-1-F-600dpi_S1.allele.edit.tsv	chr3_144419940-144420160	TACAGCATATACCAGGGGCA	6	+	3997
PRNP-75204-1-F-600dpi_S1.allele.edit.tsv	chr5_119220086-119220275	GACAGCGAAACCTGGGGCAT	18	-	7201
PRNP-75204-1-F-600dpi_S1.allele.edit.tsv	chr5_123457646-123457835	GGCAGCTATACCTGGGGTAG	23	+	8889
PRNP-75204-1-F-600dpi_S1.allele.edit.tsv	chr9_102992936-102993147	GGCAGCTGATACCCAGAGGG	10	-	5389
PRNP-75204-1-F-600dpi_S1.allele.edit.tsv	chr9_118758414-118758609	CCCAGCCGAAGCCCGGGGAA	75	+	13081
PRNP-75204-1-F-600dpi_S1.allele.edit.tsv	chr9_46466622-46466793	TGCAGCCGGAACCTGAGGCA	10	+	3683
PRNP-75204-1-F-600dpi_S1.allele.edit.tsv	chr11_103829451-103829633	GGCAGCCTACACCCAGGGGA	40	+	10771
PRNP-75204-1-F-600dpi_S1.allele.edit.tsv	chr7_143405677-143405856	TGCAGCCCACACCCGAGGCA	14	+	3222
PRNP-75204-1-F-600dpi_S1.allele.edit.tsv	chr11_52420389-52420626	TACAGCCGTCACCCGGGTCA	29	-	5740
PRNP-75204-1-F-600dpi_S1.allele.edit.tsv	chr13_49075601-49075797	GGAAGCCGAGACCTGAGGCA	25	-	7226
PRNP-75204-1-F-600dpi_S1.allele.edit.tsv	chr1_87930560-87930770	GGAAGCAGATACCCAGGACA	12	-	5804
PRNP-75204-1-F-600dpi_S1.allele.edit.tsv	chr2_124605016-124605260	AGCAGCAGATACCCAAGGCA	30	+	8385
PRNP-75204-1-F-600dpi_S1.allele.edit.tsv	chr13_19925284-19925460	GCCAGCTGATACTCAGGACT	57	-	19381
PRNP-75204-1-F-600dpi_S1.allele.edit.tsv	chr18_4708989-4709206	GGAGGCAGATACCTGGGCCA	11	+	4530
PRNP-75204-1-F-600dpi_S1.allele.edit.tsv	chr6_136264046-136264277	GGCAGCTAAACCCGGGGCCT	41	-	7643
PRNP-75204-1-F-600dpi_S1.allele.edit.tsv	chr8_119830749-119830913	AGCAGCCAGTCCCCAGGACA	107	+	20051
PRNP-75204-1-F-600dpi_S1.allele.edit.tsv	chr8_123949261-123949433	CGGCGCCGAGACTCGGGGCA	0	+	3
PRNP-75204-1-F-600dpi_S1.allele.edit.tsv	chr8_88987876-88988052	AGCAGCAGATACCTTGGGCA	25	+	10686
PRNP-75204-1-F-600dpi_S1.allele.edit.tsv	chr9_18834538-18834779	ACTAGCCCATCCCCGGGGCA	15	-	4227
PRNP-75204-1-F-600dpi_S1.allele.edit.tsv	chr9_78028346-78028570	AGAAGCCGGTACCAGGGACT	3	+	1249
PRNP-75204-1-F-600dpi_S1.allele.edit.tsv	chr11_30184706-30184927	GGCAGCCATACCCAGGGAAG	33	+	8380
PRNP-75204-1-F-600dpi_S1.allele.edit.tsv	chr12_36373321-36373487	AGCAGCCCAGACCAGGGGCA	0	File not exist	0
PRNP-75204-1-F-600dpi_S1.allele.edit.tsv	chr1_74587666-74587826	GGCAGCGGATACCCGGGCGG	57	+	12144
PRNP-75204-1-F-600dpi_S1.allele.edit.tsv	chr3_130617464-130617687	GACCTCCGATACCCAGGGCA	13	+	4156
PRNP-75204-1-F-600dpi_S1.allele.edit.tsv	chr10_79720035-79720254	AGCAGCGGATACCTGAGGAA	6	+	3697
PRNP-75204-1-F-600dpi_S1.allele.edit.tsv	chr11_113573551-113573732	TGCAACCCATACCCGGGGCC	55	+	9225
PRNP-75204-1-F-600dpi_S1.allele.edit.tsv	chr14_121266229-121266428	TGCTGCAGAGACCCGGGGCA	22	+	5594
PRNP-75204-1-F-600dpi_S1.allele.edit.tsv	chr15_31592214-31592380	AACAGTCAATCCCCAGGGCA	51	+	10536
PRNP-75204-1-F-600dpi_S1.allele.edit.tsv	chr8_41583648-41583813	AGCAGCCAATCCCTGGGACA	39	-	8135
PRNP-76261-3-M-600dpi_S2.allele.edit.tsv	Sample	gRNA	#Reads	strand	denominator
PRNP-76261-3-M-600dpi_S2.allele.edit.tsv	AMPLICON_NAME	input_gRNA	0	File not exist	0
PRNP-76261-3-M-600dpi_S2.allele.edit.tsv	chr1_188866703-188866860	GTCAGCCGAAACCAGAGACA	93	+	20960
PRNP-76261-3-M-600dpi_S2.allele.edit.tsv	chr7_133222940-133223156	GGTAGCCTATACCAAGGACA	33	+	10411
PRNP-76261-3-M-600dpi_S2.allele.edit.tsv	chr16_38605005-38605248	GGAAGTCAATACCCAGGGCA	11	-	3907
PRNP-76261-3-M-600dpi_S2.allele.edit.tsv	chr2_153968156-153968323	GTCAGCCCATACCTGGGGAC	1	-	218
PRNP-76261-3-M-600dpi_S2.allele.edit.tsv	chr4_85947221-85947405	TGCAGCCTACACCCAGGGCA	45	+	5949
PRNP-76261-3-M-600dpi_S2.allele.edit.tsv	chr17_22031830-22032058	AGCAGCAGACACTCGGGGTA	600	-	6479
PRNP-76261-3-M-600dpi_S2.allele.edit.tsv	chr17_9514356-9514526	AGCAGCTGATCCCTGGGGCA	45	+	10501
PRNP-76261-3-M-600dpi_S2.allele.edit.tsv	chr4_138605179-138605335	GGCAGTTGACACCCGGGGCT	24	+	8021
PRNP-76261-3-M-600dpi_S2.allele.edit.tsv	chr6_29199260-29199502	AGCAGCAGACACCCGAGGCG	2	+	10
PRNP-76261-3-M-600dpi_S2.allele.edit.tsv	chr4_152306772-152307012	CGCAGCAGATACCTAAGGCA	28	-	6909
PRNP-76261-3-M-600dpi_S2.allele.edit.tsv	chr5_92349481-92349710	GGCAGCAGATACCTGGGACC	56	+	10135
PRNP-76261-3-M-600dpi_S2.allele.edit.tsv	chr4_132720742-132720915	CACAGCCGACATCTGGGGCA	19	+	5280
PRNP-76261-3-M-600dpi_S2.allele.edit.tsv	chr14_30163835-30164015	CAGAGCCGATACCTGAGGCA	39	+	7270
PRNP-76261-3-M-600dpi_S2.allele.edit.tsv	chr10_6119668-6119902	GGCAGCAGGTACCCAAGGCA	9	-	3254
PRNP-76261-3-M-600dpi_S2.allele.edit.tsv	chr10_43494250-43494415	GGCGGCTGATACCCGAGGTA	12	+	2593
PRNP-76261-3-M-600dpi_S2.allele.edit.tsv	chr6_127307909-127308102	GGTAGCAGATACCCAGAGGC	26	-	8397
PRNP-76261-3-M-600dpi_S2.allele.edit.tsv	chr9_36581513-36581754	ACCAGCCAATACCAGGGGAA	27	+	4921
PRNP-76261-3-M-600dpi_S2.allele.edit.tsv	chr16_84703297-84703532	GGCAGCCGCGGCCCGGGACA	0	File not exist	0
PRNP-76261-3-M-600dpi_S2.allele.edit.tsv	chr17_26188237-26188450	GTCAGACAATACCCGGGCCA	44	+	9808
PRNP-76261-3-M-600dpi_S2.allele.edit.tsv	chr15_76511545-76511714	TCCAGCCCATACCCGGGACA	2	-	262
PRNP-76261-3-M-600dpi_S2.allele.edit.tsv	chr2_116601032-116601271	GACAGCCATTACTCAGGACA	25	-	8252
PRNP-76261-3-M-600dpi_S2.allele.edit.tsv	chr5_28083542-28083704	AGCAGCCAAAACCCAGGGCA	7	+	3064
PRNP-76261-3-M-600dpi_S2.allele.edit.tsv	chr4_53567961-53568166	GGCAGCCCATAGCCAGGACA	59	-	12806
PRNP-76261-3-M-600dpi_S2.allele.edit.tsv	chr3_66197543-66197786	GGGAGCCGATACCAAGGACA	33	+	6151
PRNP-76261-3-M-600dpi_S2.allele.edit.tsv	chr18_75680478-75680698	AGTAGCCAATACCAGGGGGA	21	+	8663
PRNP-76261-3-M-600dpi_S2.allele.edit.tsv	chr2_102213624-102213815	GACAGTGGATACCCAGGCCA	45	+	15884
PRNP-76261-3-M-600dpi_S2.allele.edit.tsv	chr7_47704271-47704434	AGCAACAGATACCAGAGGCA	3	-	1486
PRNP-76261-3-M-600dpi_S2.allele.edit.tsv	chr16_94493928-94494090	GACAGCCAATACCTGGGGCA	8	-	4059
PRNP-76261-3-M-600dpi_S2.allele.edit.tsv	chr4_114264418-114264587	TGGAGCCGAAACCCGGGACG	59	+	10387
PRNP-76261-3-M-600dpi_S2.allele.edit.tsv	chr15_12232312-12232478	GGCAGCCGAAAGCTGGGGCA	18	+	4467
PRNP-76261-3-M-600dpi_S2.allele.edit.tsv	chr6_133859819-133860012	GGCAGCCTATATCTAGGACA	10	+	4261
PRNP-76261-3-M-600dpi_S2.allele.edit.tsv	chr17_83028137-83028343	CTGAGCTGATACCTGGGGCA	26	+	7249
PRNP-76261-3-M-600dpi_S2.allele.edit.tsv	chr1_126739568-126739734	GGCAGCAGATCCCTGGGGCT	54	+	14773
PRNP-76261-3-M-600dpi_S2.allele.edit.tsv	chr12_100442589-100442788	AGCAGCAGGTACCTGGGGCA	17	-	8861
PRNP-76261-3-M-600dpi_S2.allele.edit.tsv	chr18_25527919-25528162	GGCAGCAGATACTCAGGGCA	11	+	3924
PRNP-76261-3-M-600dpi_S2.allele.edit.tsv	chr14_66727709-66727933	CCTGGCCGATCCCTGGGGCA	43	-	6590
PRNP-76261-3-M-600dpi_S2.allele.edit.tsv	chr8_94889916-94890149	GGCAGCCCACACCCGGGGCT	32	+	6175
PRNP-76261-3-M-600dpi_S2.allele.edit.tsv	chr13_101231637-101231880	GTCAGCCAAAATCCGGGGCA	47	+	14283
PRNP-76261-3-M-600dpi_S2.allele.edit.tsv	chr10_50895127-50895356	GGCAGCCGGAGTCCGGGGCA	10	+	1457
PRNP-76261-3-M-600dpi_S2.allele.edit.tsv	chrX_13448114-13448287	GTCAGTCAATACCTGGGACT	16	+	5797
PRNP-76261-3-M-600dpi_S2.allele.edit.tsv	chr5_67214627-67214846	GGCAGCCGCTACCAGGGTTA	26	+	6705
PRNP-76261-3-M-600dpi_S2.allele.edit.tsv	chr13_57485880-57486118	TGAAGCAGATTCCCGGGGCA	31	-	6158
PRNP-76261-3-M-600dpi_S2.allele.edit.tsv	chr9_58436125-58436357	GACAGCCAGTACCCAGGGCA	34	-	8172
PRNP-76261-3-M-600dpi_S2.allele.edit.tsv	chr5_27480436-27480617	GGCAGGGATACCCAGGCCAG	57	-	16140
PRNP-76261-3-M-600dpi_S2.allele.edit.tsv	chr7_111704209-111704381	GGCAGCAGATCCAGGGGCAG	39	-	10730
PRNP-76261-3-M-600dpi_S2.allele.edit.tsv	chr11_53055472-53055684	GGCAGCCAGCACCCAGGGCA	55	+	9423
PRNP-76261-3-M-600dpi_S2.allele.edit.tsv	chr10_13306458-13306639	GGCAGCCAATTCCCAGGGCC	38	+	9567
PRNP-76261-3-M-600dpi_S2.allele.edit.tsv	chr15_18445087-18445268	TGGTGCCGAAACCCGGGACC	39	+	2503
PRNP-76261-3-M-600dpi_S2.allele.edit.tsv	chr16_10865109-10865273	AGCAGCCATACTCAGGGCAT	2	-	1792
PRNP-76261-3-M-600dpi_S2.allele.edit.tsv	chr1_71610094-71610322	AGGAGCTGATACCCGGGGCC	14	-	3638
PRNP-76261-3-M-600dpi_S2.allele.edit.tsv	chr5_105817455-105817620	GGCAGCAGATGCCTGGGGCA	16	-	6195
PRNP-76261-3-M-600dpi_S2.allele.edit.tsv	chr6_121049177-121049406	GGCAGCAGAACCCGAGGCAG	0	-	2
PRNP-76261-3-M-600dpi_S2.allele.edit.tsv	chr4_129686058-129686303	AGAAACCAATACCTGGGGCA	10	-	3533
PRNP-76261-3-M-600dpi_S2.allele.edit.tsv	chr12_111466032-111466188	AGTAGCCGGTACCTGGGGCT	41	+	9960
PRNP-76261-3-M-600dpi_S2.allele.edit.tsv	chr8_103143317-103143556	TGCAACTGATACCCAGGGCA	24	-	6977
PRNP-76261-3-M-600dpi_S2.allele.edit.tsv	chr11_5261227-5261385	AGAAGCCGGCACTCGGGGCA	0	+	372
PRNP-76261-3-M-600dpi_S2.allele.edit.tsv	chr8_103485362-103485601	ACAAGCCAATACCCGAAGCA	29	+	8362
PRNP-76261-3-M-600dpi_S2.allele.edit.tsv	chr8_126188646-126188887	CTCAGTCGATACCTGGGGGA	18	+	6391
PRNP-76261-3-M-600dpi_S2.allele.edit.tsv	chr3_99181763-99181992	GATGGCCGATACCTGAGGCA	0	-	97
PRNP-76261-3-M-600dpi_S2.allele.edit.tsv	chrX_99470598-99470773	AGGAGCCGAGACCCGGAGCA	1	-	18
PRNP-76261-3-M-600dpi_S2.allele.edit.tsv	chr15_96911609-96911784	TCCAGCCAACACCTGGGGCA	0	File not exist	0
PRNP-76261-3-M-600dpi_S2.allele.edit.tsv	chr2_32372437-32372644	GCCAGCAGGTACTCAGGGCA	17	+	4973
PRNP-76261-3-M-600dpi_S2.allele.edit.tsv	chr5_136040022-136040183	GGCAGCTGATCCAGGGACAG	12	-	3330
PRNP-76261-3-M-600dpi_S2.allele.edit.tsv	chr11_71871185-71871353	CCAAGCCGACACCAGAGGCA	88	+	14292
PRNP-76261-3-M-600dpi_S2.allele.edit.tsv	chr13_114845677-114845838	AGCAGCTGATACCCTAGGGC	51	-	14619
PRNP-76261-3-M-600dpi_S2.allele.edit.tsv	chr10_78069841-78070066	GCCAGCTGATACCCAGTGCA	6	+	658
PRNP-76261-3-M-600dpi_S2.allele.edit.tsv	chr15_102144498-102144674	GGCAGCCCATCCCAGGTCAT	4	-	676
PRNP-76261-3-M-600dpi_S2.allele.edit.tsv	chr18_29058614-29058859	AGCAGCAGATACCTGAGACA	16	-	4475
PRNP-76261-3-M-600dpi_S2.allele.edit.tsv	chr3_144419940-144420160	TACAGCATATACCAGGGGCA	11	+	3912
PRNP-76261-3-M-600dpi_S2.allele.edit.tsv	chr5_119220086-119220275	GACAGCGAAACCTGGGGCAT	13	-	6942
PRNP-76261-3-M-600dpi_S2.allele.edit.tsv	chr5_123457646-123457835	GGCAGCTATACCTGGGGTAG	12	+	9452
PRNP-76261-3-M-600dpi_S2.allele.edit.tsv	chr9_102992936-102993147	GGCAGCTGATACCCAGAGGG	17	-	6439
PRNP-76261-3-M-600dpi_S2.allele.edit.tsv	chr9_118758414-118758609	CCCAGCCGAAGCCCGGGGAA	68	+	13318
PRNP-76261-3-M-600dpi_S2.allele.edit.tsv	chr9_46466622-46466793	TGCAGCCGGAACCTGAGGCA	14	+	3161
PRNP-76261-3-M-600dpi_S2.allele.edit.tsv	chr11_103829451-103829633	GGCAGCCTACACCCAGGGGA	33	+	10099
PRNP-76261-3-M-600dpi_S2.allele.edit.tsv	chr7_143405677-143405856	TGCAGCCCACACCCGAGGCA	16	+	3509
PRNP-76261-3-M-600dpi_S2.allele.edit.tsv	chr11_52420389-52420626	TACAGCCGTCACCCGGGTCA	33	-	6317
PRNP-76261-3-M-600dpi_S2.allele.edit.tsv	chr13_49075601-49075797	GGAAGCCGAGACCTGAGGCA	32	-	8010
PRNP-76261-3-M-600dpi_S2.allele.edit.tsv	chr1_87930560-87930770	GGAAGCAGATACCCAGGACA	21	-	5895
PRNP-76261-3-M-600dpi_S2.allele.edit.tsv	chr2_124605016-124605260	AGCAGCAGATACCCAAGGCA	35	+	8913
PRNP-76261-3-M-600dpi_S2.allele.edit.tsv	chr13_19925284-19925460	GCCAGCTGATACTCAGGACT	58	-	17891
PRNP-76261-3-M-600dpi_S2.allele.edit.tsv	chr18_4708989-4709206	GGAGGCAGATACCTGGGCCA	12	+	4297
PRNP-76261-3-M-600dpi_S2.allele.edit.tsv	chr6_136264046-136264277	GGCAGCTAAACCCGGGGCCT	24	-	7748
PRNP-76261-3-M-600dpi_S2.allele.edit.tsv	chr8_119830749-119830913	AGCAGCCAGTCCCCAGGACA	112	+	21469
PRNP-76261-3-M-600dpi_S2.allele.edit.tsv	chr8_123949261-123949433	CGGCGCCGAGACTCGGGGCA	0	+	1
PRNP-76261-3-M-600dpi_S2.allele.edit.tsv	chr8_88987876-88988052	AGCAGCAGATACCTTGGGCA	33	+	10098
PRNP-76261-3-M-600dpi_S2.allele.edit.tsv	chr9_18834538-18834779	ACTAGCCCATCCCCGGGGCA	25	-	4735
PRNP-76261-3-M-600dpi_S2.allele.edit.tsv	chr9_78028346-78028570	AGAAGCCGGTACCAGGGACT	2	+	1190
PRNP-76261-3-M-600dpi_S2.allele.edit.tsv	chr11_30184706-30184927	GGCAGCCATACCCAGGGAAG	27	+	8287
PRNP-76261-3-M-600dpi_S2.allele.edit.tsv	chr12_36373321-36373487	AGCAGCCCAGACCAGGGGCA	0	File not exist	0
PRNP-76261-3-M-600dpi_S2.allele.edit.tsv	chr1_74587666-74587826	GGCAGCGGATACCCGGGCGG	36	+	11994
PRNP-76261-3-M-600dpi_S2.allele.edit.tsv	chr3_130617464-130617687	GACCTCCGATACCCAGGGCA	30	+	4592
PRNP-76261-3-M-600dpi_S2.allele.edit.tsv	chr10_79720035-79720254	AGCAGCGGATACCTGAGGAA	10	+	3872
PRNP-76261-3-M-600dpi_S2.allele.edit.tsv	chr11_113573551-113573732	TGCAACCCATACCCGGGGCC	61	+	8794
PRNP-76261-3-M-600dpi_S2.allele.edit.tsv	chr14_121266229-121266428	TGCTGCAGAGACCCGGGGCA	21	+	5511
PRNP-76261-3-M-600dpi_S2.allele.edit.tsv	chr15_31592214-31592380	AACAGTCAATCCCCAGGGCA	49	+	9749
PRNP-76261-3-M-600dpi_S2.allele.edit.tsv	chr8_41583648-41583813	AGCAGCCAATCCCTGGGACA	33	-	7031
PRNP-78546-2-M-600dpi_S3.allele.edit.tsv	Sample	gRNA	#Reads	strand	denominator
PRNP-78546-2-M-600dpi_S3.allele.edit.tsv	AMPLICON_NAME	input_gRNA	0	File not exist	0
PRNP-78546-2-M-600dpi_S3.allele.edit.tsv	chr1_188866703-188866860	GTCAGCCGAAACCAGAGACA	92	+	24466
PRNP-78546-2-M-600dpi_S3.allele.edit.tsv	chr7_133222940-133223156	GGTAGCCTATACCAAGGACA	34	+	10665
PRNP-78546-2-M-600dpi_S3.allele.edit.tsv	chr16_38605005-38605248	GGAAGTCAATACCCAGGGCA	15	-	3872
PRNP-78546-2-M-600dpi_S3.allele.edit.tsv	chr2_153968156-153968323	GTCAGCCCATACCTGGGGAC	1	-	257
PRNP-78546-2-M-600dpi_S3.allele.edit.tsv	chr4_85947221-85947405	TGCAGCCTACACCCAGGGCA	32	+	6483
PRNP-78546-2-M-600dpi_S3.allele.edit.tsv	chr17_22031830-22032058	AGCAGCAGACACTCGGGGTA	673	-	5929
PRNP-78546-2-M-600dpi_S3.allele.edit.tsv	chr17_9514356-9514526	AGCAGCTGATCCCTGGGGCA	53	+	12752
PRNP-78546-2-M-600dpi_S3.allele.edit.tsv	chr4_138605179-138605335	GGCAGTTGACACCCGGGGCT	45	+	9617
PRNP-78546-2-M-600dpi_S3.allele.edit.tsv	chr6_29199260-29199502	AGCAGCAGACACCCGAGGCG	3	+	15
PRNP-78546-2-M-600dpi_S3.allele.edit.tsv	chr4_152306772-152307012	CGCAGCAGATACCTAAGGCA	25	-	6379
PRNP-78546-2-M-600dpi_S3.allele.edit.tsv	chr5_92349481-92349710	GGCAGCAGATACCTGGGACC	39	+	10233
PRNP-78546-2-M-600dpi_S3.allele.edit.tsv	chr4_132720742-132720915	CACAGCCGACATCTGGGGCA	35	+	6204
PRNP-78546-2-M-600dpi_S3.allele.edit.tsv	chr14_30163835-30164015	CAGAGCCGATACCTGAGGCA	31	+	6663
PRNP-78546-2-M-600dpi_S3.allele.edit.tsv	chr10_6119668-6119902	GGCAGCAGGTACCCAAGGCA	11	-	3420
PRNP-78546-2-M-600dpi_S3.allele.edit.tsv	chr10_43494250-43494415	GGCGGCTGATACCCGAGGTA	10	+	3106
PRNP-78546-2-M-600dpi_S3.allele.edit.tsv	chr6_127307909-127308102	GGTAGCAGATACCCAGAGGC	22	-	8675
PRNP-78546-2-M-600dpi_S3.allele.edit.tsv	chr9_36581513-36581754	ACCAGCCAATACCAGGGGAA	22	+	5083
PRNP-78546-2-M-600dpi_S3.allele.edit.tsv	chr16_84703297-84703532	GGCAGCCGCGGCCCGGGACA	0	File not exist	0
PRNP-78546-2-M-600dpi_S3.allele.edit.tsv	chr17_26188237-26188450	GTCAGACAATACCCGGGCCA	36	+	9697
PRNP-78546-2-M-600dpi_S3.allele.edit.tsv	chr15_76511545-76511714	TCCAGCCCATACCCGGGACA	0	File not exist	0
PRNP-78546-2-M-600dpi_S3.allele.edit.tsv	chr2_116601032-116601271	GACAGCCATTACTCAGGACA	29	-	8772
PRNP-78546-2-M-600dpi_S3.allele.edit.tsv	chr5_28083542-28083704	AGCAGCCAAAACCCAGGGCA	13	+	3345
PRNP-78546-2-M-600dpi_S3.allele.edit.tsv	chr4_53567961-53568166	GGCAGCCCATAGCCAGGACA	61	-	12612
PRNP-78546-2-M-600dpi_S3.allele.edit.tsv	chr3_66197543-66197786	GGGAGCCGATACCAAGGACA	35	+	6432
PRNP-78546-2-M-600dpi_S3.allele.edit.tsv	chr18_75680478-75680698	AGTAGCCAATACCAGGGGGA	18	+	8566
PRNP-78546-2-M-600dpi_S3.allele.edit.tsv	chr2_102213624-102213815	GACAGTGGATACCCAGGCCA	71	+	17540
PRNP-78546-2-M-600dpi_S3.allele.edit.tsv	chr7_47704271-47704434	AGCAACAGATACCAGAGGCA	7	-	1519
PRNP-78546-2-M-600dpi_S3.allele.edit.tsv	chr16_94493928-94494090	GACAGCCAATACCTGGGGCA	19	-	4320
PRNP-78546-2-M-600dpi_S3.allele.edit.tsv	chr4_114264418-114264587	TGGAGCCGAAACCCGGGACG	95	+	11704
PRNP-78546-2-M-600dpi_S3.allele.edit.tsv	chr15_12232312-12232478	GGCAGCCGAAAGCTGGGGCA	21	+	5296
PRNP-78546-2-M-600dpi_S3.allele.edit.tsv	chr6_133859819-133860012	GGCAGCCTATATCTAGGACA	13	+	4532
PRNP-78546-2-M-600dpi_S3.allele.edit.tsv	chr17_83028137-83028343	CTGAGCTGATACCTGGGGCA	28	+	7024
PRNP-78546-2-M-600dpi_S3.allele.edit.tsv	chr1_126739568-126739734	GGCAGCAGATCCCTGGGGCT	77	+	17125
PRNP-78546-2-M-600dpi_S3.allele.edit.tsv	chr12_100442589-100442788	AGCAGCAGGTACCTGGGGCA	39	-	9732
PRNP-78546-2-M-600dpi_S3.allele.edit.tsv	chr18_25527919-25528162	GGCAGCAGATACTCAGGGCA	12	+	3486
PRNP-78546-2-M-600dpi_S3.allele.edit.tsv	chr14_66727709-66727933	CCTGGCCGATCCCTGGGGCA	40	-	6663
PRNP-78546-2-M-600dpi_S3.allele.edit.tsv	chr8_94889916-94890149	GGCAGCCCACACCCGGGGCT	30	+	6460
PRNP-78546-2-M-600dpi_S3.allele.edit.tsv	chr13_101231637-101231880	GTCAGCCAAAATCCGGGGCA	43	+	13887
PRNP-78546-2-M-600dpi_S3.allele.edit.tsv	chr10_50895127-50895356	GGCAGCCGGAGTCCGGGGCA	3	+	530
PRNP-78546-2-M-600dpi_S3.allele.edit.tsv	chrX_13448114-13448287	GTCAGTCAATACCTGGGACT	17	+	6400
PRNP-78546-2-M-600dpi_S3.allele.edit.tsv	chr5_67214627-67214846	GGCAGCCGCTACCAGGGTTA	33	+	7596
PRNP-78546-2-M-600dpi_S3.allele.edit.tsv	chr13_57485880-57486118	TGAAGCAGATTCCCGGGGCA	22	-	6151
PRNP-78546-2-M-600dpi_S3.allele.edit.tsv	chr9_58436125-58436357	GACAGCCAGTACCCAGGGCA	46	-	8145
PRNP-78546-2-M-600dpi_S3.allele.edit.tsv	chr5_27480436-27480617	GGCAGGGATACCCAGGCCAG	80	-	17307
PRNP-78546-2-M-600dpi_S3.allele.edit.tsv	chr7_111704209-111704381	GGCAGCAGATCCAGGGGCAG	43	-	11463
PRNP-78546-2-M-600dpi_S3.allele.edit.tsv	chr11_53055472-53055684	GGCAGCCAGCACCCAGGGCA	55	+	9211
PRNP-78546-2-M-600dpi_S3.allele.edit.tsv	chr10_13306458-13306639	GGCAGCCAATTCCCAGGGCC	45	+	10752
PRNP-78546-2-M-600dpi_S3.allele.edit.tsv	chr15_18445087-18445268	TGGTGCCGAAACCCGGGACC	90	+	2807
PRNP-78546-2-M-600dpi_S3.allele.edit.tsv	chr16_10865109-10865273	AGCAGCCATACTCAGGGCAT	9	-	2172
PRNP-78546-2-M-600dpi_S3.allele.edit.tsv	chr1_71610094-71610322	AGGAGCTGATACCCGGGGCC	18	-	3348
PRNP-78546-2-M-600dpi_S3.allele.edit.tsv	chr5_105817455-105817620	GGCAGCAGATGCCTGGGGCA	24	-	7272
PRNP-78546-2-M-600dpi_S3.allele.edit.tsv	chr6_121049177-121049406	GGCAGCAGAACCCGAGGCAG	0	File not exist	0
PRNP-78546-2-M-600dpi_S3.allele.edit.tsv	chr4_129686058-129686303	AGAAACCAATACCTGGGGCA	6	-	3577
PRNP-78546-2-M-600dpi_S3.allele.edit.tsv	chr12_111466032-111466188	AGTAGCCGGTACCTGGGGCT	37	+	11044
PRNP-78546-2-M-600dpi_S3.allele.edit.tsv	chr8_103143317-103143556	TGCAACTGATACCCAGGGCA	31	-	7404
PRNP-78546-2-M-600dpi_S3.allele.edit.tsv	chr11_5261227-5261385	AGAAGCCGGCACTCGGGGCA	2	+	545
PRNP-78546-2-M-600dpi_S3.allele.edit.tsv	chr8_103485362-103485601	ACAAGCCAATACCCGAAGCA	32	+	8401
PRNP-78546-2-M-600dpi_S3.allele.edit.tsv	chr8_126188646-126188887	CTCAGTCGATACCTGGGGGA	30	+	6548
PRNP-78546-2-M-600dpi_S3.allele.edit.tsv	chr3_99181763-99181992	GATGGCCGATACCTGAGGCA	0	-	81
PRNP-78546-2-M-600dpi_S3.allele.edit.tsv	chrX_99470598-99470773	AGGAGCCGAGACCCGGAGCA	0	-	21
PRNP-78546-2-M-600dpi_S3.allele.edit.tsv	chr15_96911609-96911784	TCCAGCCAACACCTGGGGCA	0	+	173
PRNP-78546-2-M-600dpi_S3.allele.edit.tsv	chr2_32372437-32372644	GCCAGCAGGTACTCAGGGCA	32	+	5431
PRNP-78546-2-M-600dpi_S3.allele.edit.tsv	chr5_136040022-136040183	GGCAGCTGATCCAGGGACAG	13	-	4431
PRNP-78546-2-M-600dpi_S3.allele.edit.tsv	chr11_71871185-71871353	CCAAGCCGACACCAGAGGCA	98	+	16633
PRNP-78546-2-M-600dpi_S3.allele.edit.tsv	chr13_114845677-114845838	AGCAGCTGATACCCTAGGGC	63	-	16963
PRNP-78546-2-M-600dpi_S3.allele.edit.tsv	chr10_78069841-78070066	GCCAGCTGATACCCAGTGCA	1	+	625
PRNP-78546-2-M-600dpi_S3.allele.edit.tsv	chr15_102144498-102144674	GGCAGCCCATCCCAGGTCAT	5	-	897
PRNP-78546-2-M-600dpi_S3.allele.edit.tsv	chr18_29058614-29058859	AGCAGCAGATACCTGAGACA	13	-	4698
PRNP-78546-2-M-600dpi_S3.allele.edit.tsv	chr3_144419940-144420160	TACAGCATATACCAGGGGCA	8	+	4371
PRNP-78546-2-M-600dpi_S3.allele.edit.tsv	chr5_119220086-119220275	GACAGCGAAACCTGGGGCAT	26	-	7826
PRNP-78546-2-M-600dpi_S3.allele.edit.tsv	chr5_123457646-123457835	GGCAGCTATACCTGGGGTAG	20	+	10428
PRNP-78546-2-M-600dpi_S3.allele.edit.tsv	chr9_102992936-102993147	GGCAGCTGATACCCAGAGGG	17	-	5836
PRNP-78546-2-M-600dpi_S3.allele.edit.tsv	chr9_118758414-118758609	CCCAGCCGAAGCCCGGGGAA	73	+	13956
PRNP-78546-2-M-600dpi_S3.allele.edit.tsv	chr9_46466622-46466793	TGCAGCCGGAACCTGAGGCA	14	+	4024
PRNP-78546-2-M-600dpi_S3.allele.edit.tsv	chr11_103829451-103829633	GGCAGCCTACACCCAGGGGA	41	+	11380
PRNP-78546-2-M-600dpi_S3.allele.edit.tsv	chr7_143405677-143405856	TGCAGCCCACACCCGAGGCA	22	+	3784
PRNP-78546-2-M-600dpi_S3.allele.edit.tsv	chr11_52420389-52420626	TACAGCCGTCACCCGGGTCA	46	-	6423
PRNP-78546-2-M-600dpi_S3.allele.edit.tsv	chr13_49075601-49075797	GGAAGCCGAGACCTGAGGCA	35	-	8082
PRNP-78546-2-M-600dpi_S3.allele.edit.tsv	chr1_87930560-87930770	GGAAGCAGATACCCAGGACA	13	-	5387
PRNP-78546-2-M-600dpi_S3.allele.edit.tsv	chr2_124605016-124605260	AGCAGCAGATACCCAAGGCA	30	+	8744
PRNP-78546-2-M-600dpi_S3.allele.edit.tsv	chr13_19925284-19925460	GCCAGCTGATACTCAGGACT	79	-	19855
PRNP-78546-2-M-600dpi_S3.allele.edit.tsv	chr18_4708989-4709206	GGAGGCAGATACCTGGGCCA	11	+	4278
PRNP-78546-2-M-600dpi_S3.allele.edit.tsv	chr6_136264046-136264277	GGCAGCTAAACCCGGGGCCT	44	-	7970
PRNP-78546-2-M-600dpi_S3.allele.edit.tsv	chr8_119830749-119830913	AGCAGCCAGTCCCCAGGACA	118	+	22645
PRNP-78546-2-M-600dpi_S3.allele.edit.tsv	chr8_123949261-123949433	CGGCGCCGAGACTCGGGGCA	0	+	8
PRNP-78546-2-M-600dpi_S3.allele.edit.tsv	chr8_88987876-88988052	AGCAGCAGATACCTTGGGCA	34	+	10721
PRNP-78546-2-M-600dpi_S3.allele.edit.tsv	chr9_18834538-18834779	ACTAGCCCATCCCCGGGGCA	27	-	4936
PRNP-78546-2-M-600dpi_S3.allele.edit.tsv	chr9_78028346-78028570	AGAAGCCGGTACCAGGGACT	3	+	1426
PRNP-78546-2-M-600dpi_S3.allele.edit.tsv	chr11_30184706-30184927	GGCAGCCATACCCAGGGAAG	28	+	8475
PRNP-78546-2-M-600dpi_S3.allele.edit.tsv	chr12_36373321-36373487	AGCAGCCCAGACCAGGGGCA	0	File not exist	0
PRNP-78546-2-M-600dpi_S3.allele.edit.tsv	chr1_74587666-74587826	GGCAGCGGATACCCGGGCGG	50	+	11885
PRNP-78546-2-M-600dpi_S3.allele.edit.tsv	chr3_130617464-130617687	GACCTCCGATACCCAGGGCA	21	+	4441
PRNP-78546-2-M-600dpi_S3.allele.edit.tsv	chr10_79720035-79720254	AGCAGCGGATACCTGAGGAA	13	+	4652
PRNP-78546-2-M-600dpi_S3.allele.edit.tsv	chr11_113573551-113573732	TGCAACCCATACCCGGGGCC	64	+	9767
PRNP-78546-2-M-600dpi_S3.allele.edit.tsv	chr14_121266229-121266428	TGCTGCAGAGACCCGGGGCA	27	+	6005
PRNP-78546-2-M-600dpi_S3.allele.edit.tsv	chr15_31592214-31592380	AACAGTCAATCCCCAGGGCA	43	+	10189
PRNP-78546-2-M-600dpi_S3.allele.edit.tsv	chr8_41583648-41583813	AGCAGCCAATCCCTGGGACA	30	-	8973
PRNP-88849-3-M-600dpi_S4.allele.edit.tsv	Sample	gRNA	#Reads	strand	denominator
PRNP-88849-3-M-600dpi_S4.allele.edit.tsv	AMPLICON_NAME	input_gRNA	0	File not exist	0
PRNP-88849-3-M-600dpi_S4.allele.edit.tsv	chr1_188866703-188866860	GTCAGCCGAAACCAGAGACA	113	+	21844
PRNP-88849-3-M-600dpi_S4.allele.edit.tsv	chr7_133222940-133223156	GGTAGCCTATACCAAGGACA	20	+	10088
PRNP-88849-3-M-600dpi_S4.allele.edit.tsv	chr16_38605005-38605248	GGAAGTCAATACCCAGGGCA	6	-	3741
PRNP-88849-3-M-600dpi_S4.allele.edit.tsv	chr2_153968156-153968323	GTCAGCCCATACCTGGGGAC	2	-	236
PRNP-88849-3-M-600dpi_S4.allele.edit.tsv	chr4_85947221-85947405	TGCAGCCTACACCCAGGGCA	40	+	6020
PRNP-88849-3-M-600dpi_S4.allele.edit.tsv	chr17_22031830-22032058	AGCAGCAGACACTCGGGGTA	620	-	5427
PRNP-88849-3-M-600dpi_S4.allele.edit.tsv	chr17_9514356-9514526	AGCAGCTGATCCCTGGGGCA	55	+	11340
PRNP-88849-3-M-600dpi_S4.allele.edit.tsv	chr4_138605179-138605335	GGCAGTTGACACCCGGGGCT	31	+	7703
PRNP-88849-3-M-600dpi_S4.allele.edit.tsv	chr6_29199260-29199502	AGCAGCAGACACCCGAGGCG	1	+	11
PRNP-88849-3-M-600dpi_S4.allele.edit.tsv	chr4_152306772-152307012	CGCAGCAGATACCTAAGGCA	34	-	5856
PRNP-88849-3-M-600dpi_S4.allele.edit.tsv	chr5_92349481-92349710	GGCAGCAGATACCTGGGACC	38	+	9668
PRNP-88849-3-M-600dpi_S4.allele.edit.tsv	chr4_132720742-132720915	CACAGCCGACATCTGGGGCA	22	+	5360
PRNP-88849-3-M-600dpi_S4.allele.edit.tsv	chr14_30163835-30164015	CAGAGCCGATACCTGAGGCA	22	+	6615
PRNP-88849-3-M-600dpi_S4.allele.edit.tsv	chr10_6119668-6119902	GGCAGCAGGTACCCAAGGCA	7	-	3405
PRNP-88849-3-M-600dpi_S4.allele.edit.tsv	chr10_43494250-43494415	GGCGGCTGATACCCGAGGTA	7	+	2732
PRNP-88849-3-M-600dpi_S4.allele.edit.tsv	chr6_127307909-127308102	GGTAGCAGATACCCAGAGGC	18	-	8023
PRNP-88849-3-M-600dpi_S4.allele.edit.tsv	chr9_36581513-36581754	ACCAGCCAATACCAGGGGAA	24	+	4832
PRNP-88849-3-M-600dpi_S4.allele.edit.tsv	chr16_84703297-84703532	GGCAGCCGCGGCCCGGGACA	0	File not exist	0
PRNP-88849-3-M-600dpi_S4.allele.edit.tsv	chr17_26188237-26188450	GTCAGACAATACCCGGGCCA	40	+	9278
PRNP-88849-3-M-600dpi_S4.allele.edit.tsv	chr15_76511545-76511714	TCCAGCCCATACCCGGGACA	0	File not exist	0
PRNP-88849-3-M-600dpi_S4.allele.edit.tsv	chr2_116601032-116601271	GACAGCCATTACTCAGGACA	30	-	8639
PRNP-88849-3-M-600dpi_S4.allele.edit.tsv	chr5_28083542-28083704	AGCAGCCAAAACCCAGGGCA	10	+	2804
PRNP-88849-3-M-600dpi_S4.allele.edit.tsv	chr4_53567961-53568166	GGCAGCCCATAGCCAGGACA	56	-	12999
PRNP-88849-3-M-600dpi_S4.allele.edit.tsv	chr3_66197543-66197786	GGGAGCCGATACCAAGGACA	29	+	6425
PRNP-88849-3-M-600dpi_S4.allele.edit.tsv	chr18_75680478-75680698	AGTAGCCAATACCAGGGGGA	23	+	7831
PRNP-88849-3-M-600dpi_S4.allele.edit.tsv	chr2_102213624-102213815	GACAGTGGATACCCAGGCCA	62	+	16265
PRNP-88849-3-M-600dpi_S4.allele.edit.tsv	chr7_47704271-47704434	AGCAACAGATACCAGAGGCA	6	-	1354
PRNP-88849-3-M-600dpi_S4.allele.edit.tsv	chr16_94493928-94494090	GACAGCCAATACCTGGGGCA	16	-	4094
PRNP-88849-3-M-600dpi_S4.allele.edit.tsv	chr4_114264418-114264587	TGGAGCCGAAACCCGGGACG	86	+	9691
PRNP-88849-3-M-600dpi_S4.allele.edit.tsv	chr15_12232312-12232478	GGCAGCCGAAAGCTGGGGCA	10	+	4335
PRNP-88849-3-M-600dpi_S4.allele.edit.tsv	chr6_133859819-133860012	GGCAGCCTATATCTAGGACA	19	+	4007
PRNP-88849-3-M-600dpi_S4.allele.edit.tsv	chr17_83028137-83028343	CTGAGCTGATACCTGGGGCA	28	+	7101
PRNP-88849-3-M-600dpi_S4.allele.edit.tsv	chr1_126739568-126739734	GGCAGCAGATCCCTGGGGCT	53	+	14954
PRNP-88849-3-M-600dpi_S4.allele.edit.tsv	chr12_100442589-100442788	AGCAGCAGGTACCTGGGGCA	32	-	8696
PRNP-88849-3-M-600dpi_S4.allele.edit.tsv	chr18_25527919-25528162	GGCAGCAGATACTCAGGGCA	9	+	3402
PRNP-88849-3-M-600dpi_S4.allele.edit.tsv	chr14_66727709-66727933	CCTGGCCGATCCCTGGGGCA	25	-	6311
PRNP-88849-3-M-600dpi_S4.allele.edit.tsv	chr8_94889916-94890149	GGCAGCCCACACCCGGGGCT	37	+	6131
PRNP-88849-3-M-600dpi_S4.allele.edit.tsv	chr13_101231637-101231880	GTCAGCCAAAATCCGGGGCA	44	+	13384
PRNP-88849-3-M-600dpi_S4.allele.edit.tsv	chr10_50895127-50895356	GGCAGCCGGAGTCCGGGGCA	0	+	106
PRNP-88849-3-M-600dpi_S4.allele.edit.tsv	chrX_13448114-13448287	GTCAGTCAATACCTGGGACT	22	+	5933
PRNP-88849-3-M-600dpi_S4.allele.edit.tsv	chr5_67214627-67214846	GGCAGCCGCTACCAGGGTTA	23	+	6643
PRNP-88849-3-M-600dpi_S4.allele.edit.tsv	chr13_57485880-57486118	TGAAGCAGATTCCCGGGGCA	16	-	5862
PRNP-88849-3-M-600dpi_S4.allele.edit.tsv	chr9_58436125-58436357	GACAGCCAGTACCCAGGGCA	30	-	7759
PRNP-88849-3-M-600dpi_S4.allele.edit.tsv	chr5_27480436-27480617	GGCAGGGATACCCAGGCCAG	62	-	15787
PRNP-88849-3-M-600dpi_S4.allele.edit.tsv	chr7_111704209-111704381	GGCAGCAGATCCAGGGGCAG	41	-	10210
PRNP-88849-3-M-600dpi_S4.allele.edit.tsv	chr11_53055472-53055684	GGCAGCCAGCACCCAGGGCA	41	+	8512
PRNP-88849-3-M-600dpi_S4.allele.edit.tsv	chr10_13306458-13306639	GGCAGCCAATTCCCAGGGCC	44	+	9680
PRNP-88849-3-M-600dpi_S4.allele.edit.tsv	chr15_18445087-18445268	TGGTGCCGAAACCCGGGACC	65	+	2826
PRNP-88849-3-M-600dpi_S4.allele.edit.tsv	chr16_10865109-10865273	AGCAGCCATACTCAGGGCAT	7	-	1900
PRNP-88849-3-M-600dpi_S4.allele.edit.tsv	chr1_71610094-71610322	AGGAGCTGATACCCGGGGCC	9	-	3143
PRNP-88849-3-M-600dpi_S4.allele.edit.tsv	chr5_105817455-105817620	GGCAGCAGATGCCTGGGGCA	19	-	6603
PRNP-88849-3-M-600dpi_S4.allele.edit.tsv	chr6_121049177-121049406	GGCAGCAGAACCCGAGGCAG	0	-	3
PRNP-88849-3-M-600dpi_S4.allele.edit.tsv	chr4_129686058-129686303	AGAAACCAATACCTGGGGCA	18	-	3652
PRNP-88849-3-M-600dpi_S4.allele.edit.tsv	chr12_111466032-111466188	AGTAGCCGGTACCTGGGGCT	36	+	9740
PRNP-88849-3-M-600dpi_S4.allele.edit.tsv	chr8_103143317-103143556	TGCAACTGATACCCAGGGCA	24	-	7410
PRNP-88849-3-M-600dpi_S4.allele.edit.tsv	chr11_5261227-5261385	AGAAGCCGGCACTCGGGGCA	3	+	341
PRNP-88849-3-M-600dpi_S4.allele.edit.tsv	chr8_103485362-103485601	ACAAGCCAATACCCGAAGCA	48	+	8251
PRNP-88849-3-M-600dpi_S4.allele.edit.tsv	chr8_126188646-126188887	CTCAGTCGATACCTGGGGGA	19	+	6107
PRNP-88849-3-M-600dpi_S4.allele.edit.tsv	chr3_99181763-99181992	GATGGCCGATACCTGAGGCA	1	-	91
PRNP-88849-3-M-600dpi_S4.allele.edit.tsv	chrX_99470598-99470773	AGGAGCCGAGACCCGGAGCA	0	-	10
PRNP-88849-3-M-600dpi_S4.allele.edit.tsv	chr15_96911609-96911784	TCCAGCCAACACCTGGGGCA	0	File not exist	0
PRNP-88849-3-M-600dpi_S4.allele.edit.tsv	chr2_32372437-32372644	GCCAGCAGGTACTCAGGGCA	12	+	4715
PRNP-88849-3-M-600dpi_S4.allele.edit.tsv	chr5_136040022-136040183	GGCAGCTGATCCAGGGACAG	11	-	4092
PRNP-88849-3-M-600dpi_S4.allele.edit.tsv	chr11_71871185-71871353	CCAAGCCGACACCAGAGGCA	79	+	14592
PRNP-88849-3-M-600dpi_S4.allele.edit.tsv	chr13_114845677-114845838	AGCAGCTGATACCCTAGGGC	65	-	15017
PRNP-88849-3-M-600dpi_S4.allele.edit.tsv	chr10_78069841-78070066	GCCAGCTGATACCCAGTGCA	3	+	458
PRNP-88849-3-M-600dpi_S4.allele.edit.tsv	chr15_102144498-102144674	GGCAGCCCATCCCAGGTCAT	2	-	713
PRNP-88849-3-M-600dpi_S4.allele.edit.tsv	chr18_29058614-29058859	AGCAGCAGATACCTGAGACA	14	-	4807
PRNP-88849-3-M-600dpi_S4.allele.edit.tsv	chr3_144419940-144420160	TACAGCATATACCAGGGGCA	12	+	4264
PRNP-88849-3-M-600dpi_S4.allele.edit.tsv	chr5_119220086-119220275	GACAGCGAAACCTGGGGCAT	19	-	6886
PRNP-88849-3-M-600dpi_S4.allele.edit.tsv	chr5_123457646-123457835	GGCAGCTATACCTGGGGTAG	15	+	9699
PRNP-88849-3-M-600dpi_S4.allele.edit.tsv	chr9_102992936-102993147	GGCAGCTGATACCCAGAGGG	17	-	5643
PRNP-88849-3-M-600dpi_S4.allele.edit.tsv	chr9_118758414-118758609	CCCAGCCGAAGCCCGGGGAA	77	+	12732
PRNP-88849-3-M-600dpi_S4.allele.edit.tsv	chr9_46466622-46466793	TGCAGCCGGAACCTGAGGCA	12	+	3365
PRNP-88849-3-M-600dpi_S4.allele.edit.tsv	chr11_103829451-103829633	GGCAGCCTACACCCAGGGGA	48	+	10543
PRNP-88849-3-M-600dpi_S4.allele.edit.tsv	chr7_143405677-143405856	TGCAGCCCACACCCGAGGCA	19	+	3166
PRNP-88849-3-M-600dpi_S4.allele.edit.tsv	chr11_52420389-52420626	TACAGCCGTCACCCGGGTCA	29	-	6269
PRNP-88849-3-M-600dpi_S4.allele.edit.tsv	chr13_49075601-49075797	GGAAGCCGAGACCTGAGGCA	30	-	7162
PRNP-88849-3-M-600dpi_S4.allele.edit.tsv	chr1_87930560-87930770	GGAAGCAGATACCCAGGACA	17	-	5348
PRNP-88849-3-M-600dpi_S4.allele.edit.tsv	chr2_124605016-124605260	AGCAGCAGATACCCAAGGCA	35	+	8750
PRNP-88849-3-M-600dpi_S4.allele.edit.tsv	chr13_19925284-19925460	GCCAGCTGATACTCAGGACT	61	-	17480
PRNP-88849-3-M-600dpi_S4.allele.edit.tsv	chr18_4708989-4709206	GGAGGCAGATACCTGGGCCA	14	+	4528
PRNP-88849-3-M-600dpi_S4.allele.edit.tsv	chr6_136264046-136264277	GGCAGCTAAACCCGGGGCCT	39	-	7801
PRNP-88849-3-M-600dpi_S4.allele.edit.tsv	chr8_119830749-119830913	AGCAGCCAGTCCCCAGGACA	109	+	19588
PRNP-88849-3-M-600dpi_S4.allele.edit.tsv	chr8_123949261-123949433	CGGCGCCGAGACTCGGGGCA	0	+	2
PRNP-88849-3-M-600dpi_S4.allele.edit.tsv	chr8_88987876-88988052	AGCAGCAGATACCTTGGGCA	29	+	9651
PRNP-88849-3-M-600dpi_S4.allele.edit.tsv	chr9_18834538-18834779	ACTAGCCCATCCCCGGGGCA	20	-	4628
PRNP-88849-3-M-600dpi_S4.allele.edit.tsv	chr9_78028346-78028570	AGAAGCCGGTACCAGGGACT	1	+	1598
PRNP-88849-3-M-600dpi_S4.allele.edit.tsv	chr11_30184706-30184927	GGCAGCCATACCCAGGGAAG	44	+	8201
PRNP-88849-3-M-600dpi_S4.allele.edit.tsv	chr12_36373321-36373487	AGCAGCCCAGACCAGGGGCA	0	File not exist	0
PRNP-88849-3-M-600dpi_S4.allele.edit.tsv	chr1_74587666-74587826	GGCAGCGGATACCCGGGCGG	31	+	9283
PRNP-88849-3-M-600dpi_S4.allele.edit.tsv	chr3_130617464-130617687	GACCTCCGATACCCAGGGCA	21	+	4644
PRNP-88849-3-M-600dpi_S4.allele.edit.tsv	chr10_79720035-79720254	AGCAGCGGATACCTGAGGAA	9	+	3656
PRNP-88849-3-M-600dpi_S4.allele.edit.tsv	chr11_113573551-113573732	TGCAACCCATACCCGGGGCC	62	+	8907
PRNP-88849-3-M-600dpi_S4.allele.edit.tsv	chr14_121266229-121266428	TGCTGCAGAGACCCGGGGCA	24	+	5606
PRNP-88849-3-M-600dpi_S4.allele.edit.tsv	chr15_31592214-31592380	AACAGTCAATCCCCAGGGCA	42	+	9073
PRNP-88849-3-M-600dpi_S4.allele.edit.tsv	chr8_41583648-41583813	AGCAGCCAATCCCTGGGACA	38	-	7697
PRNP-88850-1-F-600dpi_S5.allele.edit.tsv	Sample	gRNA	#Reads	strand	denominator
PRNP-88850-1-F-600dpi_S5.allele.edit.tsv	AMPLICON_NAME	input_gRNA	0	File not exist	0
PRNP-88850-1-F-600dpi_S5.allele.edit.tsv	chr1_188866703-188866860	GTCAGCCGAAACCAGAGACA	95	+	19773
PRNP-88850-1-F-600dpi_S5.allele.edit.tsv	chr7_133222940-133223156	GGTAGCCTATACCAAGGACA	37	+	10756
PRNP-88850-1-F-600dpi_S5.allele.edit.tsv	chr16_38605005-38605248	GGAAGTCAATACCCAGGGCA	10	-	3917
PRNP-88850-1-F-600dpi_S5.allele.edit.tsv	chr2_153968156-153968323	GTCAGCCCATACCTGGGGAC	2	-	204
PRNP-88850-1-F-600dpi_S5.allele.edit.tsv	chr4_85947221-85947405	TGCAGCCTACACCCAGGGCA	33	+	5940
PRNP-88850-1-F-600dpi_S5.allele.edit.tsv	chr17_22031830-22032058	AGCAGCAGACACTCGGGGTA	501	-	4918
PRNP-88850-1-F-600dpi_S5.allele.edit.tsv	chr17_9514356-9514526	AGCAGCTGATCCCTGGGGCA	51	+	10875
PRNP-88850-1-F-600dpi_S5.allele.edit.tsv	chr4_138605179-138605335	GGCAGTTGACACCCGGGGCT	42	+	8013
PRNP-88850-1-F-600dpi_S5.allele.edit.tsv	chr6_29199260-29199502	AGCAGCAGACACCCGAGGCG	8	+	10
PRNP-88850-1-F-600dpi_S5.allele.edit.tsv	chr4_152306772-152307012	CGCAGCAGATACCTAAGGCA	28	-	6659
PRNP-88850-1-F-600dpi_S5.allele.edit.tsv	chr5_92349481-92349710	GGCAGCAGATACCTGGGACC	42	+	11180
PRNP-88850-1-F-600dpi_S5.allele.edit.tsv	chr4_132720742-132720915	CACAGCCGACATCTGGGGCA	22	+	5310
PRNP-88850-1-F-600dpi_S5.allele.edit.tsv	chr14_30163835-30164015	CAGAGCCGATACCTGAGGCA	22	+	6819
PRNP-88850-1-F-600dpi_S5.allele.edit.tsv	chr10_6119668-6119902	GGCAGCAGGTACCCAAGGCA	16	-	3692
PRNP-88850-1-F-600dpi_S5.allele.edit.tsv	chr10_43494250-43494415	GGCGGCTGATACCCGAGGTA	13	+	2668
PRNP-88850-1-F-600dpi_S5.allele.edit.tsv	chr6_127307909-127308102	GGTAGCAGATACCCAGAGGC	31	-	8158
PRNP-88850-1-F-600dpi_S5.allele.edit.tsv	chr9_36581513-36581754	ACCAGCCAATACCAGGGGAA	22	+	5115
PRNP-88850-1-F-600dpi_S5.allele.edit.tsv	chr16_84703297-84703532	GGCAGCCGCGGCCCGGGACA	0	File not exist	0
PRNP-88850-1-F-600dpi_S5.allele.edit.tsv	chr17_26188237-26188450	GTCAGACAATACCCGGGCCA	38	+	10081
PRNP-88850-1-F-600dpi_S5.allele.edit.tsv	chr15_76511545-76511714	TCCAGCCCATACCCGGGACA	0	File not exist	0
PRNP-88850-1-F-600dpi_S5.allele.edit.tsv	chr2_116601032-116601271	GACAGCCATTACTCAGGACA	34	-	9089
PRNP-88850-1-F-600dpi_S5.allele.edit.tsv	chr5_28083542-28083704	AGCAGCCAAAACCCAGGGCA	10	+	3185
PRNP-88850-1-F-600dpi_S5.allele.edit.tsv	chr4_53567961-53568166	GGCAGCCCATAGCCAGGACA	50	-	13128
PRNP-88850-1-F-600dpi_S5.allele.edit.tsv	chr3_66197543-66197786	GGGAGCCGATACCAAGGACA	44	+	6397
PRNP-88850-1-F-600dpi_S5.allele.edit.tsv	chr18_75680478-75680698	AGTAGCCAATACCAGGGGGA	26	+	9036
PRNP-88850-1-F-600dpi_S5.allele.edit.tsv	chr2_102213624-102213815	GACAGTGGATACCCAGGCCA	58	+	16085
PRNP-88850-1-F-600dpi_S5.allele.edit.tsv	chr7_47704271-47704434	AGCAACAGATACCAGAGGCA	5	-	1272
PRNP-88850-1-F-600dpi_S5.allele.edit.tsv	chr16_94493928-94494090	GACAGCCAATACCTGGGGCA	15	-	4037
PRNP-88850-1-F-600dpi_S5.allele.edit.tsv	chr4_114264418-114264587	TGGAGCCGAAACCCGGGACG	86	+	8646
PRNP-88850-1-F-600dpi_S5.allele.edit.tsv	chr15_12232312-12232478	GGCAGCCGAAAGCTGGGGCA	17	+	4495
PRNP-88850-1-F-600dpi_S5.allele.edit.tsv	chr6_133859819-133860012	GGCAGCCTATATCTAGGACA	16	+	4214
PRNP-88850-1-F-600dpi_S5.allele.edit.tsv	chr17_83028137-83028343	CTGAGCTGATACCTGGGGCA	21	+	6902
PRNP-88850-1-F-600dpi_S5.allele.edit.tsv	chr1_126739568-126739734	GGCAGCAGATCCCTGGGGCT	50	+	14014
PRNP-88850-1-F-600dpi_S5.allele.edit.tsv	chr12_100442589-100442788	AGCAGCAGGTACCTGGGGCA	29	-	9440
PRNP-88850-1-F-600dpi_S5.allele.edit.tsv	chr18_25527919-25528162	GGCAGCAGATACTCAGGGCA	9	+	4125
PRNP-88850-1-F-600dpi_S5.allele.edit.tsv	chr14_66727709-66727933	CCTGGCCGATCCCTGGGGCA	32	-	6337
PRNP-88850-1-F-600dpi_S5.allele.edit.tsv	chr8_94889916-94890149	GGCAGCCCACACCCGGGGCT	32	+	6137
PRNP-88850-1-F-600dpi_S5.allele.edit.tsv	chr13_101231637-101231880	GTCAGCCAAAATCCGGGGCA	47	+	13912
PRNP-88850-1-F-600dpi_S5.allele.edit.tsv	chr10_50895127-50895356	GGCAGCCGGAGTCCGGGGCA	0	File not exist	0
PRNP-88850-1-F-600dpi_S5.allele.edit.tsv	chrX_13448114-13448287	GTCAGTCAATACCTGGGACT	28	+	8708
PRNP-88850-1-F-600dpi_S5.allele.edit.tsv	chr5_67214627-67214846	GGCAGCCGCTACCAGGGTTA	30	+	5863
PRNP-88850-1-F-600dpi_S5.allele.edit.tsv	chr13_57485880-57486118	TGAAGCAGATTCCCGGGGCA	16	-	6084
PRNP-88850-1-F-600dpi_S5.allele.edit.tsv	chr9_58436125-58436357	GACAGCCAGTACCCAGGGCA	36	-	8258
PRNP-88850-1-F-600dpi_S5.allele.edit.tsv	chr5_27480436-27480617	GGCAGGGATACCCAGGCCAG	58	-	16743
PRNP-88850-1-F-600dpi_S5.allele.edit.tsv	chr7_111704209-111704381	GGCAGCAGATCCAGGGGCAG	41	-	10740
PRNP-88850-1-F-600dpi_S5.allele.edit.tsv	chr11_53055472-53055684	GGCAGCCAGCACCCAGGGCA	52	+	9281
PRNP-88850-1-F-600dpi_S5.allele.edit.tsv	chr10_13306458-13306639	GGCAGCCAATTCCCAGGGCC	59	+	9783
PRNP-88850-1-F-600dpi_S5.allele.edit.tsv	chr15_18445087-18445268	TGGTGCCGAAACCCGGGACC	51	+	2469
PRNP-88850-1-F-600dpi_S5.allele.edit.tsv	chr16_10865109-10865273	AGCAGCCATACTCAGGGCAT	7	-	1917
PRNP-88850-1-F-600dpi_S5.allele.edit.tsv	chr1_71610094-71610322	AGGAGCTGATACCCGGGGCC	16	-	3274
PRNP-88850-1-F-600dpi_S5.allele.edit.tsv	chr5_105817455-105817620	GGCAGCAGATGCCTGGGGCA	19	-	6075
PRNP-88850-1-F-600dpi_S5.allele.edit.tsv	chr6_121049177-121049406	GGCAGCAGAACCCGAGGCAG	0	-	3
PRNP-88850-1-F-600dpi_S5.allele.edit.tsv	chr4_129686058-129686303	AGAAACCAATACCTGGGGCA	12	-	3998
PRNP-88850-1-F-600dpi_S5.allele.edit.tsv	chr12_111466032-111466188	AGTAGCCGGTACCTGGGGCT	49	+	9808
PRNP-88850-1-F-600dpi_S5.allele.edit.tsv	chr8_103143317-103143556	TGCAACTGATACCCAGGGCA	30	-	7147
PRNP-88850-1-F-600dpi_S5.allele.edit.tsv	chr11_5261227-5261385	AGAAGCCGGCACTCGGGGCA	0	+	323
PRNP-88850-1-F-600dpi_S5.allele.edit.tsv	chr8_103485362-103485601	ACAAGCCAATACCCGAAGCA	46	+	7989
PRNP-88850-1-F-600dpi_S5.allele.edit.tsv	chr8_126188646-126188887	CTCAGTCGATACCTGGGGGA	30	+	6582
PRNP-88850-1-F-600dpi_S5.allele.edit.tsv	chr3_99181763-99181992	GATGGCCGATACCTGAGGCA	1	-	98
PRNP-88850-1-F-600dpi_S5.allele.edit.tsv	chrX_99470598-99470773	AGGAGCCGAGACCCGGAGCA	1	-	12
PRNP-88850-1-F-600dpi_S5.allele.edit.tsv	chr15_96911609-96911784	TCCAGCCAACACCTGGGGCA	0	File not exist	0
PRNP-88850-1-F-600dpi_S5.allele.edit.tsv	chr2_32372437-32372644	GCCAGCAGGTACTCAGGGCA	20	+	5019
PRNP-88850-1-F-600dpi_S5.allele.edit.tsv	chr5_136040022-136040183	GGCAGCTGATCCAGGGACAG	11	-	4037
PRNP-88850-1-F-600dpi_S5.allele.edit.tsv	chr11_71871185-71871353	CCAAGCCGACACCAGAGGCA	73	+	12949
PRNP-88850-1-F-600dpi_S5.allele.edit.tsv	chr13_114845677-114845838	AGCAGCTGATACCCTAGGGC	56	-	13968
PRNP-88850-1-F-600dpi_S5.allele.edit.tsv	chr10_78069841-78070066	GCCAGCTGATACCCAGTGCA	1	+	515
PRNP-88850-1-F-600dpi_S5.allele.edit.tsv	chr15_102144498-102144674	GGCAGCCCATCCCAGGTCAT	1	-	689
PRNP-88850-1-F-600dpi_S5.allele.edit.tsv	chr18_29058614-29058859	AGCAGCAGATACCTGAGACA	6	-	4488
PRNP-88850-1-F-600dpi_S5.allele.edit.tsv	chr3_144419940-144420160	TACAGCATATACCAGGGGCA	12	+	4270
PRNP-88850-1-F-600dpi_S5.allele.edit.tsv	chr5_119220086-119220275	GACAGCGAAACCTGGGGCAT	27	-	6800
PRNP-88850-1-F-600dpi_S5.allele.edit.tsv	chr5_123457646-123457835	GGCAGCTATACCTGGGGTAG	26	+	10284
PRNP-88850-1-F-600dpi_S5.allele.edit.tsv	chr9_102992936-102993147	GGCAGCTGATACCCAGAGGG	21	-	5724
PRNP-88850-1-F-600dpi_S5.allele.edit.tsv	chr9_118758414-118758609	CCCAGCCGAAGCCCGGGGAA	80	+	12726
PRNP-88850-1-F-600dpi_S5.allele.edit.tsv	chr9_46466622-46466793	TGCAGCCGGAACCTGAGGCA	11	+	3472
PRNP-88850-1-F-600dpi_S5.allele.edit.tsv	chr11_103829451-103829633	GGCAGCCTACACCCAGGGGA	50	+	11100
PRNP-88850-1-F-600dpi_S5.allele.edit.tsv	chr7_143405677-143405856	TGCAGCCCACACCCGAGGCA	21	+	3059
PRNP-88850-1-F-600dpi_S5.allele.edit.tsv	chr11_52420389-52420626	TACAGCCGTCACCCGGGTCA	41	-	6563
PRNP-88850-1-F-600dpi_S5.allele.edit.tsv	chr13_49075601-49075797	GGAAGCCGAGACCTGAGGCA	29	-	8925
PRNP-88850-1-F-600dpi_S5.allele.edit.tsv	chr1_87930560-87930770	GGAAGCAGATACCCAGGACA	21	-	6093
PRNP-88850-1-F-600dpi_S5.allele.edit.tsv	chr2_124605016-124605260	AGCAGCAGATACCCAAGGCA	30	+	9041
PRNP-88850-1-F-600dpi_S5.allele.edit.tsv	chr13_19925284-19925460	GCCAGCTGATACTCAGGACT	62	-	17915
PRNP-88850-1-F-600dpi_S5.allele.edit.tsv	chr18_4708989-4709206	GGAGGCAGATACCTGGGCCA	12	+	4165
PRNP-88850-1-F-600dpi_S5.allele.edit.tsv	chr6_136264046-136264277	GGCAGCTAAACCCGGGGCCT	25	-	7890
PRNP-88850-1-F-600dpi_S5.allele.edit.tsv	chr8_119830749-119830913	AGCAGCCAGTCCCCAGGACA	94	+	21028
PRNP-88850-1-F-600dpi_S5.allele.edit.tsv	chr8_123949261-123949433	CGGCGCCGAGACTCGGGGCA	0	+	1
PRNP-88850-1-F-600dpi_S5.allele.edit.tsv	chr8_88987876-88988052	AGCAGCAGATACCTTGGGCA	40	+	9512
PRNP-88850-1-F-600dpi_S5.allele.edit.tsv	chr9_18834538-18834779	ACTAGCCCATCCCCGGGGCA	27	-	4260
PRNP-88850-1-F-600dpi_S5.allele.edit.tsv	chr9_78028346-78028570	AGAAGCCGGTACCAGGGACT	4	+	1599
PRNP-88850-1-F-600dpi_S5.allele.edit.tsv	chr11_30184706-30184927	GGCAGCCATACCCAGGGAAG	42	+	8507
PRNP-88850-1-F-600dpi_S5.allele.edit.tsv	chr12_36373321-36373487	AGCAGCCCAGACCAGGGGCA	0	File not exist	0
PRNP-88850-1-F-600dpi_S5.allele.edit.tsv	chr1_74587666-74587826	GGCAGCGGATACCCGGGCGG	31	+	8844
PRNP-88850-1-F-600dpi_S5.allele.edit.tsv	chr3_130617464-130617687	GACCTCCGATACCCAGGGCA	32	+	4593
PRNP-88850-1-F-600dpi_S5.allele.edit.tsv	chr10_79720035-79720254	AGCAGCGGATACCTGAGGAA	8	+	3880
PRNP-88850-1-F-600dpi_S5.allele.edit.tsv	chr11_113573551-113573732	TGCAACCCATACCCGGGGCC	54	+	8642
PRNP-88850-1-F-600dpi_S5.allele.edit.tsv	chr14_121266229-121266428	TGCTGCAGAGACCCGGGGCA	22	+	5515
PRNP-88850-1-F-600dpi_S5.allele.edit.tsv	chr15_31592214-31592380	AACAGTCAATCCCCAGGGCA	40	+	9330
PRNP-88850-1-F-600dpi_S5.allele.edit.tsv	chr8_41583648-41583813	AGCAGCCAATCCCTGGGACA	36	-	6728
PRNP-CG1-M-600dpi_S6.allele.edit.tsv	Sample	gRNA	#Reads	strand	denominator
PRNP-CG1-M-600dpi_S6.allele.edit.tsv	AMPLICON_NAME	input_gRNA	0	File not exist	0
PRNP-CG1-M-600dpi_S6.allele.edit.tsv	chr1_188866703-188866860	GTCAGCCGAAACCAGAGACA	123	+	28096
PRNP-CG1-M-600dpi_S6.allele.edit.tsv	chr7_133222940-133223156	GGTAGCCTATACCAAGGACA	45	+	11552
PRNP-CG1-M-600dpi_S6.allele.edit.tsv	chr16_38605005-38605248	GGAAGTCAATACCCAGGGCA	14	-	3973
PRNP-CG1-M-600dpi_S6.allele.edit.tsv	chr2_153968156-153968323	GTCAGCCCATACCTGGGGAC	1	-	331
PRNP-CG1-M-600dpi_S6.allele.edit.tsv	chr4_85947221-85947405	TGCAGCCTACACCCAGGGCA	51	+	7216
PRNP-CG1-M-600dpi_S6.allele.edit.tsv	chr17_22031830-22032058	AGCAGCAGACACTCGGGGTA	538	-	6469
PRNP-CG1-M-600dpi_S6.allele.edit.tsv	chr17_9514356-9514526	AGCAGCTGATCCCTGGGGCA	63	+	13975
PRNP-CG1-M-600dpi_S6.allele.edit.tsv	chr4_138605179-138605335	GGCAGTTGACACCCGGGGCT	34	+	8563
PRNP-CG1-M-600dpi_S6.allele.edit.tsv	chr6_29199260-29199502	AGCAGCAGACACCCGAGGCG	4	+	12
PRNP-CG1-M-600dpi_S6.allele.edit.tsv	chr4_152306772-152307012	CGCAGCAGATACCTAAGGCA	44	-	6815
PRNP-CG1-M-600dpi_S6.allele.edit.tsv	chr5_92349481-92349710	GGCAGCAGATACCTGGGACC	37	+	8405
PRNP-CG1-M-600dpi_S6.allele.edit.tsv	chr4_132720742-132720915	CACAGCCGACATCTGGGGCA	40	+	6766
PRNP-CG1-M-600dpi_S6.allele.edit.tsv	chr14_30163835-30164015	CAGAGCCGATACCTGAGGCA	151	+	6338
PRNP-CG1-M-600dpi_S6.allele.edit.tsv	chr10_6119668-6119902	GGCAGCAGGTACCCAAGGCA	7	-	2772
PRNP-CG1-M-600dpi_S6.allele.edit.tsv	chr10_43494250-43494415	GGCGGCTGATACCCGAGGTA	11	+	2928
PRNP-CG1-M-600dpi_S6.allele.edit.tsv	chr6_127307909-127308102	GGTAGCAGATACCCAGAGGC	27	-	9913
PRNP-CG1-M-600dpi_S6.allele.edit.tsv	chr9_36581513-36581754	ACCAGCCAATACCAGGGGAA	19	+	3879
PRNP-CG1-M-600dpi_S6.allele.edit.tsv	chr16_84703297-84703532	GGCAGCCGCGGCCCGGGACA	0	File not exist	0
PRNP-CG1-M-600dpi_S6.allele.edit.tsv	chr17_26188237-26188450	GTCAGACAATACCCGGGCCA	39	+	10230
PRNP-CG1-M-600dpi_S6.allele.edit.tsv	chr15_76511545-76511714	TCCAGCCCATACCCGGGACA	32	-	4267
PRNP-CG1-M-600dpi_S6.allele.edit.tsv	chr2_116601032-116601271	GACAGCCATTACTCAGGACA	31	-	8399
PRNP-CG1-M-600dpi_S6.allele.edit.tsv	chr5_28083542-28083704	AGCAGCCAAAACCCAGGGCA	8	+	3392
PRNP-CG1-M-600dpi_S6.allele.edit.tsv	chr4_53567961-53568166	GGCAGCCCATAGCCAGGACA	46	-	12919
PRNP-CG1-M-600dpi_S6.allele.edit.tsv	chr3_66197543-66197786	GGGAGCCGATACCAAGGACA	42	+	6543
PRNP-CG1-M-600dpi_S6.allele.edit.tsv	chr18_75680478-75680698	AGTAGCCAATACCAGGGGGA	23	+	8570
PRNP-CG1-M-600dpi_S6.allele.edit.tsv	chr2_102213624-102213815	GACAGTGGATACCCAGGCCA	52	+	18710
PRNP-CG1-M-600dpi_S6.allele.edit.tsv	chr7_47704271-47704434	AGCAACAGATACCAGAGGCA	6	-	2622
PRNP-CG1-M-600dpi_S6.allele.edit.tsv	chr16_94493928-94494090	GACAGCCAATACCTGGGGCA	29	-	5402
PRNP-CG1-M-600dpi_S6.allele.edit.tsv	chr4_114264418-114264587	TGGAGCCGAAACCCGGGACG	87	+	12031
PRNP-CG1-M-600dpi_S6.allele.edit.tsv	chr15_12232312-12232478	GGCAGCCGAAAGCTGGGGCA	16	+	5381
PRNP-CG1-M-600dpi_S6.allele.edit.tsv	chr6_133859819-133860012	GGCAGCCTATATCTAGGACA	13	+	4609
PRNP-CG1-M-600dpi_S6.allele.edit.tsv	chr17_83028137-83028343	CTGAGCTGATACCTGGGGCA	19	+	7971
PRNP-CG1-M-600dpi_S6.allele.edit.tsv	chr1_126739568-126739734	GGCAGCAGATCCCTGGGGCT	56	+	18899
PRNP-CG1-M-600dpi_S6.allele.edit.tsv	chr12_100442589-100442788	AGCAGCAGGTACCTGGGGCA	28	-	9721
PRNP-CG1-M-600dpi_S6.allele.edit.tsv	chr18_25527919-25528162	GGCAGCAGATACTCAGGGCA	273	+	3297
PRNP-CG1-M-600dpi_S6.allele.edit.tsv	chr14_66727709-66727933	CCTGGCCGATCCCTGGGGCA	35	-	7064
PRNP-CG1-M-600dpi_S6.allele.edit.tsv	chr8_94889916-94890149	GGCAGCCCACACCCGGGGCT	38	+	5968
PRNP-CG1-M-600dpi_S6.allele.edit.tsv	chr13_101231637-101231880	GTCAGCCAAAATCCGGGGCA	52	+	14506
PRNP-CG1-M-600dpi_S6.allele.edit.tsv	chr10_50895127-50895356	GGCAGCCGGAGTCCGGGGCA	14	+	2826
PRNP-CG1-M-600dpi_S6.allele.edit.tsv	chrX_13448114-13448287	GTCAGTCAATACCTGGGACT	18	+	6235
PRNP-CG1-M-600dpi_S6.allele.edit.tsv	chr5_67214627-67214846	GGCAGCCGCTACCAGGGTTA	43	+	9914
PRNP-CG1-M-600dpi_S6.allele.edit.tsv	chr13_57485880-57486118	TGAAGCAGATTCCCGGGGCA	17	-	5685
PRNP-CG1-M-600dpi_S6.allele.edit.tsv	chr9_58436125-58436357	GACAGCCAGTACCCAGGGCA	367	-	8331
PRNP-CG1-M-600dpi_S6.allele.edit.tsv	chr5_27480436-27480617	GGCAGGGATACCCAGGCCAG	60	-	17657
PRNP-CG1-M-600dpi_S6.allele.edit.tsv	chr7_111704209-111704381	GGCAGCAGATCCAGGGGCAG	49	-	12789
PRNP-CG1-M-600dpi_S6.allele.edit.tsv	chr11_53055472-53055684	GGCAGCCAGCACCCAGGGCA	53	+	9736
PRNP-CG1-M-600dpi_S6.allele.edit.tsv	chr10_13306458-13306639	GGCAGCCAATTCCCAGGGCC	56	+	11770
PRNP-CG1-M-600dpi_S6.allele.edit.tsv	chr15_18445087-18445268	TGGTGCCGAAACCCGGGACC	119	+	3090
PRNP-CG1-M-600dpi_S6.allele.edit.tsv	chr16_10865109-10865273	AGCAGCCATACTCAGGGCAT	8	-	1773
PRNP-CG1-M-600dpi_S6.allele.edit.tsv	chr1_71610094-71610322	AGGAGCTGATACCCGGGGCC	7	-	3295
PRNP-CG1-M-600dpi_S6.allele.edit.tsv	chr5_105817455-105817620	GGCAGCAGATGCCTGGGGCA	24	-	7755
PRNP-CG1-M-600dpi_S6.allele.edit.tsv	chr6_121049177-121049406	GGCAGCAGAACCCGAGGCAG	0	File not exist	0
PRNP-CG1-M-600dpi_S6.allele.edit.tsv	chr4_129686058-129686303	AGAAACCAATACCTGGGGCA	12	-	3367
PRNP-CG1-M-600dpi_S6.allele.edit.tsv	chr12_111466032-111466188	AGTAGCCGGTACCTGGGGCT	45	+	11851
PRNP-CG1-M-600dpi_S6.allele.edit.tsv	chr8_103143317-103143556	TGCAACTGATACCCAGGGCA	25	-	7503
PRNP-CG1-M-600dpi_S6.allele.edit.tsv	chr11_5261227-5261385	AGAAGCCGGCACTCGGGGCA	13	+	1627
PRNP-CG1-M-600dpi_S6.allele.edit.tsv	chr8_103485362-103485601	ACAAGCCAATACCCGAAGCA	41	+	8912
PRNP-CG1-M-600dpi_S6.allele.edit.tsv	chr8_126188646-126188887	CTCAGTCGATACCTGGGGGA	21	+	6632
PRNP-CG1-M-600dpi_S6.allele.edit.tsv	chr3_99181763-99181992	GATGGCCGATACCTGAGGCA	0	-	81
PRNP-CG1-M-600dpi_S6.allele.edit.tsv	chrX_99470598-99470773	AGGAGCCGAGACCCGGAGCA	0	-	13
PRNP-CG1-M-600dpi_S6.allele.edit.tsv	chr15_96911609-96911784	TCCAGCCAACACCTGGGGCA	3	+	387
PRNP-CG1-M-600dpi_S6.allele.edit.tsv	chr2_32372437-32372644	GCCAGCAGGTACTCAGGGCA	22	+	5112
PRNP-CG1-M-600dpi_S6.allele.edit.tsv	chr5_136040022-136040183	GGCAGCTGATCCAGGGACAG	9	-	3642
PRNP-CG1-M-600dpi_S6.allele.edit.tsv	chr11_71871185-71871353	CCAAGCCGACACCAGAGGCA	105	+	17549
PRNP-CG1-M-600dpi_S6.allele.edit.tsv	chr13_114845677-114845838	AGCAGCTGATACCCTAGGGC	63	-	19773
PRNP-CG1-M-600dpi_S6.allele.edit.tsv	chr10_78069841-78070066	GCCAGCTGATACCCAGTGCA	4	+	747
PRNP-CG1-M-600dpi_S6.allele.edit.tsv	chr15_102144498-102144674	GGCAGCCCATCCCAGGTCAT	4	-	842
PRNP-CG1-M-600dpi_S6.allele.edit.tsv	chr18_29058614-29058859	AGCAGCAGATACCTGAGACA	19	-	5006
PRNP-CG1-M-600dpi_S6.allele.edit.tsv	chr3_144419940-144420160	TACAGCATATACCAGGGGCA	11	+	4044
PRNP-CG1-M-600dpi_S6.allele.edit.tsv	chr5_119220086-119220275	GACAGCGAAACCTGGGGCAT	20	-	7882
PRNP-CG1-M-600dpi_S6.allele.edit.tsv	chr5_123457646-123457835	GGCAGCTATACCTGGGGTAG	23	+	9584
PRNP-CG1-M-600dpi_S6.allele.edit.tsv	chr9_102992936-102993147	GGCAGCTGATACCCAGAGGG	19	-	6923
PRNP-CG1-M-600dpi_S6.allele.edit.tsv	chr9_118758414-118758609	CCCAGCCGAAGCCCGGGGAA	85	+	15018
PRNP-CG1-M-600dpi_S6.allele.edit.tsv	chr9_46466622-46466793	TGCAGCCGGAACCTGAGGCA	13	+	3790
PRNP-CG1-M-600dpi_S6.allele.edit.tsv	chr11_103829451-103829633	GGCAGCCTACACCCAGGGGA	56	+	12196
PRNP-CG1-M-600dpi_S6.allele.edit.tsv	chr7_143405677-143405856	TGCAGCCCACACCCGAGGCA	19	+	4065
PRNP-CG1-M-600dpi_S6.allele.edit.tsv	chr11_52420389-52420626	TACAGCCGTCACCCGGGTCA	33	-	6121
PRNP-CG1-M-600dpi_S6.allele.edit.tsv	chr13_49075601-49075797	GGAAGCCGAGACCTGAGGCA	30	-	8452
PRNP-CG1-M-600dpi_S6.allele.edit.tsv	chr1_87930560-87930770	GGAAGCAGATACCCAGGACA	15	-	4844
PRNP-CG1-M-600dpi_S6.allele.edit.tsv	chr2_124605016-124605260	AGCAGCAGATACCCAAGGCA	35	+	8708
PRNP-CG1-M-600dpi_S6.allele.edit.tsv	chr13_19925284-19925460	GCCAGCTGATACTCAGGACT	87	-	22668
PRNP-CG1-M-600dpi_S6.allele.edit.tsv	chr18_4708989-4709206	GGAGGCAGATACCTGGGCCA	13	+	4755
PRNP-CG1-M-600dpi_S6.allele.edit.tsv	chr6_136264046-136264277	GGCAGCTAAACCCGGGGCCT	21	-	4369
PRNP-CG1-M-600dpi_S6.allele.edit.tsv	chr8_119830749-119830913	AGCAGCCAGTCCCCAGGACA	121	+	25115
PRNP-CG1-M-600dpi_S6.allele.edit.tsv	chr8_123949261-123949433	CGGCGCCGAGACTCGGGGCA	0	+	9
PRNP-CG1-M-600dpi_S6.allele.edit.tsv	chr8_88987876-88988052	AGCAGCAGATACCTTGGGCA	34	+	12141
PRNP-CG1-M-600dpi_S6.allele.edit.tsv	chr9_18834538-18834779	ACTAGCCCATCCCCGGGGCA	32	-	4559
PRNP-CG1-M-600dpi_S6.allele.edit.tsv	chr9_78028346-78028570	AGAAGCCGGTACCAGGGACT	3	+	930
PRNP-CG1-M-600dpi_S6.allele.edit.tsv	chr11_30184706-30184927	GGCAGCCATACCCAGGGAAG	40	+	8955
PRNP-CG1-M-600dpi_S6.allele.edit.tsv	chr12_36373321-36373487	AGCAGCCCAGACCAGGGGCA	0	File not exist	0
PRNP-CG1-M-600dpi_S6.allele.edit.tsv	chr1_74587666-74587826	GGCAGCGGATACCCGGGCGG	74	+	17614
PRNP-CG1-M-600dpi_S6.allele.edit.tsv	chr3_130617464-130617687	GACCTCCGATACCCAGGGCA	43	+	4523
PRNP-CG1-M-600dpi_S6.allele.edit.tsv	chr10_79720035-79720254	AGCAGCGGATACCTGAGGAA	10	+	4176
PRNP-CG1-M-600dpi_S6.allele.edit.tsv	chr11_113573551-113573732	TGCAACCCATACCCGGGGCC	121	+	10628
PRNP-CG1-M-600dpi_S6.allele.edit.tsv	chr14_121266229-121266428	TGCTGCAGAGACCCGGGGCA	31	+	6079
PRNP-CG1-M-600dpi_S6.allele.edit.tsv	chr15_31592214-31592380	AACAGTCAATCCCCAGGGCA	48	+	11316
PRNP-CG1-M-600dpi_S6.allele.edit.tsv	chr8_41583648-41583813	AGCAGCCAATCCCTGGGACA	40	-	8870
PRNP-CG2-M-600dpi_S7.allele.edit.tsv	Sample	gRNA	#Reads	strand	denominator
PRNP-CG2-M-600dpi_S7.allele.edit.tsv	AMPLICON_NAME	input_gRNA	0	File not exist	0
PRNP-CG2-M-600dpi_S7.allele.edit.tsv	chr1_188866703-188866860	GTCAGCCGAAACCAGAGACA	91	+	23419
PRNP-CG2-M-600dpi_S7.allele.edit.tsv	chr7_133222940-133223156	GGTAGCCTATACCAAGGACA	25	+	10733
PRNP-CG2-M-600dpi_S7.allele.edit.tsv	chr16_38605005-38605248	GGAAGTCAATACCCAGGGCA	8	-	3715
PRNP-CG2-M-600dpi_S7.allele.edit.tsv	chr2_153968156-153968323	GTCAGCCCATACCTGGGGAC	1	-	284
PRNP-CG2-M-600dpi_S7.allele.edit.tsv	chr4_85947221-85947405	TGCAGCCTACACCCAGGGCA	22	+	5994
PRNP-CG2-M-600dpi_S7.allele.edit.tsv	chr17_22031830-22032058	AGCAGCAGACACTCGGGGTA	743	-	6954
PRNP-CG2-M-600dpi_S7.allele.edit.tsv	chr17_9514356-9514526	AGCAGCTGATCCCTGGGGCA	35	+	11433
PRNP-CG2-M-600dpi_S7.allele.edit.tsv	chr4_138605179-138605335	GGCAGTTGACACCCGGGGCT	27	+	7842
PRNP-CG2-M-600dpi_S7.allele.edit.tsv	chr6_29199260-29199502	AGCAGCAGACACCCGAGGCG	0	+	7
PRNP-CG2-M-600dpi_S7.allele.edit.tsv	chr4_152306772-152307012	CGCAGCAGATACCTAAGGCA	19	-	7177
PRNP-CG2-M-600dpi_S7.allele.edit.tsv	chr5_92349481-92349710	GGCAGCAGATACCTGGGACC	32	+	7945
PRNP-CG2-M-600dpi_S7.allele.edit.tsv	chr4_132720742-132720915	CACAGCCGACATCTGGGGCA	14	+	5707
PRNP-CG2-M-600dpi_S7.allele.edit.tsv	chr14_30163835-30164015	CAGAGCCGATACCTGAGGCA	279	+	8148
PRNP-CG2-M-600dpi_S7.allele.edit.tsv	chr10_6119668-6119902	GGCAGCAGGTACCCAAGGCA	7	-	2795
PRNP-CG2-M-600dpi_S7.allele.edit.tsv	chr10_43494250-43494415	GGCGGCTGATACCCGAGGTA	8	+	2839
PRNP-CG2-M-600dpi_S7.allele.edit.tsv	chr6_127307909-127308102	GGTAGCAGATACCCAGAGGC	31	-	8797
PRNP-CG2-M-600dpi_S7.allele.edit.tsv	chr9_36581513-36581754	ACCAGCCAATACCAGGGGAA	10	+	4123
PRNP-CG2-M-600dpi_S7.allele.edit.tsv	chr16_84703297-84703532	GGCAGCCGCGGCCCGGGACA	0	File not exist	0
PRNP-CG2-M-600dpi_S7.allele.edit.tsv	chr17_26188237-26188450	GTCAGACAATACCCGGGCCA	59	+	9994
PRNP-CG2-M-600dpi_S7.allele.edit.tsv	chr15_76511545-76511714	TCCAGCCCATACCCGGGACA	11	-	753
PRNP-CG2-M-600dpi_S7.allele.edit.tsv	chr2_116601032-116601271	GACAGCCATTACTCAGGACA	25	-	7441
PRNP-CG2-M-600dpi_S7.allele.edit.tsv	chr5_28083542-28083704	AGCAGCCAAAACCCAGGGCA	14	+	2420
PRNP-CG2-M-600dpi_S7.allele.edit.tsv	chr4_53567961-53568166	GGCAGCCCATAGCCAGGACA	50	-	12477
PRNP-CG2-M-600dpi_S7.allele.edit.tsv	chr3_66197543-66197786	GGGAGCCGATACCAAGGACA	32	+	5731
PRNP-CG2-M-600dpi_S7.allele.edit.tsv	chr18_75680478-75680698	AGTAGCCAATACCAGGGGGA	19	+	7942
PRNP-CG2-M-600dpi_S7.allele.edit.tsv	chr2_102213624-102213815	GACAGTGGATACCCAGGCCA	46	+	17371
PRNP-CG2-M-600dpi_S7.allele.edit.tsv	chr7_47704271-47704434	AGCAACAGATACCAGAGGCA	10	-	2006
PRNP-CG2-M-600dpi_S7.allele.edit.tsv	chr16_94493928-94494090	GACAGCCAATACCTGGGGCA	19	-	4288
PRNP-CG2-M-600dpi_S7.allele.edit.tsv	chr4_114264418-114264587	TGGAGCCGAAACCCGGGACG	72	+	10779
PRNP-CG2-M-600dpi_S7.allele.edit.tsv	chr15_12232312-12232478	GGCAGCCGAAAGCTGGGGCA	11	+	4679
PRNP-CG2-M-600dpi_S7.allele.edit.tsv	chr6_133859819-133860012	GGCAGCCTATATCTAGGACA	7	+	4425
PRNP-CG2-M-600dpi_S7.allele.edit.tsv	chr17_83028137-83028343	CTGAGCTGATACCTGGGGCA	18	+	7211
PRNP-CG2-M-600dpi_S7.allele.edit.tsv	chr1_126739568-126739734	GGCAGCAGATCCCTGGGGCT	41	+	15860
PRNP-CG2-M-600dpi_S7.allele.edit.tsv	chr12_100442589-100442788	AGCAGCAGGTACCTGGGGCA	46	-	9780
PRNP-CG2-M-600dpi_S7.allele.edit.tsv	chr18_25527919-25528162	GGCAGCAGATACTCAGGGCA	421	+	4411
PRNP-CG2-M-600dpi_S7.allele.edit.tsv	chr14_66727709-66727933	CCTGGCCGATCCCTGGGGCA	33	-	6413
PRNP-CG2-M-600dpi_S7.allele.edit.tsv	chr8_94889916-94890149	GGCAGCCCACACCCGGGGCT	39	+	6011
PRNP-CG2-M-600dpi_S7.allele.edit.tsv	chr13_101231637-101231880	GTCAGCCAAAATCCGGGGCA	49	+	13561
PRNP-CG2-M-600dpi_S7.allele.edit.tsv	chr10_50895127-50895356	GGCAGCCGGAGTCCGGGGCA	9	+	1765
PRNP-CG2-M-600dpi_S7.allele.edit.tsv	chrX_13448114-13448287	GTCAGTCAATACCTGGGACT	23	+	5917
PRNP-CG2-M-600dpi_S7.allele.edit.tsv	chr5_67214627-67214846	GGCAGCCGCTACCAGGGTTA	40	+	8544
PRNP-CG2-M-600dpi_S7.allele.edit.tsv	chr13_57485880-57486118	TGAAGCAGATTCCCGGGGCA	33	-	5793
PRNP-CG2-M-600dpi_S7.allele.edit.tsv	chr9_58436125-58436357	GACAGCCAGTACCCAGGGCA	637	-	8369
PRNP-CG2-M-600dpi_S7.allele.edit.tsv	chr5_27480436-27480617	GGCAGGGATACCCAGGCCAG	72	-	15759
PRNP-CG2-M-600dpi_S7.allele.edit.tsv	chr7_111704209-111704381	GGCAGCAGATCCAGGGGCAG	38	-	11411
PRNP-CG2-M-600dpi_S7.allele.edit.tsv	chr11_53055472-53055684	GGCAGCCAGCACCCAGGGCA	48	+	9522
PRNP-CG2-M-600dpi_S7.allele.edit.tsv	chr10_13306458-13306639	GGCAGCCAATTCCCAGGGCC	38	+	9867
PRNP-CG2-M-600dpi_S7.allele.edit.tsv	chr15_18445087-18445268	TGGTGCCGAAACCCGGGACC	52	+	2550
PRNP-CG2-M-600dpi_S7.allele.edit.tsv	chr16_10865109-10865273	AGCAGCCATACTCAGGGCAT	11	-	2206
PRNP-CG2-M-600dpi_S7.allele.edit.tsv	chr1_71610094-71610322	AGGAGCTGATACCCGGGGCC	10	-	3233
PRNP-CG2-M-600dpi_S7.allele.edit.tsv	chr5_105817455-105817620	GGCAGCAGATGCCTGGGGCA	16	-	7376
PRNP-CG2-M-600dpi_S7.allele.edit.tsv	chr6_121049177-121049406	GGCAGCAGAACCCGAGGCAG	0	-	1
PRNP-CG2-M-600dpi_S7.allele.edit.tsv	chr4_129686058-129686303	AGAAACCAATACCTGGGGCA	11	-	3458
PRNP-CG2-M-600dpi_S7.allele.edit.tsv	chr12_111466032-111466188	AGTAGCCGGTACCTGGGGCT	35	+	10054
PRNP-CG2-M-600dpi_S7.allele.edit.tsv	chr8_103143317-103143556	TGCAACTGATACCCAGGGCA	22	-	6859
PRNP-CG2-M-600dpi_S7.allele.edit.tsv	chr11_5261227-5261385	AGAAGCCGGCACTCGGGGCA	2	+	676
PRNP-CG2-M-600dpi_S7.allele.edit.tsv	chr8_103485362-103485601	ACAAGCCAATACCCGAAGCA	28	+	8602
PRNP-CG2-M-600dpi_S7.allele.edit.tsv	chr8_126188646-126188887	CTCAGTCGATACCTGGGGGA	16	+	6511
PRNP-CG2-M-600dpi_S7.allele.edit.tsv	chr3_99181763-99181992	GATGGCCGATACCTGAGGCA	0	-	78
PRNP-CG2-M-600dpi_S7.allele.edit.tsv	chrX_99470598-99470773	AGGAGCCGAGACCCGGAGCA	0	-	9
PRNP-CG2-M-600dpi_S7.allele.edit.tsv	chr15_96911609-96911784	TCCAGCCAACACCTGGGGCA	0	+	181
PRNP-CG2-M-600dpi_S7.allele.edit.tsv	chr2_32372437-32372644	GCCAGCAGGTACTCAGGGCA	24	+	5469
PRNP-CG2-M-600dpi_S7.allele.edit.tsv	chr5_136040022-136040183	GGCAGCTGATCCAGGGACAG	11	-	4224
PRNP-CG2-M-600dpi_S7.allele.edit.tsv	chr11_71871185-71871353	CCAAGCCGACACCAGAGGCA	98	+	15335
PRNP-CG2-M-600dpi_S7.allele.edit.tsv	chr13_114845677-114845838	AGCAGCTGATACCCTAGGGC	60	-	16197
PRNP-CG2-M-600dpi_S7.allele.edit.tsv	chr10_78069841-78070066	GCCAGCTGATACCCAGTGCA	1	+	628
PRNP-CG2-M-600dpi_S7.allele.edit.tsv	chr15_102144498-102144674	GGCAGCCCATCCCAGGTCAT	5	-	734
PRNP-CG2-M-600dpi_S7.allele.edit.tsv	chr18_29058614-29058859	AGCAGCAGATACCTGAGACA	9	-	4539
PRNP-CG2-M-600dpi_S7.allele.edit.tsv	chr3_144419940-144420160	TACAGCATATACCAGGGGCA	12	+	4126
PRNP-CG2-M-600dpi_S7.allele.edit.tsv	chr5_119220086-119220275	GACAGCGAAACCTGGGGCAT	12	-	7463
PRNP-CG2-M-600dpi_S7.allele.edit.tsv	chr5_123457646-123457835	GGCAGCTATACCTGGGGTAG	22	+	9322
PRNP-CG2-M-600dpi_S7.allele.edit.tsv	chr9_102992936-102993147	GGCAGCTGATACCCAGAGGG	30	-	7127
PRNP-CG2-M-600dpi_S7.allele.edit.tsv	chr9_118758414-118758609	CCCAGCCGAAGCCCGGGGAA	76	+	12427
PRNP-CG2-M-600dpi_S7.allele.edit.tsv	chr9_46466622-46466793	TGCAGCCGGAACCTGAGGCA	16	+	3739
PRNP-CG2-M-600dpi_S7.allele.edit.tsv	chr11_103829451-103829633	GGCAGCCTACACCCAGGGGA	46	+	10403
PRNP-CG2-M-600dpi_S7.allele.edit.tsv	chr7_143405677-143405856	TGCAGCCCACACCCGAGGCA	21	+	3361
PRNP-CG2-M-600dpi_S7.allele.edit.tsv	chr11_52420389-52420626	TACAGCCGTCACCCGGGTCA	35	-	5747
PRNP-CG2-M-600dpi_S7.allele.edit.tsv	chr13_49075601-49075797	GGAAGCCGAGACCTGAGGCA	24	-	7725
PRNP-CG2-M-600dpi_S7.allele.edit.tsv	chr1_87930560-87930770	GGAAGCAGATACCCAGGACA	16	-	4273
PRNP-CG2-M-600dpi_S7.allele.edit.tsv	chr2_124605016-124605260	AGCAGCAGATACCCAAGGCA	32	+	9066
PRNP-CG2-M-600dpi_S7.allele.edit.tsv	chr13_19925284-19925460	GCCAGCTGATACTCAGGACT	82	-	18223
PRNP-CG2-M-600dpi_S7.allele.edit.tsv	chr18_4708989-4709206	GGAGGCAGATACCTGGGCCA	18	+	4706
PRNP-CG2-M-600dpi_S7.allele.edit.tsv	chr6_136264046-136264277	GGCAGCTAAACCCGGGGCCT	24	-	4048
PRNP-CG2-M-600dpi_S7.allele.edit.tsv	chr8_119830749-119830913	AGCAGCCAGTCCCCAGGACA	150	+	23456
PRNP-CG2-M-600dpi_S7.allele.edit.tsv	chr8_123949261-123949433	CGGCGCCGAGACTCGGGGCA	0	+	9
PRNP-CG2-M-600dpi_S7.allele.edit.tsv	chr8_88987876-88988052	AGCAGCAGATACCTTGGGCA	30	+	10324
PRNP-CG2-M-600dpi_S7.allele.edit.tsv	chr9_18834538-18834779	ACTAGCCCATCCCCGGGGCA	19	-	4698
PRNP-CG2-M-600dpi_S7.allele.edit.tsv	chr9_78028346-78028570	AGAAGCCGGTACCAGGGACT	0	+	1363
PRNP-CG2-M-600dpi_S7.allele.edit.tsv	chr11_30184706-30184927	GGCAGCCATACCCAGGGAAG	32	+	8148
PRNP-CG2-M-600dpi_S7.allele.edit.tsv	chr12_36373321-36373487	AGCAGCCCAGACCAGGGGCA	0	File not exist	0
PRNP-CG2-M-600dpi_S7.allele.edit.tsv	chr1_74587666-74587826	GGCAGCGGATACCCGGGCGG	42	+	12533
PRNP-CG2-M-600dpi_S7.allele.edit.tsv	chr3_130617464-130617687	GACCTCCGATACCCAGGGCA	33	+	4468
PRNP-CG2-M-600dpi_S7.allele.edit.tsv	chr10_79720035-79720254	AGCAGCGGATACCTGAGGAA	4	+	4634
PRNP-CG2-M-600dpi_S7.allele.edit.tsv	chr11_113573551-113573732	TGCAACCCATACCCGGGGCC	134	+	9215
PRNP-CG2-M-600dpi_S7.allele.edit.tsv	chr14_121266229-121266428	TGCTGCAGAGACCCGGGGCA	20	+	6042
PRNP-CG2-M-600dpi_S7.allele.edit.tsv	chr15_31592214-31592380	AACAGTCAATCCCCAGGGCA	44	+	9839
PRNP-CG2-M-600dpi_S7.allele.edit.tsv	chr8_41583648-41583813	AGCAGCCAATCCCTGGGACA	31	-	7645
PRNP-CG3-M-600dpi_S8.allele.edit.tsv	Sample	gRNA	#Reads	strand	denominator
PRNP-CG3-M-600dpi_S8.allele.edit.tsv	AMPLICON_NAME	input_gRNA	0	File not exist	0
PRNP-CG3-M-600dpi_S8.allele.edit.tsv	chr1_188866703-188866860	GTCAGCCGAAACCAGAGACA	118	+	27723
PRNP-CG3-M-600dpi_S8.allele.edit.tsv	chr7_133222940-133223156	GGTAGCCTATACCAAGGACA	37	+	10521
PRNP-CG3-M-600dpi_S8.allele.edit.tsv	chr16_38605005-38605248	GGAAGTCAATACCCAGGGCA	9	-	3493
PRNP-CG3-M-600dpi_S8.allele.edit.tsv	chr2_153968156-153968323	GTCAGCCCATACCTGGGGAC	1	-	295
PRNP-CG3-M-600dpi_S8.allele.edit.tsv	chr4_85947221-85947405	TGCAGCCTACACCCAGGGCA	29	+	6638
PRNP-CG3-M-600dpi_S8.allele.edit.tsv	chr17_22031830-22032058	AGCAGCAGACACTCGGGGTA	535	-	5713
PRNP-CG3-M-600dpi_S8.allele.edit.tsv	chr17_9514356-9514526	AGCAGCTGATCCCTGGGGCA	63	+	13792
PRNP-CG3-M-600dpi_S8.allele.edit.tsv	chr4_138605179-138605335	GGCAGTTGACACCCGGGGCT	35	+	8640
PRNP-CG3-M-600dpi_S8.allele.edit.tsv	chr6_29199260-29199502	AGCAGCAGACACCCGAGGCG	2	+	4
PRNP-CG3-M-600dpi_S8.allele.edit.tsv	chr4_152306772-152307012	CGCAGCAGATACCTAAGGCA	31	-	6080
PRNP-CG3-M-600dpi_S8.allele.edit.tsv	chr5_92349481-92349710	GGCAGCAGATACCTGGGACC	29	+	8573
PRNP-CG3-M-600dpi_S8.allele.edit.tsv	chr4_132720742-132720915	CACAGCCGACATCTGGGGCA	32	+	6365
PRNP-CG3-M-600dpi_S8.allele.edit.tsv	chr14_30163835-30164015	CAGAGCCGATACCTGAGGCA	343	+	6913
PRNP-CG3-M-600dpi_S8.allele.edit.tsv	chr10_6119668-6119902	GGCAGCAGGTACCCAAGGCA	7	-	2529
PRNP-CG3-M-600dpi_S8.allele.edit.tsv	chr10_43494250-43494415	GGCGGCTGATACCCGAGGTA	10	+	3109
PRNP-CG3-M-600dpi_S8.allele.edit.tsv	chr6_127307909-127308102	GGTAGCAGATACCCAGAGGC	33	-	9655
PRNP-CG3-M-600dpi_S8.allele.edit.tsv	chr9_36581513-36581754	ACCAGCCAATACCAGGGGAA	12	+	3647
PRNP-CG3-M-600dpi_S8.allele.edit.tsv	chr16_84703297-84703532	GGCAGCCGCGGCCCGGGACA	0	File not exist	0
PRNP-CG3-M-600dpi_S8.allele.edit.tsv	chr17_26188237-26188450	GTCAGACAATACCCGGGCCA	38	+	8969
PRNP-CG3-M-600dpi_S8.allele.edit.tsv	chr15_76511545-76511714	TCCAGCCCATACCCGGGACA	36	-	3821
PRNP-CG3-M-600dpi_S8.allele.edit.tsv	chr2_116601032-116601271	GACAGCCATTACTCAGGACA	24	-	7432
PRNP-CG3-M-600dpi_S8.allele.edit.tsv	chr5_28083542-28083704	AGCAGCCAAAACCCAGGGCA	15	+	3165
PRNP-CG3-M-600dpi_S8.allele.edit.tsv	chr4_53567961-53568166	GGCAGCCCATAGCCAGGACA	70	-	12463
PRNP-CG3-M-600dpi_S8.allele.edit.tsv	chr3_66197543-66197786	GGGAGCCGATACCAAGGACA	50	+	5146
PRNP-CG3-M-600dpi_S8.allele.edit.tsv	chr18_75680478-75680698	AGTAGCCAATACCAGGGGGA	18	+	7607
PRNP-CG3-M-600dpi_S8.allele.edit.tsv	chr2_102213624-102213815	GACAGTGGATACCCAGGCCA	65	+	18140
PRNP-CG3-M-600dpi_S8.allele.edit.tsv	chr7_47704271-47704434	AGCAACAGATACCAGAGGCA	7	-	2631
PRNP-CG3-M-600dpi_S8.allele.edit.tsv	chr16_94493928-94494090	GACAGCCAATACCTGGGGCA	23	-	4890
PRNP-CG3-M-600dpi_S8.allele.edit.tsv	chr4_114264418-114264587	TGGAGCCGAAACCCGGGACG	133	+	12116
PRNP-CG3-M-600dpi_S8.allele.edit.tsv	chr15_12232312-12232478	GGCAGCCGAAAGCTGGGGCA	24	+	5271
PRNP-CG3-M-600dpi_S8.allele.edit.tsv	chr6_133859819-133860012	GGCAGCCTATATCTAGGACA	9	+	4202
PRNP-CG3-M-600dpi_S8.allele.edit.tsv	chr17_83028137-83028343	CTGAGCTGATACCTGGGGCA	16	+	6954
PRNP-CG3-M-600dpi_S8.allele.edit.tsv	chr1_126739568-126739734	GGCAGCAGATCCCTGGGGCT	56	+	18902
PRNP-CG3-M-600dpi_S8.allele.edit.tsv	chr12_100442589-100442788	AGCAGCAGGTACCTGGGGCA	38	-	10130
PRNP-CG3-M-600dpi_S8.allele.edit.tsv	chr18_25527919-25528162	GGCAGCAGATACTCAGGGCA	477	+	3466
PRNP-CG3-M-600dpi_S8.allele.edit.tsv	chr14_66727709-66727933	CCTGGCCGATCCCTGGGGCA	34	-	6323
PRNP-CG3-M-600dpi_S8.allele.edit.tsv	chr8_94889916-94890149	GGCAGCCCACACCCGGGGCT	35	+	5893
PRNP-CG3-M-600dpi_S8.allele.edit.tsv	chr13_101231637-101231880	GTCAGCCAAAATCCGGGGCA	57	+	11907
PRNP-CG3-M-600dpi_S8.allele.edit.tsv	chr10_50895127-50895356	GGCAGCCGGAGTCCGGGGCA	8	+	2728
PRNP-CG3-M-600dpi_S8.allele.edit.tsv	chrX_13448114-13448287	GTCAGTCAATACCTGGGACT	25	+	6570
PRNP-CG3-M-600dpi_S8.allele.edit.tsv	chr5_67214627-67214846	GGCAGCCGCTACCAGGGTTA	32	+	8789
PRNP-CG3-M-600dpi_S8.allele.edit.tsv	chr13_57485880-57486118	TGAAGCAGATTCCCGGGGCA	20	-	5582
PRNP-CG3-M-600dpi_S8.allele.edit.tsv	chr9_58436125-58436357	GACAGCCAGTACCCAGGGCA	723	-	7298
PRNP-CG3-M-600dpi_S8.allele.edit.tsv	chr5_27480436-27480617	GGCAGGGATACCCAGGCCAG	62	-	16805
PRNP-CG3-M-600dpi_S8.allele.edit.tsv	chr7_111704209-111704381	GGCAGCAGATCCAGGGGCAG	38	-	12267
PRNP-CG3-M-600dpi_S8.allele.edit.tsv	chr11_53055472-53055684	GGCAGCCAGCACCCAGGGCA	46	+	8515
PRNP-CG3-M-600dpi_S8.allele.edit.tsv	chr10_13306458-13306639	GGCAGCCAATTCCCAGGGCC	56	+	10923
PRNP-CG3-M-600dpi_S8.allele.edit.tsv	chr15_18445087-18445268	TGGTGCCGAAACCCGGGACC	196	+	3118
PRNP-CG3-M-600dpi_S8.allele.edit.tsv	chr16_10865109-10865273	AGCAGCCATACTCAGGGCAT	3	-	1938
PRNP-CG3-M-600dpi_S8.allele.edit.tsv	chr1_71610094-71610322	AGGAGCTGATACCCGGGGCC	11	-	2734
PRNP-CG3-M-600dpi_S8.allele.edit.tsv	chr5_105817455-105817620	GGCAGCAGATGCCTGGGGCA	20	-	7472
PRNP-CG3-M-600dpi_S8.allele.edit.tsv	chr6_121049177-121049406	GGCAGCAGAACCCGAGGCAG	0	-	1
PRNP-CG3-M-600dpi_S8.allele.edit.tsv	chr4_129686058-129686303	AGAAACCAATACCTGGGGCA	7	-	2968
PRNP-CG3-M-600dpi_S8.allele.edit.tsv	chr12_111466032-111466188	AGTAGCCGGTACCTGGGGCT	43	+	11471
PRNP-CG3-M-600dpi_S8.allele.edit.tsv	chr8_103143317-103143556	TGCAACTGATACCCAGGGCA	24	-	6328
PRNP-CG3-M-600dpi_S8.allele.edit.tsv	chr11_5261227-5261385	AGAAGCCGGCACTCGGGGCA	10	+	1978
PRNP-CG3-M-600dpi_S8.allele.edit.tsv	chr8_103485362-103485601	ACAAGCCAATACCCGAAGCA	49	+	7939
PRNP-CG3-M-600dpi_S8.allele.edit.tsv	chr8_126188646-126188887	CTCAGTCGATACCTGGGGGA	16	+	5693
PRNP-CG3-M-600dpi_S8.allele.edit.tsv	chr3_99181763-99181992	GATGGCCGATACCTGAGGCA	1	-	71
PRNP-CG3-M-600dpi_S8.allele.edit.tsv	chrX_99470598-99470773	AGGAGCCGAGACCCGGAGCA	0	-	13
PRNP-CG3-M-600dpi_S8.allele.edit.tsv	chr15_96911609-96911784	TCCAGCCAACACCTGGGGCA	10	+	558
PRNP-CG3-M-600dpi_S8.allele.edit.tsv	chr2_32372437-32372644	GCCAGCAGGTACTCAGGGCA	22	+	4794
PRNP-CG3-M-600dpi_S8.allele.edit.tsv	chr5_136040022-136040183	GGCAGCTGATCCAGGGACAG	19	-	3709
PRNP-CG3-M-600dpi_S8.allele.edit.tsv	chr11_71871185-71871353	CCAAGCCGACACCAGAGGCA	114	+	17656
PRNP-CG3-M-600dpi_S8.allele.edit.tsv	chr13_114845677-114845838	AGCAGCTGATACCCTAGGGC	78	-	19486
PRNP-CG3-M-600dpi_S8.allele.edit.tsv	chr10_78069841-78070066	GCCAGCTGATACCCAGTGCA	3	+	744
PRNP-CG3-M-600dpi_S8.allele.edit.tsv	chr15_102144498-102144674	GGCAGCCCATCCCAGGTCAT	3	-	932
PRNP-CG3-M-600dpi_S8.allele.edit.tsv	chr18_29058614-29058859	AGCAGCAGATACCTGAGACA	10	-	4194
PRNP-CG3-M-600dpi_S8.allele.edit.tsv	chr3_144419940-144420160	TACAGCATATACCAGGGGCA	18	+	3999
PRNP-CG3-M-600dpi_S8.allele.edit.tsv	chr5_119220086-119220275	GACAGCGAAACCTGGGGCAT	31	-	7786
PRNP-CG3-M-600dpi_S8.allele.edit.tsv	chr5_123457646-123457835	GGCAGCTATACCTGGGGTAG	22	+	9325
PRNP-CG3-M-600dpi_S8.allele.edit.tsv	chr9_102992936-102993147	GGCAGCTGATACCCAGAGGG	23	-	6485
PRNP-CG3-M-600dpi_S8.allele.edit.tsv	chr9_118758414-118758609	CCCAGCCGAAGCCCGGGGAA	84	+	14151
PRNP-CG3-M-600dpi_S8.allele.edit.tsv	chr9_46466622-46466793	TGCAGCCGGAACCTGAGGCA	15	+	3935
PRNP-CG3-M-600dpi_S8.allele.edit.tsv	chr11_103829451-103829633	GGCAGCCTACACCCAGGGGA	51	+	11542
PRNP-CG3-M-600dpi_S8.allele.edit.tsv	chr7_143405677-143405856	TGCAGCCCACACCCGAGGCA	29	+	3856
PRNP-CG3-M-600dpi_S8.allele.edit.tsv	chr11_52420389-52420626	TACAGCCGTCACCCGGGTCA	26	-	5410
PRNP-CG3-M-600dpi_S8.allele.edit.tsv	chr13_49075601-49075797	GGAAGCCGAGACCTGAGGCA	19	-	8195
PRNP-CG3-M-600dpi_S8.allele.edit.tsv	chr1_87930560-87930770	GGAAGCAGATACCCAGGACA	18	-	4141
PRNP-CG3-M-600dpi_S8.allele.edit.tsv	chr2_124605016-124605260	AGCAGCAGATACCCAAGGCA	43	+	7381
PRNP-CG3-M-600dpi_S8.allele.edit.tsv	chr13_19925284-19925460	GCCAGCTGATACTCAGGACT	84	-	22586
PRNP-CG3-M-600dpi_S8.allele.edit.tsv	chr18_4708989-4709206	GGAGGCAGATACCTGGGCCA	8	+	3884
PRNP-CG3-M-600dpi_S8.allele.edit.tsv	chr6_136264046-136264277	GGCAGCTAAACCCGGGGCCT	31	-	3859
PRNP-CG3-M-600dpi_S8.allele.edit.tsv	chr8_119830749-119830913	AGCAGCCAGTCCCCAGGACA	134	+	23880
PRNP-CG3-M-600dpi_S8.allele.edit.tsv	chr8_123949261-123949433	CGGCGCCGAGACTCGGGGCA	0	+	8
PRNP-CG3-M-600dpi_S8.allele.edit.tsv	chr8_88987876-88988052	AGCAGCAGATACCTTGGGCA	49	+	11457
PRNP-CG3-M-600dpi_S8.allele.edit.tsv	chr9_18834538-18834779	ACTAGCCCATCCCCGGGGCA	29	-	4124
PRNP-CG3-M-600dpi_S8.allele.edit.tsv	chr9_78028346-78028570	AGAAGCCGGTACCAGGGACT	5	+	942
PRNP-CG3-M-600dpi_S8.allele.edit.tsv	chr11_30184706-30184927	GGCAGCCATACCCAGGGAAG	33	+	7680
PRNP-CG3-M-600dpi_S8.allele.edit.tsv	chr12_36373321-36373487	AGCAGCCCAGACCAGGGGCA	0	File not exist	0
PRNP-CG3-M-600dpi_S8.allele.edit.tsv	chr1_74587666-74587826	GGCAGCGGATACCCGGGCGG	68	+	16760
PRNP-CG3-M-600dpi_S8.allele.edit.tsv	chr3_130617464-130617687	GACCTCCGATACCCAGGGCA	55	+	4361
PRNP-CG3-M-600dpi_S8.allele.edit.tsv	chr10_79720035-79720254	AGCAGCGGATACCTGAGGAA	11	+	4067
PRNP-CG3-M-600dpi_S8.allele.edit.tsv	chr11_113573551-113573732	TGCAACCCATACCCGGGGCC	221	+	10252
PRNP-CG3-M-600dpi_S8.allele.edit.tsv	chr14_121266229-121266428	TGCTGCAGAGACCCGGGGCA	33	+	5889
PRNP-CG3-M-600dpi_S8.allele.edit.tsv	chr15_31592214-31592380	AACAGTCAATCCCCAGGGCA	44	+	10777
PRNP-CG3-M-600dpi_S8.allele.edit.tsv	chr8_41583648-41583813	AGCAGCCAATCCCTGGGACA	36	-	8873
PRNP-CI4-F-600dpi_S9.allele.edit.tsv	Sample	gRNA	#Reads	strand	denominator
PRNP-CI4-F-600dpi_S9.allele.edit.tsv	AMPLICON_NAME	input_gRNA	0	File not exist	0
PRNP-CI4-F-600dpi_S9.allele.edit.tsv	chr1_188866703-188866860	GTCAGCCGAAACCAGAGACA	134	+	31063
PRNP-CI4-F-600dpi_S9.allele.edit.tsv	chr7_133222940-133223156	GGTAGCCTATACCAAGGACA	35	+	10092
PRNP-CI4-F-600dpi_S9.allele.edit.tsv	chr16_38605005-38605248	GGAAGTCAATACCCAGGGCA	11	-	3588
PRNP-CI4-F-600dpi_S9.allele.edit.tsv	chr2_153968156-153968323	GTCAGCCCATACCTGGGGAC	2	-	324
PRNP-CI4-F-600dpi_S9.allele.edit.tsv	chr4_85947221-85947405	TGCAGCCTACACCCAGGGCA	36	+	6615
PRNP-CI4-F-600dpi_S9.allele.edit.tsv	chr17_22031830-22032058	AGCAGCAGACACTCGGGGTA	561	-	5772
PRNP-CI4-F-600dpi_S9.allele.edit.tsv	chr17_9514356-9514526	AGCAGCTGATCCCTGGGGCA	43	+	14395
PRNP-CI4-F-600dpi_S9.allele.edit.tsv	chr4_138605179-138605335	GGCAGTTGACACCCGGGGCT	33	+	10189
PRNP-CI4-F-600dpi_S9.allele.edit.tsv	chr6_29199260-29199502	AGCAGCAGACACCCGAGGCG	2	+	19
PRNP-CI4-F-600dpi_S9.allele.edit.tsv	chr4_152306772-152307012	CGCAGCAGATACCTAAGGCA	19	-	6696
PRNP-CI4-F-600dpi_S9.allele.edit.tsv	chr5_92349481-92349710	GGCAGCAGATACCTGGGACC	19	+	6830
PRNP-CI4-F-600dpi_S9.allele.edit.tsv	chr4_132720742-132720915	CACAGCCGACATCTGGGGCA	53	+	7534
PRNP-CI4-F-600dpi_S9.allele.edit.tsv	chr14_30163835-30164015	CAGAGCCGATACCTGAGGCA	329	+	7546
PRNP-CI4-F-600dpi_S9.allele.edit.tsv	chr10_6119668-6119902	GGCAGCAGGTACCCAAGGCA	16	-	2330
PRNP-CI4-F-600dpi_S9.allele.edit.tsv	chr10_43494250-43494415	GGCGGCTGATACCCGAGGTA	18	+	3389
PRNP-CI4-F-600dpi_S9.allele.edit.tsv	chr6_127307909-127308102	GGTAGCAGATACCCAGAGGC	36	-	10212
PRNP-CI4-F-600dpi_S9.allele.edit.tsv	chr9_36581513-36581754	ACCAGCCAATACCAGGGGAA	10	+	3184
PRNP-CI4-F-600dpi_S9.allele.edit.tsv	chr16_84703297-84703532	GGCAGCCGCGGCCCGGGACA	0	File not exist	0
PRNP-CI4-F-600dpi_S9.allele.edit.tsv	chr17_26188237-26188450	GTCAGACAATACCCGGGCCA	54	+	10057
PRNP-CI4-F-600dpi_S9.allele.edit.tsv	chr15_76511545-76511714	TCCAGCCCATACCCGGGACA	46	-	7497
PRNP-CI4-F-600dpi_S9.allele.edit.tsv	chr2_116601032-116601271	GACAGCCATTACTCAGGACA	23	-	6892
PRNP-CI4-F-600dpi_S9.allele.edit.tsv	chr5_28083542-28083704	AGCAGCCAAAACCCAGGGCA	17	+	3695
PRNP-CI4-F-600dpi_S9.allele.edit.tsv	chr4_53567961-53568166	GGCAGCCCATAGCCAGGACA	73	-	13116
PRNP-CI4-F-600dpi_S9.allele.edit.tsv	chr3_66197543-66197786	GGGAGCCGATACCAAGGACA	53	+	4546
PRNP-CI4-F-600dpi_S9.allele.edit.tsv	chr18_75680478-75680698	AGTAGCCAATACCAGGGGGA	21	+	7784
PRNP-CI4-F-600dpi_S9.allele.edit.tsv	chr2_102213624-102213815	GACAGTGGATACCCAGGCCA	86	+	18856
PRNP-CI4-F-600dpi_S9.allele.edit.tsv	chr7_47704271-47704434	AGCAACAGATACCAGAGGCA	4	-	2686
PRNP-CI4-F-600dpi_S9.allele.edit.tsv	chr16_94493928-94494090	GACAGCCAATACCTGGGGCA	26	-	5726
PRNP-CI4-F-600dpi_S9.allele.edit.tsv	chr4_114264418-114264587	TGGAGCCGAAACCCGGGACG	195	+	14222
PRNP-CI4-F-600dpi_S9.allele.edit.tsv	chr15_12232312-12232478	GGCAGCCGAAAGCTGGGGCA	13	+	6197
PRNP-CI4-F-600dpi_S9.allele.edit.tsv	chr6_133859819-133860012	GGCAGCCTATATCTAGGACA	19	+	3936
PRNP-CI4-F-600dpi_S9.allele.edit.tsv	chr17_83028137-83028343	CTGAGCTGATACCTGGGGCA	22	+	7588
PRNP-CI4-F-600dpi_S9.allele.edit.tsv	chr1_126739568-126739734	GGCAGCAGATCCCTGGGGCT	86	+	22370
PRNP-CI4-F-600dpi_S9.allele.edit.tsv	chr12_100442589-100442788	AGCAGCAGGTACCTGGGGCA	45	-	9927
PRNP-CI4-F-600dpi_S9.allele.edit.tsv	chr18_25527919-25528162	GGCAGCAGATACTCAGGGCA	469	+	3708
PRNP-CI4-F-600dpi_S9.allele.edit.tsv	chr14_66727709-66727933	CCTGGCCGATCCCTGGGGCA	24	-	6284
PRNP-CI4-F-600dpi_S9.allele.edit.tsv	chr8_94889916-94890149	GGCAGCCCACACCCGGGGCT	40	+	6348
PRNP-CI4-F-600dpi_S9.allele.edit.tsv	chr13_101231637-101231880	GTCAGCCAAAATCCGGGGCA	42	+	12182
PRNP-CI4-F-600dpi_S9.allele.edit.tsv	chr10_50895127-50895356	GGCAGCCGGAGTCCGGGGCA	12	+	3046
PRNP-CI4-F-600dpi_S9.allele.edit.tsv	chrX_13448114-13448287	GTCAGTCAATACCTGGGACT	40	+	11192
PRNP-CI4-F-600dpi_S9.allele.edit.tsv	chr5_67214627-67214846	GGCAGCCGCTACCAGGGTTA	30	+	9458
PRNP-CI4-F-600dpi_S9.allele.edit.tsv	chr13_57485880-57486118	TGAAGCAGATTCCCGGGGCA	22	-	5565
PRNP-CI4-F-600dpi_S9.allele.edit.tsv	chr9_58436125-58436357	GACAGCCAGTACCCAGGGCA	648	-	7662
PRNP-CI4-F-600dpi_S9.allele.edit.tsv	chr5_27480436-27480617	GGCAGGGATACCCAGGCCAG	93	-	18370
PRNP-CI4-F-600dpi_S9.allele.edit.tsv	chr7_111704209-111704381	GGCAGCAGATCCAGGGGCAG	51	-	13972
PRNP-CI4-F-600dpi_S9.allele.edit.tsv	chr11_53055472-53055684	GGCAGCCAGCACCCAGGGCA	54	+	8826
PRNP-CI4-F-600dpi_S9.allele.edit.tsv	chr10_13306458-13306639	GGCAGCCAATTCCCAGGGCC	52	+	11753
PRNP-CI4-F-600dpi_S9.allele.edit.tsv	chr15_18445087-18445268	TGGTGCCGAAACCCGGGACC	283	+	3252
PRNP-CI4-F-600dpi_S9.allele.edit.tsv	chr16_10865109-10865273	AGCAGCCATACTCAGGGCAT	8	-	2454
PRNP-CI4-F-600dpi_S9.allele.edit.tsv	chr1_71610094-71610322	AGGAGCTGATACCCGGGGCC	14	-	2571
PRNP-CI4-F-600dpi_S9.allele.edit.tsv	chr5_105817455-105817620	GGCAGCAGATGCCTGGGGCA	20	-	8471
PRNP-CI4-F-600dpi_S9.allele.edit.tsv	chr6_121049177-121049406	GGCAGCAGAACCCGAGGCAG	0	-	2
PRNP-CI4-F-600dpi_S9.allele.edit.tsv	chr4_129686058-129686303	AGAAACCAATACCTGGGGCA	9	-	2868
PRNP-CI4-F-600dpi_S9.allele.edit.tsv	chr12_111466032-111466188	AGTAGCCGGTACCTGGGGCT	56	+	13991
PRNP-CI4-F-600dpi_S9.allele.edit.tsv	chr8_103143317-103143556	TGCAACTGATACCCAGGGCA	23	-	6151
PRNP-CI4-F-600dpi_S9.allele.edit.tsv	chr11_5261227-5261385	AGAAGCCGGCACTCGGGGCA	27	+	3413
PRNP-CI4-F-600dpi_S9.allele.edit.tsv	chr8_103485362-103485601	ACAAGCCAATACCCGAAGCA	31	+	7498
PRNP-CI4-F-600dpi_S9.allele.edit.tsv	chr8_126188646-126188887	CTCAGTCGATACCTGGGGGA	24	+	5718
PRNP-CI4-F-600dpi_S9.allele.edit.tsv	chr3_99181763-99181992	GATGGCCGATACCTGAGGCA	1	-	83
PRNP-CI4-F-600dpi_S9.allele.edit.tsv	chrX_99470598-99470773	AGGAGCCGAGACCCGGAGCA	0	-	33
PRNP-CI4-F-600dpi_S9.allele.edit.tsv	chr15_96911609-96911784	TCCAGCCAACACCTGGGGCA	4	+	885
PRNP-CI4-F-600dpi_S9.allele.edit.tsv	chr2_32372437-32372644	GCCAGCAGGTACTCAGGGCA	20	+	5274
PRNP-CI4-F-600dpi_S9.allele.edit.tsv	chr5_136040022-136040183	GGCAGCTGATCCAGGGACAG	10	-	4360
PRNP-CI4-F-600dpi_S9.allele.edit.tsv	chr11_71871185-71871353	CCAAGCCGACACCAGAGGCA	121	+	19883
PRNP-CI4-F-600dpi_S9.allele.edit.tsv	chr13_114845677-114845838	AGCAGCTGATACCCTAGGGC	80	-	21335
PRNP-CI4-F-600dpi_S9.allele.edit.tsv	chr10_78069841-78070066	GCCAGCTGATACCCAGTGCA	5	+	771
PRNP-CI4-F-600dpi_S9.allele.edit.tsv	chr15_102144498-102144674	GGCAGCCCATCCCAGGTCAT	5	-	1236
PRNP-CI4-F-600dpi_S9.allele.edit.tsv	chr18_29058614-29058859	AGCAGCAGATACCTGAGACA	13	-	4016
PRNP-CI4-F-600dpi_S9.allele.edit.tsv	chr3_144419940-144420160	TACAGCATATACCAGGGGCA	16	+	3872
PRNP-CI4-F-600dpi_S9.allele.edit.tsv	chr5_119220086-119220275	GACAGCGAAACCTGGGGCAT	33	-	8647
PRNP-CI4-F-600dpi_S9.allele.edit.tsv	chr5_123457646-123457835	GGCAGCTATACCTGGGGTAG	20	+	10204
PRNP-CI4-F-600dpi_S9.allele.edit.tsv	chr9_102992936-102993147	GGCAGCTGATACCCAGAGGG	19	-	7116
PRNP-CI4-F-600dpi_S9.allele.edit.tsv	chr9_118758414-118758609	CCCAGCCGAAGCCCGGGGAA	98	+	15050
PRNP-CI4-F-600dpi_S9.allele.edit.tsv	chr9_46466622-46466793	TGCAGCCGGAACCTGAGGCA	9	+	4434
PRNP-CI4-F-600dpi_S9.allele.edit.tsv	chr11_103829451-103829633	GGCAGCCTACACCCAGGGGA	51	+	12362
PRNP-CI4-F-600dpi_S9.allele.edit.tsv	chr7_143405677-143405856	TGCAGCCCACACCCGAGGCA	28	+	4521
PRNP-CI4-F-600dpi_S9.allele.edit.tsv	chr11_52420389-52420626	TACAGCCGTCACCCGGGTCA	28	-	5212
PRNP-CI4-F-600dpi_S9.allele.edit.tsv	chr13_49075601-49075797	GGAAGCCGAGACCTGAGGCA	29	-	8872
PRNP-CI4-F-600dpi_S9.allele.edit.tsv	chr1_87930560-87930770	GGAAGCAGATACCCAGGACA	18	-	4626
PRNP-CI4-F-600dpi_S9.allele.edit.tsv	chr2_124605016-124605260	AGCAGCAGATACCCAAGGCA	29	+	6982
PRNP-CI4-F-600dpi_S9.allele.edit.tsv	chr13_19925284-19925460	GCCAGCTGATACTCAGGACT	95	-	24124
PRNP-CI4-F-600dpi_S9.allele.edit.tsv	chr18_4708989-4709206	GGAGGCAGATACCTGGGCCA	11	+	3716
PRNP-CI4-F-600dpi_S9.allele.edit.tsv	chr6_136264046-136264277	GGCAGCTAAACCCGGGGCCT	23	-	3690
PRNP-CI4-F-600dpi_S9.allele.edit.tsv	chr8_119830749-119830913	AGCAGCCAGTCCCCAGGACA	158	+	31138
PRNP-CI4-F-600dpi_S9.allele.edit.tsv	chr8_123949261-123949433	CGGCGCCGAGACTCGGGGCA	0	+	16
PRNP-CI4-F-600dpi_S9.allele.edit.tsv	chr8_88987876-88988052	AGCAGCAGATACCTTGGGCA	45	+	11837
PRNP-CI4-F-600dpi_S9.allele.edit.tsv	chr9_18834538-18834779	ACTAGCCCATCCCCGGGGCA	25	-	3336
PRNP-CI4-F-600dpi_S9.allele.edit.tsv	chr9_78028346-78028570	AGAAGCCGGTACCAGGGACT	3	+	863
PRNP-CI4-F-600dpi_S9.allele.edit.tsv	chr11_30184706-30184927	GGCAGCCATACCCAGGGAAG	33	+	7615
PRNP-CI4-F-600dpi_S9.allele.edit.tsv	chr12_36373321-36373487	AGCAGCCCAGACCAGGGGCA	0	File not exist	0
PRNP-CI4-F-600dpi_S9.allele.edit.tsv	chr1_74587666-74587826	GGCAGCGGATACCCGGGCGG	93	+	22754
PRNP-CI4-F-600dpi_S9.allele.edit.tsv	chr3_130617464-130617687	GACCTCCGATACCCAGGGCA	50	+	4317
PRNP-CI4-F-600dpi_S9.allele.edit.tsv	chr10_79720035-79720254	AGCAGCGGATACCTGAGGAA	7	+	4590
PRNP-CI4-F-600dpi_S9.allele.edit.tsv	chr11_113573551-113573732	TGCAACCCATACCCGGGGCC	162	+	11097
PRNP-CI4-F-600dpi_S9.allele.edit.tsv	chr14_121266229-121266428	TGCTGCAGAGACCCGGGGCA	29	+	6494
PRNP-CI4-F-600dpi_S9.allele.edit.tsv	chr15_31592214-31592380	AACAGTCAATCCCCAGGGCA	51	+	11845
PRNP-CI4-F-600dpi_S9.allele.edit.tsv	chr8_41583648-41583813	AGCAGCCAATCCCTGGGACA	34	-	9541
PRNP-CI5-F-600dpi_S10.allele.edit.tsv	Sample	gRNA	#Reads	strand	denominator
PRNP-CI5-F-600dpi_S10.allele.edit.tsv	AMPLICON_NAME	input_gRNA	0	File not exist	0
PRNP-CI5-F-600dpi_S10.allele.edit.tsv	chr1_188866703-188866860	GTCAGCCGAAACCAGAGACA	128	+	28564
PRNP-CI5-F-600dpi_S10.allele.edit.tsv	chr7_133222940-133223156	GGTAGCCTATACCAAGGACA	30	+	10761
PRNP-CI5-F-600dpi_S10.allele.edit.tsv	chr16_38605005-38605248	GGAAGTCAATACCCAGGGCA	12	-	3678
PRNP-CI5-F-600dpi_S10.allele.edit.tsv	chr2_153968156-153968323	GTCAGCCCATACCTGGGGAC	4	-	292
PRNP-CI5-F-600dpi_S10.allele.edit.tsv	chr4_85947221-85947405	TGCAGCCTACACCCAGGGCA	38	+	7103
PRNP-CI5-F-600dpi_S10.allele.edit.tsv	chr17_22031830-22032058	AGCAGCAGACACTCGGGGTA	518	-	5418
PRNP-CI5-F-600dpi_S10.allele.edit.tsv	chr17_9514356-9514526	AGCAGCTGATCCCTGGGGCA	66	+	14562
PRNP-CI5-F-600dpi_S10.allele.edit.tsv	chr4_138605179-138605335	GGCAGTTGACACCCGGGGCT	37	+	9152
PRNP-CI5-F-600dpi_S10.allele.edit.tsv	chr6_29199260-29199502	AGCAGCAGACACCCGAGGCG	3	+	8
PRNP-CI5-F-600dpi_S10.allele.edit.tsv	chr4_152306772-152307012	CGCAGCAGATACCTAAGGCA	34	-	6192
PRNP-CI5-F-600dpi_S10.allele.edit.tsv	chr5_92349481-92349710	GGCAGCAGATACCTGGGACC	34	+	8544
PRNP-CI5-F-600dpi_S10.allele.edit.tsv	chr4_132720742-132720915	CACAGCCGACATCTGGGGCA	29	+	6941
PRNP-CI5-F-600dpi_S10.allele.edit.tsv	chr14_30163835-30164015	CAGAGCCGATACCTGAGGCA	262	+	7712
PRNP-CI5-F-600dpi_S10.allele.edit.tsv	chr10_6119668-6119902	GGCAGCAGGTACCCAAGGCA	12	-	2879
PRNP-CI5-F-600dpi_S10.allele.edit.tsv	chr10_43494250-43494415	GGCGGCTGATACCCGAGGTA	16	+	3295
PRNP-CI5-F-600dpi_S10.allele.edit.tsv	chr6_127307909-127308102	GGTAGCAGATACCCAGAGGC	29	-	9792
PRNP-CI5-F-600dpi_S10.allele.edit.tsv	chr9_36581513-36581754	ACCAGCCAATACCAGGGGAA	16	+	3986
PRNP-CI5-F-600dpi_S10.allele.edit.tsv	chr16_84703297-84703532	GGCAGCCGCGGCCCGGGACA	0	File not exist	0
PRNP-CI5-F-600dpi_S10.allele.edit.tsv	chr17_26188237-26188450	GTCAGACAATACCCGGGCCA	36	+	9372
PRNP-CI5-F-600dpi_S10.allele.edit.tsv	chr15_76511545-76511714	TCCAGCCCATACCCGGGACA	17	-	2135
PRNP-CI5-F-600dpi_S10.allele.edit.tsv	chr2_116601032-116601271	GACAGCCATTACTCAGGACA	38	-	8047
PRNP-CI5-F-600dpi_S10.allele.edit.tsv	chr5_28083542-28083704	AGCAGCCAAAACCCAGGGCA	20	+	3654
PRNP-CI5-F-600dpi_S10.allele.edit.tsv	chr4_53567961-53568166	GGCAGCCCATAGCCAGGACA	65	-	13407
PRNP-CI5-F-600dpi_S10.allele.edit.tsv	chr3_66197543-66197786	GGGAGCCGATACCAAGGACA	52	+	5780
PRNP-CI5-F-600dpi_S10.allele.edit.tsv	chr18_75680478-75680698	AGTAGCCAATACCAGGGGGA	13	+	7713
PRNP-CI5-F-600dpi_S10.allele.edit.tsv	chr2_102213624-102213815	GACAGTGGATACCCAGGCCA	69	+	19270
PRNP-CI5-F-600dpi_S10.allele.edit.tsv	chr7_47704271-47704434	AGCAACAGATACCAGAGGCA	5	-	2331
PRNP-CI5-F-600dpi_S10.allele.edit.tsv	chr16_94493928-94494090	GACAGCCAATACCTGGGGCA	25	-	5381
PRNP-CI5-F-600dpi_S10.allele.edit.tsv	chr4_114264418-114264587	TGGAGCCGAAACCCGGGACG	167	+	12988
PRNP-CI5-F-600dpi_S10.allele.edit.tsv	chr15_12232312-12232478	GGCAGCCGAAAGCTGGGGCA	20	+	5589
PRNP-CI5-F-600dpi_S10.allele.edit.tsv	chr6_133859819-133860012	GGCAGCCTATATCTAGGACA	18	+	4921
PRNP-CI5-F-600dpi_S10.allele.edit.tsv	chr17_83028137-83028343	CTGAGCTGATACCTGGGGCA	30	+	7441
PRNP-CI5-F-600dpi_S10.allele.edit.tsv	chr1_126739568-126739734	GGCAGCAGATCCCTGGGGCT	71	+	20651
PRNP-CI5-F-600dpi_S10.allele.edit.tsv	chr12_100442589-100442788	AGCAGCAGGTACCTGGGGCA	41	-	10094
PRNP-CI5-F-600dpi_S10.allele.edit.tsv	chr18_25527919-25528162	GGCAGCAGATACTCAGGGCA	272	+	3270
PRNP-CI5-F-600dpi_S10.allele.edit.tsv	chr14_66727709-66727933	CCTGGCCGATCCCTGGGGCA	32	-	6578
PRNP-CI5-F-600dpi_S10.allele.edit.tsv	chr8_94889916-94890149	GGCAGCCCACACCCGGGGCT	48	+	6288
PRNP-CI5-F-600dpi_S10.allele.edit.tsv	chr13_101231637-101231880	GTCAGCCAAAATCCGGGGCA	51	+	13086
PRNP-CI5-F-600dpi_S10.allele.edit.tsv	chr10_50895127-50895356	GGCAGCCGGAGTCCGGGGCA	9	+	2246
PRNP-CI5-F-600dpi_S10.allele.edit.tsv	chrX_13448114-13448287	GTCAGTCAATACCTGGGACT	30	+	10610
PRNP-CI5-F-600dpi_S10.allele.edit.tsv	chr5_67214627-67214846	GGCAGCCGCTACCAGGGTTA	37	+	9330
PRNP-CI5-F-600dpi_S10.allele.edit.tsv	chr13_57485880-57486118	TGAAGCAGATTCCCGGGGCA	16	-	5556
PRNP-CI5-F-600dpi_S10.allele.edit.tsv	chr9_58436125-58436357	GACAGCCAGTACCCAGGGCA	571	-	7643
PRNP-CI5-F-600dpi_S10.allele.edit.tsv	chr5_27480436-27480617	GGCAGGGATACCCAGGCCAG	65	-	17440
PRNP-CI5-F-600dpi_S10.allele.edit.tsv	chr7_111704209-111704381	GGCAGCAGATCCAGGGGCAG	36	-	13501
PRNP-CI5-F-600dpi_S10.allele.edit.tsv	chr11_53055472-53055684	GGCAGCCAGCACCCAGGGCA	46	+	8451
PRNP-CI5-F-600dpi_S10.allele.edit.tsv	chr10_13306458-13306639	GGCAGCCAATTCCCAGGGCC	63	+	11773
PRNP-CI5-F-600dpi_S10.allele.edit.tsv	chr15_18445087-18445268	TGGTGCCGAAACCCGGGACC	190	+	3394
PRNP-CI5-F-600dpi_S10.allele.edit.tsv	chr16_10865109-10865273	AGCAGCCATACTCAGGGCAT	15	-	2241
PRNP-CI5-F-600dpi_S10.allele.edit.tsv	chr1_71610094-71610322	AGGAGCTGATACCCGGGGCC	19	-	3180
PRNP-CI5-F-600dpi_S10.allele.edit.tsv	chr5_105817455-105817620	GGCAGCAGATGCCTGGGGCA	24	-	8039
PRNP-CI5-F-600dpi_S10.allele.edit.tsv	chr6_121049177-121049406	GGCAGCAGAACCCGAGGCAG	0	-	1
PRNP-CI5-F-600dpi_S10.allele.edit.tsv	chr4_129686058-129686303	AGAAACCAATACCTGGGGCA	7	-	2995
PRNP-CI5-F-600dpi_S10.allele.edit.tsv	chr12_111466032-111466188	AGTAGCCGGTACCTGGGGCT	43	+	12573
PRNP-CI5-F-600dpi_S10.allele.edit.tsv	chr8_103143317-103143556	TGCAACTGATACCCAGGGCA	20	-	7095
PRNP-CI5-F-600dpi_S10.allele.edit.tsv	chr11_5261227-5261385	AGAAGCCGGCACTCGGGGCA	10	+	2058
PRNP-CI5-F-600dpi_S10.allele.edit.tsv	chr8_103485362-103485601	ACAAGCCAATACCCGAAGCA	47	+	8275
PRNP-CI5-F-600dpi_S10.allele.edit.tsv	chr8_126188646-126188887	CTCAGTCGATACCTGGGGGA	25	+	6638
PRNP-CI5-F-600dpi_S10.allele.edit.tsv	chr3_99181763-99181992	GATGGCCGATACCTGAGGCA	0	-	88
PRNP-CI5-F-600dpi_S10.allele.edit.tsv	chrX_99470598-99470773	AGGAGCCGAGACCCGGAGCA	0	-	23
PRNP-CI5-F-600dpi_S10.allele.edit.tsv	chr15_96911609-96911784	TCCAGCCAACACCTGGGGCA	3	+	593
PRNP-CI5-F-600dpi_S10.allele.edit.tsv	chr2_32372437-32372644	GCCAGCAGGTACTCAGGGCA	25	+	5087
PRNP-CI5-F-600dpi_S10.allele.edit.tsv	chr5_136040022-136040183	GGCAGCTGATCCAGGGACAG	18	-	4516
PRNP-CI5-F-600dpi_S10.allele.edit.tsv	chr11_71871185-71871353	CCAAGCCGACACCAGAGGCA	110	+	18558
PRNP-CI5-F-600dpi_S10.allele.edit.tsv	chr13_114845677-114845838	AGCAGCTGATACCCTAGGGC	67	-	20096
PRNP-CI5-F-600dpi_S10.allele.edit.tsv	chr10_78069841-78070066	GCCAGCTGATACCCAGTGCA	3	+	732
PRNP-CI5-F-600dpi_S10.allele.edit.tsv	chr15_102144498-102144674	GGCAGCCCATCCCAGGTCAT	3	-	1022
PRNP-CI5-F-600dpi_S10.allele.edit.tsv	chr18_29058614-29058859	AGCAGCAGATACCTGAGACA	17	-	4732
PRNP-CI5-F-600dpi_S10.allele.edit.tsv	chr3_144419940-144420160	TACAGCATATACCAGGGGCA	21	+	4239
PRNP-CI5-F-600dpi_S10.allele.edit.tsv	chr5_119220086-119220275	GACAGCGAAACCTGGGGCAT	17	-	8114
PRNP-CI5-F-600dpi_S10.allele.edit.tsv	chr5_123457646-123457835	GGCAGCTATACCTGGGGTAG	23	+	10025
PRNP-CI5-F-600dpi_S10.allele.edit.tsv	chr9_102992936-102993147	GGCAGCTGATACCCAGAGGG	15	-	6913
PRNP-CI5-F-600dpi_S10.allele.edit.tsv	chr9_118758414-118758609	CCCAGCCGAAGCCCGGGGAA	80	+	14468
PRNP-CI5-F-600dpi_S10.allele.edit.tsv	chr9_46466622-46466793	TGCAGCCGGAACCTGAGGCA	12	+	4136
PRNP-CI5-F-600dpi_S10.allele.edit.tsv	chr11_103829451-103829633	GGCAGCCTACACCCAGGGGA	47	+	12176
PRNP-CI5-F-600dpi_S10.allele.edit.tsv	chr7_143405677-143405856	TGCAGCCCACACCCGAGGCA	18	+	3709
PRNP-CI5-F-600dpi_S10.allele.edit.tsv	chr11_52420389-52420626	TACAGCCGTCACCCGGGTCA	32	-	5483
PRNP-CI5-F-600dpi_S10.allele.edit.tsv	chr13_49075601-49075797	GGAAGCCGAGACCTGAGGCA	34	-	9558
PRNP-CI5-F-600dpi_S10.allele.edit.tsv	chr1_87930560-87930770	GGAAGCAGATACCCAGGACA	19	-	4879
PRNP-CI5-F-600dpi_S10.allele.edit.tsv	chr2_124605016-124605260	AGCAGCAGATACCCAAGGCA	41	+	8640
PRNP-CI5-F-600dpi_S10.allele.edit.tsv	chr13_19925284-19925460	GCCAGCTGATACTCAGGACT	103	-	24102
PRNP-CI5-F-600dpi_S10.allele.edit.tsv	chr18_4708989-4709206	GGAGGCAGATACCTGGGCCA	7	+	4184
PRNP-CI5-F-600dpi_S10.allele.edit.tsv	chr6_136264046-136264277	GGCAGCTAAACCCGGGGCCT	19	-	4242
PRNP-CI5-F-600dpi_S10.allele.edit.tsv	chr8_119830749-119830913	AGCAGCCAGTCCCCAGGACA	132	+	25184
PRNP-CI5-F-600dpi_S10.allele.edit.tsv	chr8_123949261-123949433	CGGCGCCGAGACTCGGGGCA	0	+	16
PRNP-CI5-F-600dpi_S10.allele.edit.tsv	chr8_88987876-88988052	AGCAGCAGATACCTTGGGCA	27	+	11671
PRNP-CI5-F-600dpi_S10.allele.edit.tsv	chr9_18834538-18834779	ACTAGCCCATCCCCGGGGCA	26	-	4030
PRNP-CI5-F-600dpi_S10.allele.edit.tsv	chr9_78028346-78028570	AGAAGCCGGTACCAGGGACT	3	+	1210
PRNP-CI5-F-600dpi_S10.allele.edit.tsv	chr11_30184706-30184927	GGCAGCCATACCCAGGGAAG	46	+	8727
PRNP-CI5-F-600dpi_S10.allele.edit.tsv	chr12_36373321-36373487	AGCAGCCCAGACCAGGGGCA	0	File not exist	0
PRNP-CI5-F-600dpi_S10.allele.edit.tsv	chr1_74587666-74587826	GGCAGCGGATACCCGGGCGG	59	+	16110
PRNP-CI5-F-600dpi_S10.allele.edit.tsv	chr3_130617464-130617687	GACCTCCGATACCCAGGGCA	42	+	4563
PRNP-CI5-F-600dpi_S10.allele.edit.tsv	chr10_79720035-79720254	AGCAGCGGATACCTGAGGAA	7	+	4166
PRNP-CI5-F-600dpi_S10.allele.edit.tsv	chr11_113573551-113573732	TGCAACCCATACCCGGGGCC	152	+	10088
PRNP-CI5-F-600dpi_S10.allele.edit.tsv	chr14_121266229-121266428	TGCTGCAGAGACCCGGGGCA	23	+	6016
PRNP-CI5-F-600dpi_S10.allele.edit.tsv	chr15_31592214-31592380	AACAGTCAATCCCCAGGGCA	51	+	11101
PRNP-CI5-F-600dpi_S10.allele.edit.tsv	chr8_41583648-41583813	AGCAGCCAATCCCTGGGACA	44	-	9795
