filename	Sample	gRNA	#Reads	strand	denominator
BE39max-GFP-R1_S2.allele.edit.tsv	AMPLICON_NAME	input_gRNA	0	File not exist	0
BE39max-GFP-R1_S2.allele.edit.tsv	chr4_81105331-81105515	GGCAGCGTTCCCCGGGGCGG	0	File not exist	0
BE39max-GFP-R1_S2.allele.edit.tsv	chr9_139735590-139735782	GGCAGCCTGGGCCCGGGGCA	0	File not exist	0
BE39max-GFP-R1_S2.allele.edit.tsv	chr12_117452896-117453078	TGGAGCCCATACTCAGGGCA	12	+	3955
BE39max-GFP-R1_S2.allele.edit.tsv	chr17_52382550-52382778	TTCAGCCGATATCTGGAGCA	76	-	16526
BE39max-GFP-R1_S2.allele.edit.tsv	chr4_57518391-57518626	CAGGGCCGATACTTGGGGCA	10	-	2926
BE39max-GFP-R1_S2.allele.edit.tsv	chr19_17359259-17359497	GGCAGCTGAAACCCGAGACA	0	File not exist	0
BE39max-GFP-R1_S2.allele.edit.tsv	chr3_138856671-138856838	AGCAGCTGATGCCCAGGACA	125	+	31084
BE39max-GFP-R1_S2.allele.edit.tsv	chr11_15710664-15710823	GGCAGCCAATACCTGGAACA	159	-	7787
BE39max-GFP-R1_S2.allele.edit.tsv	chr14_92955814-92955983	TCAAGCCGATGCTCGGGGCT	9	-	2185
BE39max-GFP-R1_S2.allele.edit.tsv	chr8_49242497-49242667	AGCCGCAGATACCCAGGGCA	70	-	7118
BE39max-GFP-R1_S2.allele.edit.tsv	chr20_1797181-1797350	GGCAGTAGATACCCAGAGCA	95	+	15523
BE39max-GFP-R1_S2.allele.edit.tsv	chr1_111032325-111032499	GGCAGCCGCTACCTGAGGCA	196	-	16619
BE39max-GFP-R1_S2.allele.edit.tsv	chr17_40220117-40220303	AGCTGCCGATGCTCAGGGCA	43	-	8573
BE39max-GFP-R1_S2.allele.edit.tsv	chr12_122502982-122503164	AGCAGCCAGTGCCCAGGGCA	425	-	11250
BE39max-GFP-R1_S2.allele.edit.tsv	chr3_51567611-51567789	TGGTGCCGAAACCTGGGGCA	19	-	5441
BE39max-GFP-R1_S2.allele.edit.tsv	chr15_66545684-66545849	GGCAGCCGGGACCCGGGCAG	0	File not exist	0
BE39max-GFP-R1_S2.allele.edit.tsv	chr5_133797239-133797427	GGGAGGCGATACCCAAGGCA	56	-	10879
BE39max-GFP-R1_S2.allele.edit.tsv	chr18_49218685-49218869	AGCAGCCCATATTCGGGACA	128	-	24290
BE39max-GFP-R1_S2.allele.edit.tsv	chr6_80657482-80657656	AGGGGCCGATGCCCGGGACA	0	File not exist	0
BE39max-GFP-R1_S2.allele.edit.tsv	chr15_86628542-86628724	GGCAGCCATTACCAAGGGCA	170	-	41275
BE39max-GFP-R1_S2.allele.edit.tsv	chr5_141663730-141663922	GGCGGCCAATACCTGGGGAA	8	-	1756
BE39max-GFP-R1_S2.allele.edit.tsv	chr12_95232437-95232602	TCCAGCCCATACTCAGGGCA	104	-	18430
BE39max-GFP-R1_S2.allele.edit.tsv	chr20_4679914-4680144	GGCAGCCGATACCCGGGGCA	2623	+	2714
BE39max-GFP-R1_S2.allele.edit.tsv	chr10_132887513-132887740	CCCAGCAGAGACCCGGGGCA	23	+	3863
BE39max-GFP-R1_S2.allele.edit.tsv	chr12_43070476-43070668	TAGAGCCCATACCTGGGGCT	6	-	1761
BE39max-GFP-R1_S2.allele.edit.tsv	chr17_2031349-2031574	AGCAGCGATGCCCAGGGCAA	15	+	3810
BE39max-GFP-R1_S2.allele.edit.tsv	chr1_209423825-209424003	CGTAGCAGATACCTGGGGCA	118	-	29452
BE39max-GFP-R1_S2.allele.edit.tsv	chr2_62677834-62677999	GGCAACCGATACCTGGGCAG	60	-	12361
BE39max-GFP-R1_S2.allele.edit.tsv	chr1_2045336-2045540	GGCACCCAATCCCCAGGGCA	122	-	9054
BE39max-GFP-R1_S2.allele.edit.tsv	chr5_132669275-132669500	TGTAGCCGATTCCCAGAGCA	85	+	19442
BE39max-GFP-R1_S2.allele.edit.tsv	chr15_78984224-78984415	CATAGCCGAGACCCAGGCCA	164	-	25827
BE39max-GFP-R1_S2.allele.edit.tsv	chr7_8160433-8160630	GAGAGCCGAAGCCCGGGGCT	71	+	16790
BE39max-GFP-R1_S2.allele.edit.tsv	chr7_143079937-143080109	CGGAGCCGGAACCTGGGGCA	13	-	3418
BE39max-GFP-R1_S2.allele.edit.tsv	chr11_3938398-3938568	GGAAGCCATACCCAGGGCTG	127	-	19095
BE39max-GFP-R1_S2.allele.edit.tsv	chr20_61885898-61886115	CGCAGCTGTTACCCGGGGCT	0	File not exist	0
BE39max-GFP-R1_S2.allele.edit.tsv	chr8_48995772-48995937	TGGAGCCGTTACCTAGGGCA	41	+	13549
BE39max-GFP-R1_S2.allele.edit.tsv	chr21_46153848-46154025	GGCAGCAGAGACTCAGGGCA	31	+	10784
BE39max-GFP-R1_S2.allele.edit.tsv	chr1_18484952-18485140	GGCAGCAGACACCCGGGCCT	5	-	2063
BE39max-GFP-R1_S2.allele.edit.tsv	chrX_109245962-109246119	GGCGGCCGGTCCCCGGGGCT	0	File not exist	0
BE39max-GFP-R1_S2.allele.edit.tsv	chr1_198946376-198946549	GCTAGCCAATACTCAGGGCA	49	+	15132
BE39max-GFP-R1_S2.allele.edit.tsv	chr5_138539677-138539845	GGCAGTAGATAACTGGGACA	17	-	7694
BE39max-GFP-R1_S2.allele.edit.tsv	chr19_1489632-1489811	GGCAGCTGAGACCCCGGGCA	0	File not exist	0
BE39max-GFP-R1_S2.allele.edit.tsv	chr1_210794357-210794520	TGGAGCTGATACTTGGGGCA	71	-	28080
BE39max-GFP-R1_S2.allele.edit.tsv	chr7_1882313-1882467	GGCAGCCGAGGCCCAGGGCA	0	File not exist	0
BE39max-GFP-R1_S2.allele.edit.tsv	chr6_137113008-137113238	GACAACCGATGCCAGGGGCA	0	File not exist	0
BE39max-GFP-R1_S2.allele.edit.tsv	chr3_135161839-135162011	AGCAGTAGATAACCAGGACA	1435	+	42635
BE39max-GFP-R1_S2.allele.edit.tsv	chr1_32538490-32538664	CGCGGCTGATACCCGGGACT	0	File not exist	0
BE39max-GFP-R1_S2.allele.edit.tsv	chr17_40847661-40847818	GGCAGGCGGTACCCGGGGCC	45	-	7153
BE39max-GFP-R1_S2.allele.edit.tsv	chr1_27293403-27293618	AGCAGCAGATACCCAGGGAA	48	-	11222
BE39max-GFP-R1_S2.allele.edit.tsv	chr18_29580811-29580990	TGGTGCCGAAACCCAGGACA	45	+	6061
BE39max-GFP-R1_S2.allele.edit.tsv	chr18_74171030-74171264	AGAAGCCGAAGCTCGGGGCA	25	-	5822
BE39max-GFP-R1_S2.allele.edit.tsv	chr4_89348665-89348846	GGTGGCAGATACCCAGGGCA	95	+	31408
BE39max-GFP-R1_S2.allele.edit.tsv	chr17_76300934-76301163	AGCAGCCAGGACCCGGGGCT	69	-	17080
BE39max-GFP-R1_S2.allele.edit.tsv	chr14_74706002-74706171	AGCAGCCAATCACCGGGGCC	0	File not exist	0
BE39max-GFP-R1_S2.allele.edit.tsv	chr3_58000289-58000461	GGGAGCAGATACCCAGGGCC	53	+	12287
BE39max-GFP-R1_S2.allele.edit.tsv	chr15_89124512-89124687	TTAAGCCCATACCCAGGCCA	41	-	7670
BE39max-GFP-R1_S2.allele.edit.tsv	chr20_49574726-49574919	AGCTGCCGACACCCGGGCCG	371	+	13303
BE39max-GFP-R1_S2.allele.edit.tsv	chr4_53991751-53991928	GGAAACAGATACCTGGGGCT	13	+	5847
BE39max-GFP-R1_S2.allele.edit.tsv	chr11_60615875-60616034	AGCAGCCATACCGGGGACAT	58	-	14121
BE39max-GFP-R1_S2.allele.edit.tsv	chr20_60983847-60984033	CACAGCCGATCCCCAGGACC	6	-	923
BE39max-GFP-R1_S2.allele.edit.tsv	chr7_158897806-158897987	TGCAGCCATGCTCGGGGCAA	29	-	6338
BE39max-GFP-R1_S2.allele.edit.tsv	chr22_19136622-19136789	TAGAGCCGACACCCGGGCCG	0	File not exist	0
BE39max-GFP-R1_S2.allele.edit.tsv	chr19_1392927-1393124	GACCACCGATTCCCGGGGCT	2	-	630
BE39max-GFP-R1_S2.allele.edit.tsv	chr20_29938364-29938551	GGCTGCTGATACCTGGGGCA	61	-	18360
BE39max-GFP-R1_S2.allele.edit.tsv	chr16_49890543-49890769	GCTGAGCGATGCCCGGGGCA	0	File not exist	0
BE39max-GFP-R1_S2.allele.edit.tsv	chr17_61511269-61511475	GGCAGCAGATGCCTGGGGCA	11	-	2310
BE39max-GFP-R1_S2.allele.edit.tsv	chr1_2403916-2404069	GGCAGCCGCATCCCAGGGCT	0	File not exist	0
BE39max-GFP-R1_S2.allele.edit.tsv	chr4_41937355-41937562	GGAAGCCGGTACCCGGGTCC	108	+	7986
BE39max-GFP-R1_S2.allele.edit.tsv	chr8_5599740-5599908	GGCAGCCGAGACTCGGGAGA	103	-	12498
BE39max-GFP-R1_S2.allele.edit.tsv	chr17_18914340-18914505	ACCAGGCGATACCTGGGACT	24	+	5365
BE39max-GFP-R1_S2.allele.edit.tsv	chr5_26626507-26626741	AACTGCCAATACCCAGGTCA	55	+	8856
BE39max-GFP-R1_S2.allele.edit.tsv	chr20_8000428-8000610	GGTAACCGACACCCCGGGCA	0	File not exist	0
BE39max-GFP-R1_S2.allele.edit.tsv	chr7_150094948-150095120	GGCGGCCGCACTCGGGGCAC	0	File not exist	0
BE39max-GFP-R1_S2.allele.edit.tsv	chr16_545175-545416	AGCAGCCGCCACCCAGGGCC	91	+	12929
BE39max-GFP-R1_S2.allele.edit.tsv	chr19_55951987-55952150	GACCGCCGATCCCCGGGGTC	5	+	890
BE39max-GFP-R1_S2.allele.edit.tsv	chr17_45005333-45005512	GGTAGCCGACACCTGAAGCA	55	-	11581
BE39max-GFP-R1_S2.allele.edit.tsv	chr17_27228227-27228403	AGGAACTGATACCTGGGGCA	0	File not exist	0
BE39max-GFP-R1_S2.allele.edit.tsv	chr18_11041813-11042050	GACAGAGATACCTGGGGCAT	28	-	8123
BE39max-GFP-R1_S2.allele.edit.tsv	chr2_8767938-8768155	AGCAGCCGGTAGCCGGGGCA	61	+	10580
BE39max-GFP-R1_S2.allele.edit.tsv	chr5_52995203-52995396	AACAGTCGTTACCAGGGGCA	116	+	26580
BE39max-GFP-R1_S2.allele.edit.tsv	chr6_168386807-168386968	GGCAGCCGAACCTGGGGGCT	6	-	1378
BE39max-GFP-R1_S2.allele.edit.tsv	chr8_144793210-144793378	GGCAGCCAGACCCGGGTCAG	0	File not exist	0
BE39max-GFP-R1_S2.allele.edit.tsv	chr20_2127723-2127883	GGGCAGAGATGCCCGGGGCA	76	+	23466
BE39max-GFP-R1_S2.allele.edit.tsv	chr6_135818701-135818865	CGGAGCCGACACCCGGAGCA	0	File not exist	0
BE39max-GFP-R1_S2.allele.edit.tsv	chr17_77652091-77652331	AGCAGCCATTCCTGGGGCAC	191	-	36960
BE39max-GFP-R1_S2.allele.edit.tsv	chr22_30793412-30793573	GGCAGCCGGGCCCTGGGGCA	8	+	570
BE39max-GFP-R1_S2.allele.edit.tsv	chr15_100855332-100855553	TGCAGTGGATACCTGGGGCA	0	-	194
BE39max-GFP-R1_S2.allele.edit.tsv	chr2_46183067-46183251	CGCAGCGGTTACCCGGGGCT	145	-	29405
BE39max-GFP-R1_S2.allele.edit.tsv	chr5_87692274-87692444	GGCATCTGATACTAGGGGCA	45	+	23503
BE39max-GFP-R1_S2.allele.edit.tsv	chr2_20345637-20345817	GACAGCCAAGTCCCAGGGCA	85	+	17400
BE39max-GFP-R1_S2.allele.edit.tsv	chr7_32459188-32459357	GGGAGCCGAAGCCCAGGGCT	40	-	9208
BE39max-GFP-R1_S2.allele.edit.tsv	chr15_28008753-28008910	GGCAGCAGATGCCCAGGGCA	11	+	3266
BE39max-GFP-R1_S2.allele.edit.tsv	chr16_3515802-3515970	AGACCCCGATACCCAGGGTA	104	+	13270
BE39max-GFP-R1_S2.allele.edit.tsv	chrX_111465984-111466148	GTCAGCAGTATACCAGGGGC	23	-	6453
BE39max-GFP-R1_S2.allele.edit.tsv	chr12_133199694-133199883	TGAGGCCGATGCCCGAGGCT	44	-	11768
BE39max-GFP-R1_S2.allele.edit.tsv	chr12_3311817-3312020	AGCAGCCCACACCCCAGGCA	15	-	1951
BE39max-GFP-R1_S2.allele.edit.tsv	chr22_20194212-20194370	GGCACACGGTACCCAGGGCA	8	+	1146
BE39max-GFP-R1_S2.allele.edit.tsv	chr17_79133554-79133736	GCTACCCGATACCAGGGACA	0	File not exist	0
BE39max-GFP-R2_S4.allele.edit.tsv	Sample	gRNA	#Reads	strand	denominator
BE39max-GFP-R2_S4.allele.edit.tsv	AMPLICON_NAME	input_gRNA	0	File not exist	0
BE39max-GFP-R2_S4.allele.edit.tsv	chr4_81105331-81105515	GGCAGCGTTCCCCGGGGCGG	0	File not exist	0
BE39max-GFP-R2_S4.allele.edit.tsv	chr9_139735590-139735782	GGCAGCCTGGGCCCGGGGCA	0	File not exist	0
BE39max-GFP-R2_S4.allele.edit.tsv	chr12_117452896-117453078	TGGAGCCCATACTCAGGGCA	21	+	3868
BE39max-GFP-R2_S4.allele.edit.tsv	chr17_52382550-52382778	TTCAGCCGATATCTGGAGCA	73	-	16911
BE39max-GFP-R2_S4.allele.edit.tsv	chr4_57518391-57518626	CAGGGCCGATACTTGGGGCA	12	-	3556
BE39max-GFP-R2_S4.allele.edit.tsv	chr19_17359259-17359497	GGCAGCTGAAACCCGAGACA	0	File not exist	0
BE39max-GFP-R2_S4.allele.edit.tsv	chr3_138856671-138856838	AGCAGCTGATGCCCAGGACA	155	+	30107
BE39max-GFP-R2_S4.allele.edit.tsv	chr11_15710664-15710823	GGCAGCCAATACCTGGAACA	144	-	6941
BE39max-GFP-R2_S4.allele.edit.tsv	chr14_92955814-92955983	TCAAGCCGATGCTCGGGGCT	11	-	2357
BE39max-GFP-R2_S4.allele.edit.tsv	chr8_49242497-49242667	AGCCGCAGATACCCAGGGCA	71	-	7394
BE39max-GFP-R2_S4.allele.edit.tsv	chr20_1797181-1797350	GGCAGTAGATACCCAGAGCA	119	+	15099
BE39max-GFP-R2_S4.allele.edit.tsv	chr1_111032325-111032499	GGCAGCCGCTACCTGAGGCA	239	-	18332
BE39max-GFP-R2_S4.allele.edit.tsv	chr17_40220117-40220303	AGCTGCCGATGCTCAGGGCA	33	-	8482
BE39max-GFP-R2_S4.allele.edit.tsv	chr12_122502982-122503164	AGCAGCCAGTGCCCAGGGCA	412	-	10860
BE39max-GFP-R2_S4.allele.edit.tsv	chr3_51567611-51567789	TGGTGCCGAAACCTGGGGCA	19	-	5160
BE39max-GFP-R2_S4.allele.edit.tsv	chr15_66545684-66545849	GGCAGCCGGGACCCGGGCAG	0	File not exist	0
BE39max-GFP-R2_S4.allele.edit.tsv	chr5_133797239-133797427	GGGAGGCGATACCCAAGGCA	61	-	11717
BE39max-GFP-R2_S4.allele.edit.tsv	chr18_49218685-49218869	AGCAGCCCATATTCGGGACA	133	-	25633
BE39max-GFP-R2_S4.allele.edit.tsv	chr6_80657482-80657656	AGGGGCCGATGCCCGGGACA	0	File not exist	0
BE39max-GFP-R2_S4.allele.edit.tsv	chr15_86628542-86628724	GGCAGCCATTACCAAGGGCA	225	-	43676
BE39max-GFP-R2_S4.allele.edit.tsv	chr5_141663730-141663922	GGCGGCCAATACCTGGGGAA	17	-	2112
BE39max-GFP-R2_S4.allele.edit.tsv	chr12_95232437-95232602	TCCAGCCCATACTCAGGGCA	100	-	19022
BE39max-GFP-R2_S4.allele.edit.tsv	chr20_4679914-4680144	GGCAGCCGATACCCGGGGCA	2482	+	2573
BE39max-GFP-R2_S4.allele.edit.tsv	chr10_132887513-132887740	CCCAGCAGAGACCCGGGGCA	27	+	4319
BE39max-GFP-R2_S4.allele.edit.tsv	chr12_43070476-43070668	TAGAGCCCATACCTGGGGCT	6	-	2003
BE39max-GFP-R2_S4.allele.edit.tsv	chr17_2031349-2031574	AGCAGCGATGCCCAGGGCAA	18	+	3809
BE39max-GFP-R2_S4.allele.edit.tsv	chr1_209423825-209424003	CGTAGCAGATACCTGGGGCA	113	-	31360
BE39max-GFP-R2_S4.allele.edit.tsv	chr2_62677834-62677999	GGCAACCGATACCTGGGCAG	54	-	11871
BE39max-GFP-R2_S4.allele.edit.tsv	chr1_2045336-2045540	GGCACCCAATCCCCAGGGCA	158	-	9681
BE39max-GFP-R2_S4.allele.edit.tsv	chr5_132669275-132669500	TGTAGCCGATTCCCAGAGCA	100	+	20654
BE39max-GFP-R2_S4.allele.edit.tsv	chr15_78984224-78984415	CATAGCCGAGACCCAGGCCA	196	-	26480
BE39max-GFP-R2_S4.allele.edit.tsv	chr7_8160433-8160630	GAGAGCCGAAGCCCGGGGCT	77	+	17542
BE39max-GFP-R2_S4.allele.edit.tsv	chr7_143079937-143080109	CGGAGCCGGAACCTGGGGCA	14	-	3461
BE39max-GFP-R2_S4.allele.edit.tsv	chr11_3938398-3938568	GGAAGCCATACCCAGGGCTG	210	-	18773
BE39max-GFP-R2_S4.allele.edit.tsv	chr20_61885898-61886115	CGCAGCTGTTACCCGGGGCT	0	File not exist	0
BE39max-GFP-R2_S4.allele.edit.tsv	chr8_48995772-48995937	TGGAGCCGTTACCTAGGGCA	74	+	13766
BE39max-GFP-R2_S4.allele.edit.tsv	chr21_46153848-46154025	GGCAGCAGAGACTCAGGGCA	40	+	10353
BE39max-GFP-R2_S4.allele.edit.tsv	chr1_18484952-18485140	GGCAGCAGACACCCGGGCCT	6	-	2111
BE39max-GFP-R2_S4.allele.edit.tsv	chrX_109245962-109246119	GGCGGCCGGTCCCCGGGGCT	0	File not exist	0
BE39max-GFP-R2_S4.allele.edit.tsv	chr1_198946376-198946549	GCTAGCCAATACTCAGGGCA	75	+	14395
BE39max-GFP-R2_S4.allele.edit.tsv	chr5_138539677-138539845	GGCAGTAGATAACTGGGACA	16	-	7650
BE39max-GFP-R2_S4.allele.edit.tsv	chr19_1489632-1489811	GGCAGCTGAGACCCCGGGCA	0	File not exist	0
BE39max-GFP-R2_S4.allele.edit.tsv	chr1_210794357-210794520	TGGAGCTGATACTTGGGGCA	72	-	28227
BE39max-GFP-R2_S4.allele.edit.tsv	chr7_1882313-1882467	GGCAGCCGAGGCCCAGGGCA	0	File not exist	0
BE39max-GFP-R2_S4.allele.edit.tsv	chr6_137113008-137113238	GACAACCGATGCCAGGGGCA	0	File not exist	0
BE39max-GFP-R2_S4.allele.edit.tsv	chr3_135161839-135162011	AGCAGTAGATAACCAGGACA	1511	+	44401
BE39max-GFP-R2_S4.allele.edit.tsv	chr1_32538490-32538664	CGCGGCTGATACCCGGGACT	0	File not exist	0
BE39max-GFP-R2_S4.allele.edit.tsv	chr17_40847661-40847818	GGCAGGCGGTACCCGGGGCC	35	-	6756
BE39max-GFP-R2_S4.allele.edit.tsv	chr1_27293403-27293618	AGCAGCAGATACCCAGGGAA	33	-	10575
BE39max-GFP-R2_S4.allele.edit.tsv	chr18_29580811-29580990	TGGTGCCGAAACCCAGGACA	23	+	5855
BE39max-GFP-R2_S4.allele.edit.tsv	chr18_74171030-74171264	AGAAGCCGAAGCTCGGGGCA	23	-	5481
BE39max-GFP-R2_S4.allele.edit.tsv	chr4_89348665-89348846	GGTGGCAGATACCCAGGGCA	152	+	29747
BE39max-GFP-R2_S4.allele.edit.tsv	chr17_76300934-76301163	AGCAGCCAGGACCCGGGGCT	105	-	18544
BE39max-GFP-R2_S4.allele.edit.tsv	chr14_74706002-74706171	AGCAGCCAATCACCGGGGCC	0	File not exist	0
BE39max-GFP-R2_S4.allele.edit.tsv	chr3_58000289-58000461	GGGAGCAGATACCCAGGGCC	42	+	12699
BE39max-GFP-R2_S4.allele.edit.tsv	chr15_89124512-89124687	TTAAGCCCATACCCAGGCCA	41	-	7591
BE39max-GFP-R2_S4.allele.edit.tsv	chr20_49574726-49574919	AGCTGCCGACACCCGGGCCG	432	+	12698
BE39max-GFP-R2_S4.allele.edit.tsv	chr4_53991751-53991928	GGAAACAGATACCTGGGGCT	18	+	6152
BE39max-GFP-R2_S4.allele.edit.tsv	chr11_60615875-60616034	AGCAGCCATACCGGGGACAT	60	-	13891
BE39max-GFP-R2_S4.allele.edit.tsv	chr20_60983847-60984033	CACAGCCGATCCCCAGGACC	7	-	832
BE39max-GFP-R2_S4.allele.edit.tsv	chr7_158897806-158897987	TGCAGCCATGCTCGGGGCAA	33	-	6763
BE39max-GFP-R2_S4.allele.edit.tsv	chr22_19136622-19136789	TAGAGCCGACACCCGGGCCG	0	File not exist	0
BE39max-GFP-R2_S4.allele.edit.tsv	chr19_1392927-1393124	GACCACCGATTCCCGGGGCT	0	File not exist	0
BE39max-GFP-R2_S4.allele.edit.tsv	chr20_29938364-29938551	GGCTGCTGATACCTGGGGCA	65	-	18968
BE39max-GFP-R2_S4.allele.edit.tsv	chr16_49890543-49890769	GCTGAGCGATGCCCGGGGCA	0	File not exist	0
BE39max-GFP-R2_S4.allele.edit.tsv	chr17_61511269-61511475	GGCAGCAGATGCCTGGGGCA	9	-	2362
BE39max-GFP-R2_S4.allele.edit.tsv	chr1_2403916-2404069	GGCAGCCGCATCCCAGGGCT	0	File not exist	0
BE39max-GFP-R2_S4.allele.edit.tsv	chr4_41937355-41937562	GGAAGCCGGTACCCGGGTCC	140	+	8684
BE39max-GFP-R2_S4.allele.edit.tsv	chr8_5599740-5599908	GGCAGCCGAGACTCGGGAGA	77	-	12284
BE39max-GFP-R2_S4.allele.edit.tsv	chr17_18914340-18914505	ACCAGGCGATACCTGGGACT	23	+	5429
BE39max-GFP-R2_S4.allele.edit.tsv	chr5_26626507-26626741	AACTGCCAATACCCAGGTCA	71	+	10015
BE39max-GFP-R2_S4.allele.edit.tsv	chr20_8000428-8000610	GGTAACCGACACCCCGGGCA	0	File not exist	0
BE39max-GFP-R2_S4.allele.edit.tsv	chr7_150094948-150095120	GGCGGCCGCACTCGGGGCAC	0	File not exist	0
BE39max-GFP-R2_S4.allele.edit.tsv	chr16_545175-545416	AGCAGCCGCCACCCAGGGCC	95	+	14657
BE39max-GFP-R2_S4.allele.edit.tsv	chr19_55951987-55952150	GACCGCCGATCCCCGGGGTC	4	+	997
BE39max-GFP-R2_S4.allele.edit.tsv	chr17_45005333-45005512	GGTAGCCGACACCTGAAGCA	66	-	13168
BE39max-GFP-R2_S4.allele.edit.tsv	chr17_27228227-27228403	AGGAACTGATACCTGGGGCA	0	File not exist	0
BE39max-GFP-R2_S4.allele.edit.tsv	chr18_11041813-11042050	GACAGAGATACCTGGGGCAT	17	-	9188
BE39max-GFP-R2_S4.allele.edit.tsv	chr2_8767938-8768155	AGCAGCCGGTAGCCGGGGCA	57	+	11900
BE39max-GFP-R2_S4.allele.edit.tsv	chr5_52995203-52995396	AACAGTCGTTACCAGGGGCA	121	+	31763
BE39max-GFP-R2_S4.allele.edit.tsv	chr6_168386807-168386968	GGCAGCCGAACCTGGGGGCT	7	-	1206
BE39max-GFP-R2_S4.allele.edit.tsv	chr8_144793210-144793378	GGCAGCCAGACCCGGGTCAG	0	File not exist	0
BE39max-GFP-R2_S4.allele.edit.tsv	chr20_2127723-2127883	GGGCAGAGATGCCCGGGGCA	77	+	21946
BE39max-GFP-R2_S4.allele.edit.tsv	chr6_135818701-135818865	CGGAGCCGACACCCGGAGCA	0	File not exist	0
BE39max-GFP-R2_S4.allele.edit.tsv	chr17_77652091-77652331	AGCAGCCATTCCTGGGGCAC	236	-	45108
BE39max-GFP-R2_S4.allele.edit.tsv	chr22_30793412-30793573	GGCAGCCGGGCCCTGGGGCA	0	File not exist	0
BE39max-GFP-R2_S4.allele.edit.tsv	chr15_100855332-100855553	TGCAGTGGATACCTGGGGCA	0	-	208
BE39max-GFP-R2_S4.allele.edit.tsv	chr2_46183067-46183251	CGCAGCGGTTACCCGGGGCT	153	-	31713
BE39max-GFP-R2_S4.allele.edit.tsv	chr5_87692274-87692444	GGCATCTGATACTAGGGGCA	59	+	23278
BE39max-GFP-R2_S4.allele.edit.tsv	chr2_20345637-20345817	GACAGCCAAGTCCCAGGGCA	113	+	21610
BE39max-GFP-R2_S4.allele.edit.tsv	chr7_32459188-32459357	GGGAGCCGAAGCCCAGGGCT	44	-	9496
BE39max-GFP-R2_S4.allele.edit.tsv	chr15_28008753-28008910	GGCAGCAGATGCCCAGGGCA	14	+	3463
BE39max-GFP-R2_S4.allele.edit.tsv	chr16_3515802-3515970	AGACCCCGATACCCAGGGTA	122	+	13070
BE39max-GFP-R2_S4.allele.edit.tsv	chrX_111465984-111466148	GTCAGCAGTATACCAGGGGC	23	-	6314
BE39max-GFP-R2_S4.allele.edit.tsv	chr12_133199694-133199883	TGAGGCCGATGCCCGAGGCT	55	-	12026
BE39max-GFP-R2_S4.allele.edit.tsv	chr12_3311817-3312020	AGCAGCCCACACCCCAGGCA	12	-	2193
BE39max-GFP-R2_S4.allele.edit.tsv	chr22_20194212-20194370	GGCACACGGTACCCAGGGCA	9	+	1341
BE39max-GFP-R2_S4.allele.edit.tsv	chr17_79133554-79133736	GCTACCCGATACCAGGGACA	0	File not exist	0
BE39max-GFP-R3_S6.allele.edit.tsv	Sample	gRNA	#Reads	strand	denominator
BE39max-GFP-R3_S6.allele.edit.tsv	AMPLICON_NAME	input_gRNA	0	File not exist	0
BE39max-GFP-R3_S6.allele.edit.tsv	chr4_81105331-81105515	GGCAGCGTTCCCCGGGGCGG	0	File not exist	0
BE39max-GFP-R3_S6.allele.edit.tsv	chr9_139735590-139735782	GGCAGCCTGGGCCCGGGGCA	0	File not exist	0
BE39max-GFP-R3_S6.allele.edit.tsv	chr12_117452896-117453078	TGGAGCCCATACTCAGGGCA	17	+	4783
BE39max-GFP-R3_S6.allele.edit.tsv	chr17_52382550-52382778	TTCAGCCGATATCTGGAGCA	51	-	15391
BE39max-GFP-R3_S6.allele.edit.tsv	chr4_57518391-57518626	CAGGGCCGATACTTGGGGCA	23	-	3252
BE39max-GFP-R3_S6.allele.edit.tsv	chr19_17359259-17359497	GGCAGCTGAAACCCGAGACA	0	File not exist	0
BE39max-GFP-R3_S6.allele.edit.tsv	chr3_138856671-138856838	AGCAGCTGATGCCCAGGACA	163	+	29461
BE39max-GFP-R3_S6.allele.edit.tsv	chr11_15710664-15710823	GGCAGCCAATACCTGGAACA	151	-	12525
BE39max-GFP-R3_S6.allele.edit.tsv	chr14_92955814-92955983	TCAAGCCGATGCTCGGGGCT	12	-	1579
BE39max-GFP-R3_S6.allele.edit.tsv	chr8_49242497-49242667	AGCCGCAGATACCCAGGGCA	62	-	6558
BE39max-GFP-R3_S6.allele.edit.tsv	chr20_1797181-1797350	GGCAGTAGATACCCAGAGCA	92	+	15557
BE39max-GFP-R3_S6.allele.edit.tsv	chr1_111032325-111032499	GGCAGCCGCTACCTGAGGCA	202	-	16927
BE39max-GFP-R3_S6.allele.edit.tsv	chr17_40220117-40220303	AGCTGCCGATGCTCAGGGCA	42	-	9642
BE39max-GFP-R3_S6.allele.edit.tsv	chr12_122502982-122503164	AGCAGCCAGTGCCCAGGGCA	383	-	11369
BE39max-GFP-R3_S6.allele.edit.tsv	chr3_51567611-51567789	TGGTGCCGAAACCTGGGGCA	32	-	6248
BE39max-GFP-R3_S6.allele.edit.tsv	chr15_66545684-66545849	GGCAGCCGGGACCCGGGCAG	0	File not exist	0
BE39max-GFP-R3_S6.allele.edit.tsv	chr5_133797239-133797427	GGGAGGCGATACCCAAGGCA	44	-	12251
BE39max-GFP-R3_S6.allele.edit.tsv	chr18_49218685-49218869	AGCAGCCCATATTCGGGACA	104	-	24525
BE39max-GFP-R3_S6.allele.edit.tsv	chr6_80657482-80657656	AGGGGCCGATGCCCGGGACA	0	File not exist	0
BE39max-GFP-R3_S6.allele.edit.tsv	chr15_86628542-86628724	GGCAGCCATTACCAAGGGCA	212	-	40632
BE39max-GFP-R3_S6.allele.edit.tsv	chr5_141663730-141663922	GGCGGCCAATACCTGGGGAA	8	-	1457
BE39max-GFP-R3_S6.allele.edit.tsv	chr12_95232437-95232602	TCCAGCCCATACTCAGGGCA	115	-	19194
BE39max-GFP-R3_S6.allele.edit.tsv	chr20_4679914-4680144	GGCAGCCGATACCCGGGGCA	2555	+	2642
BE39max-GFP-R3_S6.allele.edit.tsv	chr10_132887513-132887740	CCCAGCAGAGACCCGGGGCA	42	+	6507
BE39max-GFP-R3_S6.allele.edit.tsv	chr12_43070476-43070668	TAGAGCCCATACCTGGGGCT	13	-	1757
BE39max-GFP-R3_S6.allele.edit.tsv	chr17_2031349-2031574	AGCAGCGATGCCCAGGGCAA	15	+	3579
BE39max-GFP-R3_S6.allele.edit.tsv	chr1_209423825-209424003	CGTAGCAGATACCTGGGGCA	125	-	30464
BE39max-GFP-R3_S6.allele.edit.tsv	chr2_62677834-62677999	GGCAACCGATACCTGGGCAG	61	-	14128
BE39max-GFP-R3_S6.allele.edit.tsv	chr1_2045336-2045540	GGCACCCAATCCCCAGGGCA	119	-	9224
BE39max-GFP-R3_S6.allele.edit.tsv	chr5_132669275-132669500	TGTAGCCGATTCCCAGAGCA	82	+	17878
BE39max-GFP-R3_S6.allele.edit.tsv	chr15_78984224-78984415	CATAGCCGAGACCCAGGCCA	152	-	22140
BE39max-GFP-R3_S6.allele.edit.tsv	chr7_8160433-8160630	GAGAGCCGAAGCCCGGGGCT	75	+	15868
BE39max-GFP-R3_S6.allele.edit.tsv	chr7_143079937-143080109	CGGAGCCGGAACCTGGGGCA	20	-	3848
BE39max-GFP-R3_S6.allele.edit.tsv	chr11_3938398-3938568	GGAAGCCATACCCAGGGCTG	113	-	19952
BE39max-GFP-R3_S6.allele.edit.tsv	chr20_61885898-61886115	CGCAGCTGTTACCCGGGGCT	0	File not exist	0
BE39max-GFP-R3_S6.allele.edit.tsv	chr8_48995772-48995937	TGGAGCCGTTACCTAGGGCA	36	+	13411
BE39max-GFP-R3_S6.allele.edit.tsv	chr21_46153848-46154025	GGCAGCAGAGACTCAGGGCA	67	+	14129
BE39max-GFP-R3_S6.allele.edit.tsv	chr1_18484952-18485140	GGCAGCAGACACCCGGGCCT	6	-	1677
BE39max-GFP-R3_S6.allele.edit.tsv	chrX_109245962-109246119	GGCGGCCGGTCCCCGGGGCT	0	File not exist	0
BE39max-GFP-R3_S6.allele.edit.tsv	chr1_198946376-198946549	GCTAGCCAATACTCAGGGCA	58	+	13677
BE39max-GFP-R3_S6.allele.edit.tsv	chr5_138539677-138539845	GGCAGTAGATAACTGGGACA	20	-	9298
BE39max-GFP-R3_S6.allele.edit.tsv	chr19_1489632-1489811	GGCAGCTGAGACCCCGGGCA	10	+	630
BE39max-GFP-R3_S6.allele.edit.tsv	chr1_210794357-210794520	TGGAGCTGATACTTGGGGCA	59	-	27762
BE39max-GFP-R3_S6.allele.edit.tsv	chr7_1882313-1882467	GGCAGCCGAGGCCCAGGGCA	0	File not exist	0
BE39max-GFP-R3_S6.allele.edit.tsv	chr6_137113008-137113238	GACAACCGATGCCAGGGGCA	0	File not exist	0
BE39max-GFP-R3_S6.allele.edit.tsv	chr3_135161839-135162011	AGCAGTAGATAACCAGGACA	1363	+	40295
BE39max-GFP-R3_S6.allele.edit.tsv	chr1_32538490-32538664	CGCGGCTGATACCCGGGACT	0	File not exist	0
BE39max-GFP-R3_S6.allele.edit.tsv	chr17_40847661-40847818	GGCAGGCGGTACCCGGGGCC	54	-	7354
BE39max-GFP-R3_S6.allele.edit.tsv	chr1_27293403-27293618	AGCAGCAGATACCCAGGGAA	40	-	10519
BE39max-GFP-R3_S6.allele.edit.tsv	chr18_29580811-29580990	TGGTGCCGAAACCCAGGACA	34	+	6905
BE39max-GFP-R3_S6.allele.edit.tsv	chr18_74171030-74171264	AGAAGCCGAAGCTCGGGGCA	70	-	15046
BE39max-GFP-R3_S6.allele.edit.tsv	chr4_89348665-89348846	GGTGGCAGATACCCAGGGCA	133	+	30968
BE39max-GFP-R3_S6.allele.edit.tsv	chr17_76300934-76301163	AGCAGCCAGGACCCGGGGCT	82	-	17971
BE39max-GFP-R3_S6.allele.edit.tsv	chr14_74706002-74706171	AGCAGCCAATCACCGGGGCC	0	File not exist	0
BE39max-GFP-R3_S6.allele.edit.tsv	chr3_58000289-58000461	GGGAGCAGATACCCAGGGCC	46	+	11940
BE39max-GFP-R3_S6.allele.edit.tsv	chr15_89124512-89124687	TTAAGCCCATACCCAGGCCA	34	-	6971
BE39max-GFP-R3_S6.allele.edit.tsv	chr20_49574726-49574919	AGCTGCCGACACCCGGGCCG	442	+	15442
BE39max-GFP-R3_S6.allele.edit.tsv	chr4_53991751-53991928	GGAAACAGATACCTGGGGCT	18	+	5275
BE39max-GFP-R3_S6.allele.edit.tsv	chr11_60615875-60616034	AGCAGCCATACCGGGGACAT	73	-	15089
BE39max-GFP-R3_S6.allele.edit.tsv	chr20_60983847-60984033	CACAGCCGATCCCCAGGACC	15	-	1233
BE39max-GFP-R3_S6.allele.edit.tsv	chr7_158897806-158897987	TGCAGCCATGCTCGGGGCAA	35	-	8045
BE39max-GFP-R3_S6.allele.edit.tsv	chr22_19136622-19136789	TAGAGCCGACACCCGGGCCG	0	File not exist	0
BE39max-GFP-R3_S6.allele.edit.tsv	chr19_1392927-1393124	GACCACCGATTCCCGGGGCT	9	-	1762
BE39max-GFP-R3_S6.allele.edit.tsv	chr20_29938364-29938551	GGCTGCTGATACCTGGGGCA	54	-	16743
BE39max-GFP-R3_S6.allele.edit.tsv	chr16_49890543-49890769	GCTGAGCGATGCCCGGGGCA	0	File not exist	0
BE39max-GFP-R3_S6.allele.edit.tsv	chr17_61511269-61511475	GGCAGCAGATGCCTGGGGCA	10	-	3349
BE39max-GFP-R3_S6.allele.edit.tsv	chr1_2403916-2404069	GGCAGCCGCATCCCAGGGCT	8	-	1413
BE39max-GFP-R3_S6.allele.edit.tsv	chr4_41937355-41937562	GGAAGCCGGTACCCGGGTCC	113	+	7789
BE39max-GFP-R3_S6.allele.edit.tsv	chr8_5599740-5599908	GGCAGCCGAGACTCGGGAGA	69	-	12596
BE39max-GFP-R3_S6.allele.edit.tsv	chr17_18914340-18914505	ACCAGGCGATACCTGGGACT	28	+	5801
BE39max-GFP-R3_S6.allele.edit.tsv	chr5_26626507-26626741	AACTGCCAATACCCAGGTCA	30	+	8862
BE39max-GFP-R3_S6.allele.edit.tsv	chr20_8000428-8000610	GGTAACCGACACCCCGGGCA	0	File not exist	0
BE39max-GFP-R3_S6.allele.edit.tsv	chr7_150094948-150095120	GGCGGCCGCACTCGGGGCAC	0	File not exist	0
BE39max-GFP-R3_S6.allele.edit.tsv	chr16_545175-545416	AGCAGCCGCCACCCAGGGCC	146	+	16887
BE39max-GFP-R3_S6.allele.edit.tsv	chr19_55951987-55952150	GACCGCCGATCCCCGGGGTC	10	+	1308
BE39max-GFP-R3_S6.allele.edit.tsv	chr17_45005333-45005512	GGTAGCCGACACCTGAAGCA	41	-	9500
BE39max-GFP-R3_S6.allele.edit.tsv	chr17_27228227-27228403	AGGAACTGATACCTGGGGCA	1	+	716
BE39max-GFP-R3_S6.allele.edit.tsv	chr18_11041813-11042050	GACAGAGATACCTGGGGCAT	30	-	7845
BE39max-GFP-R3_S6.allele.edit.tsv	chr2_8767938-8768155	AGCAGCCGGTAGCCGGGGCA	78	+	20134
BE39max-GFP-R3_S6.allele.edit.tsv	chr5_52995203-52995396	AACAGTCGTTACCAGGGGCA	110	+	22653
BE39max-GFP-R3_S6.allele.edit.tsv	chr6_168386807-168386968	GGCAGCCGAACCTGGGGGCT	8	-	1459
BE39max-GFP-R3_S6.allele.edit.tsv	chr8_144793210-144793378	GGCAGCCAGACCCGGGTCAG	0	File not exist	0
BE39max-GFP-R3_S6.allele.edit.tsv	chr20_2127723-2127883	GGGCAGAGATGCCCGGGGCA	69	+	21917
BE39max-GFP-R3_S6.allele.edit.tsv	chr6_135818701-135818865	CGGAGCCGACACCCGGAGCA	0	File not exist	0
BE39max-GFP-R3_S6.allele.edit.tsv	chr17_77652091-77652331	AGCAGCCATTCCTGGGGCAC	192	-	38195
BE39max-GFP-R3_S6.allele.edit.tsv	chr22_30793412-30793573	GGCAGCCGGGCCCTGGGGCA	11	+	1348
BE39max-GFP-R3_S6.allele.edit.tsv	chr15_100855332-100855553	TGCAGTGGATACCTGGGGCA	2	-	184
BE39max-GFP-R3_S6.allele.edit.tsv	chr2_46183067-46183251	CGCAGCGGTTACCCGGGGCT	172	-	31040
BE39max-GFP-R3_S6.allele.edit.tsv	chr5_87692274-87692444	GGCATCTGATACTAGGGGCA	57	+	22594
BE39max-GFP-R3_S6.allele.edit.tsv	chr2_20345637-20345817	GACAGCCAAGTCCCAGGGCA	121	+	24116
BE39max-GFP-R3_S6.allele.edit.tsv	chr7_32459188-32459357	GGGAGCCGAAGCCCAGGGCT	54	-	10377
BE39max-GFP-R3_S6.allele.edit.tsv	chr15_28008753-28008910	GGCAGCAGATGCCCAGGGCA	21	+	3411
BE39max-GFP-R3_S6.allele.edit.tsv	chr16_3515802-3515970	AGACCCCGATACCCAGGGTA	140	+	14876
BE39max-GFP-R3_S6.allele.edit.tsv	chrX_111465984-111466148	GTCAGCAGTATACCAGGGGC	23	-	5605
BE39max-GFP-R3_S6.allele.edit.tsv	chr12_133199694-133199883	TGAGGCCGATGCCCGAGGCT	92	-	15768
BE39max-GFP-R3_S6.allele.edit.tsv	chr12_3311817-3312020	AGCAGCCCACACCCCAGGCA	18	-	2129
BE39max-GFP-R3_S6.allele.edit.tsv	chr22_20194212-20194370	GGCACACGGTACCCAGGGCA	7	+	1177
BE39max-GFP-R3_S6.allele.edit.tsv	chr17_79133554-79133736	GCTACCCGATACCAGGGACA	0	File not exist	0
BE39max-US-R1_S1.allele.edit.tsv	Sample	gRNA	#Reads	strand	denominator
BE39max-US-R1_S1.allele.edit.tsv	AMPLICON_NAME	input_gRNA	0	File not exist	0
BE39max-US-R1_S1.allele.edit.tsv	chr4_81105331-81105515	GGCAGCGTTCCCCGGGGCGG	0	File not exist	0
BE39max-US-R1_S1.allele.edit.tsv	chr9_139735590-139735782	GGCAGCCTGGGCCCGGGGCA	0	File not exist	0
BE39max-US-R1_S1.allele.edit.tsv	chr12_117452896-117453078	TGGAGCCCATACTCAGGGCA	15	+	5614
BE39max-US-R1_S1.allele.edit.tsv	chr17_52382550-52382778	TTCAGCCGATATCTGGAGCA	95	-	27244
BE39max-US-R1_S1.allele.edit.tsv	chr4_57518391-57518626	CAGGGCCGATACTTGGGGCA	9	-	5009
BE39max-US-R1_S1.allele.edit.tsv	chr19_17359259-17359497	GGCAGCTGAAACCCGAGACA	0	File not exist	0
BE39max-US-R1_S1.allele.edit.tsv	chr3_138856671-138856838	AGCAGCTGATGCCCAGGACA	197	+	51239
BE39max-US-R1_S1.allele.edit.tsv	chr11_15710664-15710823	GGCAGCCAATACCTGGAACA	52	-	11147
BE39max-US-R1_S1.allele.edit.tsv	chr14_92955814-92955983	TCAAGCCGATGCTCGGGGCT	18	-	4175
BE39max-US-R1_S1.allele.edit.tsv	chr8_49242497-49242667	AGCCGCAGATACCCAGGGCA	81	-	13773
BE39max-US-R1_S1.allele.edit.tsv	chr20_1797181-1797350	GGCAGTAGATACCCAGAGCA	89	+	24357
BE39max-US-R1_S1.allele.edit.tsv	chr1_111032325-111032499	GGCAGCCGCTACCTGAGGCA	129	-	26455
BE39max-US-R1_S1.allele.edit.tsv	chr17_40220117-40220303	AGCTGCCGATGCTCAGGGCA	55	-	12040
BE39max-US-R1_S1.allele.edit.tsv	chr12_122502982-122503164	AGCAGCCAGTGCCCAGGGCA	140	-	15584
BE39max-US-R1_S1.allele.edit.tsv	chr3_51567611-51567789	TGGTGCCGAAACCTGGGGCA	35	-	9220
BE39max-US-R1_S1.allele.edit.tsv	chr15_66545684-66545849	GGCAGCCGGGACCCGGGCAG	0	File not exist	0
BE39max-US-R1_S1.allele.edit.tsv	chr5_133797239-133797427	GGGAGGCGATACCCAAGGCA	36	-	9953
BE39max-US-R1_S1.allele.edit.tsv	chr18_49218685-49218869	AGCAGCCCATATTCGGGACA	125	-	35402
BE39max-US-R1_S1.allele.edit.tsv	chr6_80657482-80657656	AGGGGCCGATGCCCGGGACA	0	File not exist	0
BE39max-US-R1_S1.allele.edit.tsv	chr15_86628542-86628724	GGCAGCCATTACCAAGGGCA	250	-	58484
BE39max-US-R1_S1.allele.edit.tsv	chr5_141663730-141663922	GGCGGCCAATACCTGGGGAA	15	-	2978
BE39max-US-R1_S1.allele.edit.tsv	chr12_95232437-95232602	TCCAGCCCATACTCAGGGCA	220	-	34755
BE39max-US-R1_S1.allele.edit.tsv	chr20_4679914-4680144	GGCAGCCGATACCCGGGGCA	1404	+	3174
BE39max-US-R1_S1.allele.edit.tsv	chr10_132887513-132887740	CCCAGCAGAGACCCGGGGCA	25	+	3654
BE39max-US-R1_S1.allele.edit.tsv	chr12_43070476-43070668	TAGAGCCCATACCTGGGGCT	10	-	2196
BE39max-US-R1_S1.allele.edit.tsv	chr17_2031349-2031574	AGCAGCGATGCCCAGGGCAA	17	+	3700
BE39max-US-R1_S1.allele.edit.tsv	chr1_209423825-209424003	CGTAGCAGATACCTGGGGCA	136	-	39590
BE39max-US-R1_S1.allele.edit.tsv	chr2_62677834-62677999	GGCAACCGATACCTGGGCAG	74	-	19392
BE39max-US-R1_S1.allele.edit.tsv	chr1_2045336-2045540	GGCACCCAATCCCCAGGGCA	70	-	11663
BE39max-US-R1_S1.allele.edit.tsv	chr5_132669275-132669500	TGTAGCCGATTCCCAGAGCA	152	+	29488
BE39max-US-R1_S1.allele.edit.tsv	chr15_78984224-78984415	CATAGCCGAGACCCAGGCCA	235	-	41576
BE39max-US-R1_S1.allele.edit.tsv	chr7_8160433-8160630	GAGAGCCGAAGCCCGGGGCT	111	+	25916
BE39max-US-R1_S1.allele.edit.tsv	chr7_143079937-143080109	CGGAGCCGGAACCTGGGGCA	36	-	5784
BE39max-US-R1_S1.allele.edit.tsv	chr11_3938398-3938568	GGAAGCCATACCCAGGGCTG	124	-	35194
BE39max-US-R1_S1.allele.edit.tsv	chr20_61885898-61886115	CGCAGCTGTTACCCGGGGCT	0	File not exist	0
BE39max-US-R1_S1.allele.edit.tsv	chr8_48995772-48995937	TGGAGCCGTTACCTAGGGCA	96	+	25838
BE39max-US-R1_S1.allele.edit.tsv	chr21_46153848-46154025	GGCAGCAGAGACTCAGGGCA	47	+	14526
BE39max-US-R1_S1.allele.edit.tsv	chr1_18484952-18485140	GGCAGCAGACACCCGGGCCT	14	-	3967
BE39max-US-R1_S1.allele.edit.tsv	chrX_109245962-109246119	GGCGGCCGGTCCCCGGGGCT	0	File not exist	0
BE39max-US-R1_S1.allele.edit.tsv	chr1_198946376-198946549	GCTAGCCAATACTCAGGGCA	126	+	28899
BE39max-US-R1_S1.allele.edit.tsv	chr5_138539677-138539845	GGCAGTAGATAACTGGGACA	31	-	12639
BE39max-US-R1_S1.allele.edit.tsv	chr19_1489632-1489811	GGCAGCTGAGACCCCGGGCA	3	+	599
BE39max-US-R1_S1.allele.edit.tsv	chr1_210794357-210794520	TGGAGCTGATACTTGGGGCA	78	-	45607
BE39max-US-R1_S1.allele.edit.tsv	chr7_1882313-1882467	GGCAGCCGAGGCCCAGGGCA	0	File not exist	0
BE39max-US-R1_S1.allele.edit.tsv	chr6_137113008-137113238	GACAACCGATGCCAGGGGCA	0	File not exist	0
BE39max-US-R1_S1.allele.edit.tsv	chr3_135161839-135162011	AGCAGTAGATAACCAGGACA	2002	+	61238
BE39max-US-R1_S1.allele.edit.tsv	chr1_32538490-32538664	CGCGGCTGATACCCGGGACT	0	File not exist	0
BE39max-US-R1_S1.allele.edit.tsv	chr17_40847661-40847818	GGCAGGCGGTACCCGGGGCC	60	-	12217
BE39max-US-R1_S1.allele.edit.tsv	chr1_27293403-27293618	AGCAGCAGATACCCAGGGAA	72	-	15689
BE39max-US-R1_S1.allele.edit.tsv	chr18_29580811-29580990	TGGTGCCGAAACCCAGGACA	52	+	9175
BE39max-US-R1_S1.allele.edit.tsv	chr18_74171030-74171264	AGAAGCCGAAGCTCGGGGCA	26	-	4273
BE39max-US-R1_S1.allele.edit.tsv	chr4_89348665-89348846	GGTGGCAGATACCCAGGGCA	149	+	47371
BE39max-US-R1_S1.allele.edit.tsv	chr17_76300934-76301163	AGCAGCCAGGACCCGGGGCT	109	-	23810
BE39max-US-R1_S1.allele.edit.tsv	chr14_74706002-74706171	AGCAGCCAATCACCGGGGCC	0	File not exist	0
BE39max-US-R1_S1.allele.edit.tsv	chr3_58000289-58000461	GGGAGCAGATACCCAGGGCC	67	+	18778
BE39max-US-R1_S1.allele.edit.tsv	chr15_89124512-89124687	TTAAGCCCATACCCAGGCCA	71	-	12259
BE39max-US-R1_S1.allele.edit.tsv	chr20_49574726-49574919	AGCTGCCGACACCCGGGCCG	390	+	13878
BE39max-US-R1_S1.allele.edit.tsv	chr4_53991751-53991928	GGAAACAGATACCTGGGGCT	29	+	11316
BE39max-US-R1_S1.allele.edit.tsv	chr11_60615875-60616034	AGCAGCCATACCGGGGACAT	105	-	19309
BE39max-US-R1_S1.allele.edit.tsv	chr20_60983847-60984033	CACAGCCGATCCCCAGGACC	8	-	1216
BE39max-US-R1_S1.allele.edit.tsv	chr7_158897806-158897987	TGCAGCCATGCTCGGGGCAA	29	-	5686
BE39max-US-R1_S1.allele.edit.tsv	chr22_19136622-19136789	TAGAGCCGACACCCGGGCCG	0	File not exist	0
BE39max-US-R1_S1.allele.edit.tsv	chr19_1392927-1393124	GACCACCGATTCCCGGGGCT	3	-	999
BE39max-US-R1_S1.allele.edit.tsv	chr20_29938364-29938551	GGCTGCTGATACCTGGGGCA	120	-	33124
BE39max-US-R1_S1.allele.edit.tsv	chr16_49890543-49890769	GCTGAGCGATGCCCGGGGCA	0	File not exist	0
BE39max-US-R1_S1.allele.edit.tsv	chr17_61511269-61511475	GGCAGCAGATGCCTGGGGCA	18	-	3248
BE39max-US-R1_S1.allele.edit.tsv	chr1_2403916-2404069	GGCAGCCGCATCCCAGGGCT	0	File not exist	0
BE39max-US-R1_S1.allele.edit.tsv	chr4_41937355-41937562	GGAAGCCGGTACCCGGGTCC	78	+	12886
BE39max-US-R1_S1.allele.edit.tsv	chr8_5599740-5599908	GGCAGCCGAGACTCGGGAGA	68	-	18563
BE39max-US-R1_S1.allele.edit.tsv	chr17_18914340-18914505	ACCAGGCGATACCTGGGACT	43	+	7085
BE39max-US-R1_S1.allele.edit.tsv	chr5_26626507-26626741	AACTGCCAATACCCAGGTCA	79	+	15454
BE39max-US-R1_S1.allele.edit.tsv	chr20_8000428-8000610	GGTAACCGACACCCCGGGCA	0	File not exist	0
BE39max-US-R1_S1.allele.edit.tsv	chr7_150094948-150095120	GGCGGCCGCACTCGGGGCAC	0	File not exist	0
BE39max-US-R1_S1.allele.edit.tsv	chr16_545175-545416	AGCAGCCGCCACCCAGGGCC	109	+	16410
BE39max-US-R1_S1.allele.edit.tsv	chr19_55951987-55952150	GACCGCCGATCCCCGGGGTC	10	+	1190
BE39max-US-R1_S1.allele.edit.tsv	chr17_45005333-45005512	GGTAGCCGACACCTGAAGCA	41	-	13063
BE39max-US-R1_S1.allele.edit.tsv	chr17_27228227-27228403	AGGAACTGATACCTGGGGCA	3	+	903
BE39max-US-R1_S1.allele.edit.tsv	chr18_11041813-11042050	GACAGAGATACCTGGGGCAT	33	-	12660
BE39max-US-R1_S1.allele.edit.tsv	chr2_8767938-8768155	AGCAGCCGGTAGCCGGGGCA	29	+	6075
BE39max-US-R1_S1.allele.edit.tsv	chr5_52995203-52995396	AACAGTCGTTACCAGGGGCA	181	+	47000
BE39max-US-R1_S1.allele.edit.tsv	chr6_168386807-168386968	GGCAGCCGAACCTGGGGGCT	9	-	1744
BE39max-US-R1_S1.allele.edit.tsv	chr8_144793210-144793378	GGCAGCCAGACCCGGGTCAG	0	File not exist	0
BE39max-US-R1_S1.allele.edit.tsv	chr20_2127723-2127883	GGGCAGAGATGCCCGGGGCA	132	+	35487
BE39max-US-R1_S1.allele.edit.tsv	chr6_135818701-135818865	CGGAGCCGACACCCGGAGCA	1	+	439
BE39max-US-R1_S1.allele.edit.tsv	chr17_77652091-77652331	AGCAGCCATTCCTGGGGCAC	307	-	53932
BE39max-US-R1_S1.allele.edit.tsv	chr22_30793412-30793573	GGCAGCCGGGCCCTGGGGCA	4	+	847
BE39max-US-R1_S1.allele.edit.tsv	chr15_100855332-100855553	TGCAGTGGATACCTGGGGCA	0	-	246
BE39max-US-R1_S1.allele.edit.tsv	chr2_46183067-46183251	CGCAGCGGTTACCCGGGGCT	299	-	53428
BE39max-US-R1_S1.allele.edit.tsv	chr5_87692274-87692444	GGCATCTGATACTAGGGGCA	115	+	40180
BE39max-US-R1_S1.allele.edit.tsv	chr2_20345637-20345817	GACAGCCAAGTCCCAGGGCA	180	+	36972
BE39max-US-R1_S1.allele.edit.tsv	chr7_32459188-32459357	GGGAGCCGAAGCCCAGGGCT	74	-	14223
BE39max-US-R1_S1.allele.edit.tsv	chr15_28008753-28008910	GGCAGCAGATGCCCAGGGCA	16	+	4904
BE39max-US-R1_S1.allele.edit.tsv	chr16_3515802-3515970	AGACCCCGATACCCAGGGTA	114	+	20176
BE39max-US-R1_S1.allele.edit.tsv	chrX_111465984-111466148	GTCAGCAGTATACCAGGGGC	60	-	13777
BE39max-US-R1_S1.allele.edit.tsv	chr12_133199694-133199883	TGAGGCCGATGCCCGAGGCT	82	-	15423
BE39max-US-R1_S1.allele.edit.tsv	chr12_3311817-3312020	AGCAGCCCACACCCCAGGCA	20	-	3319
BE39max-US-R1_S1.allele.edit.tsv	chr22_20194212-20194370	GGCACACGGTACCCAGGGCA	4	+	1076
BE39max-US-R1_S1.allele.edit.tsv	chr17_79133554-79133736	GCTACCCGATACCAGGGACA	0	File not exist	0
BE39max-US-R2_S3.allele.edit.tsv	Sample	gRNA	#Reads	strand	denominator
BE39max-US-R2_S3.allele.edit.tsv	AMPLICON_NAME	input_gRNA	0	File not exist	0
BE39max-US-R2_S3.allele.edit.tsv	chr4_81105331-81105515	GGCAGCGTTCCCCGGGGCGG	0	File not exist	0
BE39max-US-R2_S3.allele.edit.tsv	chr9_139735590-139735782	GGCAGCCTGGGCCCGGGGCA	0	File not exist	0
BE39max-US-R2_S3.allele.edit.tsv	chr12_117452896-117453078	TGGAGCCCATACTCAGGGCA	10	+	4065
BE39max-US-R2_S3.allele.edit.tsv	chr17_52382550-52382778	TTCAGCCGATATCTGGAGCA	79	-	14953
BE39max-US-R2_S3.allele.edit.tsv	chr4_57518391-57518626	CAGGGCCGATACTTGGGGCA	12	-	3133
BE39max-US-R2_S3.allele.edit.tsv	chr19_17359259-17359497	GGCAGCTGAAACCCGAGACA	0	File not exist	0
BE39max-US-R2_S3.allele.edit.tsv	chr3_138856671-138856838	AGCAGCTGATGCCCAGGACA	120	+	29735
BE39max-US-R2_S3.allele.edit.tsv	chr11_15710664-15710823	GGCAGCCAATACCTGGAACA	24	-	7328
BE39max-US-R2_S3.allele.edit.tsv	chr14_92955814-92955983	TCAAGCCGATGCTCGGGGCT	17	-	2630
BE39max-US-R2_S3.allele.edit.tsv	chr8_49242497-49242667	AGCCGCAGATACCCAGGGCA	54	-	7968
BE39max-US-R2_S3.allele.edit.tsv	chr20_1797181-1797350	GGCAGTAGATACCCAGAGCA	50	+	14851
BE39max-US-R2_S3.allele.edit.tsv	chr1_111032325-111032499	GGCAGCCGCTACCTGAGGCA	116	-	16895
BE39max-US-R2_S3.allele.edit.tsv	chr17_40220117-40220303	AGCTGCCGATGCTCAGGGCA	48	-	9049
BE39max-US-R2_S3.allele.edit.tsv	chr12_122502982-122503164	AGCAGCCAGTGCCCAGGGCA	92	-	10127
BE39max-US-R2_S3.allele.edit.tsv	chr3_51567611-51567789	TGGTGCCGAAACCTGGGGCA	27	-	5219
BE39max-US-R2_S3.allele.edit.tsv	chr15_66545684-66545849	GGCAGCCGGGACCCGGGCAG	0	File not exist	0
BE39max-US-R2_S3.allele.edit.tsv	chr5_133797239-133797427	GGGAGGCGATACCCAAGGCA	36	-	9879
BE39max-US-R2_S3.allele.edit.tsv	chr18_49218685-49218869	AGCAGCCCATATTCGGGACA	111	-	23467
BE39max-US-R2_S3.allele.edit.tsv	chr6_80657482-80657656	AGGGGCCGATGCCCGGGACA	0	File not exist	0
BE39max-US-R2_S3.allele.edit.tsv	chr15_86628542-86628724	GGCAGCCATTACCAAGGGCA	187	-	37422
BE39max-US-R2_S3.allele.edit.tsv	chr5_141663730-141663922	GGCGGCCAATACCTGGGGAA	3	-	2206
BE39max-US-R2_S3.allele.edit.tsv	chr12_95232437-95232602	TCCAGCCCATACTCAGGGCA	114	-	19910
BE39max-US-R2_S3.allele.edit.tsv	chr20_4679914-4680144	GGCAGCCGATACCCGGGGCA	1137	+	2649
BE39max-US-R2_S3.allele.edit.tsv	chr10_132887513-132887740	CCCAGCAGAGACCCGGGGCA	13	+	3382
BE39max-US-R2_S3.allele.edit.tsv	chr12_43070476-43070668	TAGAGCCCATACCTGGGGCT	6	-	1811
BE39max-US-R2_S3.allele.edit.tsv	chr17_2031349-2031574	AGCAGCGATGCCCAGGGCAA	13	+	3656
BE39max-US-R2_S3.allele.edit.tsv	chr1_209423825-209424003	CGTAGCAGATACCTGGGGCA	101	-	28274
BE39max-US-R2_S3.allele.edit.tsv	chr2_62677834-62677999	GGCAACCGATACCTGGGCAG	54	-	12771
BE39max-US-R2_S3.allele.edit.tsv	chr1_2045336-2045540	GGCACCCAATCCCCAGGGCA	49	-	9555
BE39max-US-R2_S3.allele.edit.tsv	chr5_132669275-132669500	TGTAGCCGATTCCCAGAGCA	86	+	18500
BE39max-US-R2_S3.allele.edit.tsv	chr15_78984224-78984415	CATAGCCGAGACCCAGGCCA	162	-	24576
BE39max-US-R2_S3.allele.edit.tsv	chr7_8160433-8160630	GAGAGCCGAAGCCCGGGGCT	102	+	16905
BE39max-US-R2_S3.allele.edit.tsv	chr7_143079937-143080109	CGGAGCCGGAACCTGGGGCA	13	-	3636
BE39max-US-R2_S3.allele.edit.tsv	chr11_3938398-3938568	GGAAGCCATACCCAGGGCTG	110	-	19871
BE39max-US-R2_S3.allele.edit.tsv	chr20_61885898-61886115	CGCAGCTGTTACCCGGGGCT	0	File not exist	0
BE39max-US-R2_S3.allele.edit.tsv	chr8_48995772-48995937	TGGAGCCGTTACCTAGGGCA	58	+	15592
BE39max-US-R2_S3.allele.edit.tsv	chr21_46153848-46154025	GGCAGCAGAGACTCAGGGCA	50	+	9813
BE39max-US-R2_S3.allele.edit.tsv	chr1_18484952-18485140	GGCAGCAGACACCCGGGCCT	8	-	2139
BE39max-US-R2_S3.allele.edit.tsv	chrX_109245962-109246119	GGCGGCCGGTCCCCGGGGCT	0	File not exist	0
BE39max-US-R2_S3.allele.edit.tsv	chr1_198946376-198946549	GCTAGCCAATACTCAGGGCA	68	+	14745
BE39max-US-R2_S3.allele.edit.tsv	chr5_138539677-138539845	GGCAGTAGATAACTGGGACA	13	-	8053
BE39max-US-R2_S3.allele.edit.tsv	chr19_1489632-1489811	GGCAGCTGAGACCCCGGGCA	0	File not exist	0
BE39max-US-R2_S3.allele.edit.tsv	chr1_210794357-210794520	TGGAGCTGATACTTGGGGCA	49	-	28059
BE39max-US-R2_S3.allele.edit.tsv	chr7_1882313-1882467	GGCAGCCGAGGCCCAGGGCA	0	File not exist	0
BE39max-US-R2_S3.allele.edit.tsv	chr6_137113008-137113238	GACAACCGATGCCAGGGGCA	0	File not exist	0
BE39max-US-R2_S3.allele.edit.tsv	chr3_135161839-135162011	AGCAGTAGATAACCAGGACA	1426	+	41895
BE39max-US-R2_S3.allele.edit.tsv	chr1_32538490-32538664	CGCGGCTGATACCCGGGACT	0	File not exist	0
BE39max-US-R2_S3.allele.edit.tsv	chr17_40847661-40847818	GGCAGGCGGTACCCGGGGCC	57	-	7927
BE39max-US-R2_S3.allele.edit.tsv	chr1_27293403-27293618	AGCAGCAGATACCCAGGGAA	38	-	10620
BE39max-US-R2_S3.allele.edit.tsv	chr18_29580811-29580990	TGGTGCCGAAACCCAGGACA	23	+	6092
BE39max-US-R2_S3.allele.edit.tsv	chr18_74171030-74171264	AGAAGCCGAAGCTCGGGGCA	16	-	4655
BE39max-US-R2_S3.allele.edit.tsv	chr4_89348665-89348846	GGTGGCAGATACCCAGGGCA	108	+	31022
BE39max-US-R2_S3.allele.edit.tsv	chr17_76300934-76301163	AGCAGCCAGGACCCGGGGCT	98	-	16090
BE39max-US-R2_S3.allele.edit.tsv	chr14_74706002-74706171	AGCAGCCAATCACCGGGGCC	0	File not exist	0
BE39max-US-R2_S3.allele.edit.tsv	chr3_58000289-58000461	GGGAGCAGATACCCAGGGCC	47	+	12151
BE39max-US-R2_S3.allele.edit.tsv	chr15_89124512-89124687	TTAAGCCCATACCCAGGCCA	31	-	6951
BE39max-US-R2_S3.allele.edit.tsv	chr20_49574726-49574919	AGCTGCCGACACCCGGGCCG	345	+	12172
BE39max-US-R2_S3.allele.edit.tsv	chr4_53991751-53991928	GGAAACAGATACCTGGGGCT	20	+	5890
BE39max-US-R2_S3.allele.edit.tsv	chr11_60615875-60616034	AGCAGCCATACCGGGGACAT	56	-	13450
BE39max-US-R2_S3.allele.edit.tsv	chr20_60983847-60984033	CACAGCCGATCCCCAGGACC	9	-	799
BE39max-US-R2_S3.allele.edit.tsv	chr7_158897806-158897987	TGCAGCCATGCTCGGGGCAA	27	-	5488
BE39max-US-R2_S3.allele.edit.tsv	chr22_19136622-19136789	TAGAGCCGACACCCGGGCCG	0	File not exist	0
BE39max-US-R2_S3.allele.edit.tsv	chr19_1392927-1393124	GACCACCGATTCCCGGGGCT	0	File not exist	0
BE39max-US-R2_S3.allele.edit.tsv	chr20_29938364-29938551	GGCTGCTGATACCTGGGGCA	73	-	18771
BE39max-US-R2_S3.allele.edit.tsv	chr16_49890543-49890769	GCTGAGCGATGCCCGGGGCA	0	File not exist	0
BE39max-US-R2_S3.allele.edit.tsv	chr17_61511269-61511475	GGCAGCAGATGCCTGGGGCA	4	-	2158
BE39max-US-R2_S3.allele.edit.tsv	chr1_2403916-2404069	GGCAGCCGCATCCCAGGGCT	0	File not exist	0
BE39max-US-R2_S3.allele.edit.tsv	chr4_41937355-41937562	GGAAGCCGGTACCCGGGTCC	46	+	8764
BE39max-US-R2_S3.allele.edit.tsv	chr8_5599740-5599908	GGCAGCCGAGACTCGGGAGA	37	-	12218
BE39max-US-R2_S3.allele.edit.tsv	chr17_18914340-18914505	ACCAGGCGATACCTGGGACT	21	+	5313
BE39max-US-R2_S3.allele.edit.tsv	chr5_26626507-26626741	AACTGCCAATACCCAGGTCA	36	+	8183
BE39max-US-R2_S3.allele.edit.tsv	chr20_8000428-8000610	GGTAACCGACACCCCGGGCA	0	File not exist	0
BE39max-US-R2_S3.allele.edit.tsv	chr7_150094948-150095120	GGCGGCCGCACTCGGGGCAC	0	File not exist	0
BE39max-US-R2_S3.allele.edit.tsv	chr16_545175-545416	AGCAGCCGCCACCCAGGGCC	77	+	12349
BE39max-US-R2_S3.allele.edit.tsv	chr19_55951987-55952150	GACCGCCGATCCCCGGGGTC	2	+	898
BE39max-US-R2_S3.allele.edit.tsv	chr17_45005333-45005512	GGTAGCCGACACCTGAAGCA	68	-	12397
BE39max-US-R2_S3.allele.edit.tsv	chr17_27228227-27228403	AGGAACTGATACCTGGGGCA	0	File not exist	0
BE39max-US-R2_S3.allele.edit.tsv	chr18_11041813-11042050	GACAGAGATACCTGGGGCAT	21	-	8141
BE39max-US-R2_S3.allele.edit.tsv	chr2_8767938-8768155	AGCAGCCGGTAGCCGGGGCA	57	+	10792
BE39max-US-R2_S3.allele.edit.tsv	chr5_52995203-52995396	AACAGTCGTTACCAGGGGCA	108	+	28436
BE39max-US-R2_S3.allele.edit.tsv	chr6_168386807-168386968	GGCAGCCGAACCTGGGGGCT	7	-	1523
BE39max-US-R2_S3.allele.edit.tsv	chr8_144793210-144793378	GGCAGCCAGACCCGGGTCAG	0	File not exist	0
BE39max-US-R2_S3.allele.edit.tsv	chr20_2127723-2127883	GGGCAGAGATGCCCGGGGCA	82	+	21832
BE39max-US-R2_S3.allele.edit.tsv	chr6_135818701-135818865	CGGAGCCGACACCCGGAGCA	0	File not exist	0
BE39max-US-R2_S3.allele.edit.tsv	chr17_77652091-77652331	AGCAGCCATTCCTGGGGCAC	195	-	37646
BE39max-US-R2_S3.allele.edit.tsv	chr22_30793412-30793573	GGCAGCCGGGCCCTGGGGCA	0	File not exist	0
BE39max-US-R2_S3.allele.edit.tsv	chr15_100855332-100855553	TGCAGTGGATACCTGGGGCA	0	-	141
BE39max-US-R2_S3.allele.edit.tsv	chr2_46183067-46183251	CGCAGCGGTTACCCGGGGCT	193	-	32592
BE39max-US-R2_S3.allele.edit.tsv	chr5_87692274-87692444	GGCATCTGATACTAGGGGCA	65	+	23077
BE39max-US-R2_S3.allele.edit.tsv	chr2_20345637-20345817	GACAGCCAAGTCCCAGGGCA	102	+	22809
BE39max-US-R2_S3.allele.edit.tsv	chr7_32459188-32459357	GGGAGCCGAAGCCCAGGGCT	63	-	9118
BE39max-US-R2_S3.allele.edit.tsv	chr15_28008753-28008910	GGCAGCAGATGCCCAGGGCA	13	+	3019
BE39max-US-R2_S3.allele.edit.tsv	chr16_3515802-3515970	AGACCCCGATACCCAGGGTA	68	+	13248
BE39max-US-R2_S3.allele.edit.tsv	chrX_111465984-111466148	GTCAGCAGTATACCAGGGGC	28	-	7088
BE39max-US-R2_S3.allele.edit.tsv	chr12_133199694-133199883	TGAGGCCGATGCCCGAGGCT	52	-	11050
BE39max-US-R2_S3.allele.edit.tsv	chr12_3311817-3312020	AGCAGCCCACACCCCAGGCA	9	-	2180
BE39max-US-R2_S3.allele.edit.tsv	chr22_20194212-20194370	GGCACACGGTACCCAGGGCA	5	+	1225
BE39max-US-R2_S3.allele.edit.tsv	chr17_79133554-79133736	GCTACCCGATACCAGGGACA	0	File not exist	0
BE39max-US-R3_S5.allele.edit.tsv	Sample	gRNA	#Reads	strand	denominator
BE39max-US-R3_S5.allele.edit.tsv	AMPLICON_NAME	input_gRNA	0	File not exist	0
BE39max-US-R3_S5.allele.edit.tsv	chr4_81105331-81105515	GGCAGCGTTCCCCGGGGCGG	0	File not exist	0
BE39max-US-R3_S5.allele.edit.tsv	chr9_139735590-139735782	GGCAGCCTGGGCCCGGGGCA	6	-	888
BE39max-US-R3_S5.allele.edit.tsv	chr12_117452896-117453078	TGGAGCCCATACTCAGGGCA	65	+	14440
BE39max-US-R3_S5.allele.edit.tsv	chr17_52382550-52382778	TTCAGCCGATATCTGGAGCA	76	-	19201
BE39max-US-R3_S5.allele.edit.tsv	chr4_57518391-57518626	CAGGGCCGATACTTGGGGCA	40	-	13255
BE39max-US-R3_S5.allele.edit.tsv	chr19_17359259-17359497	GGCAGCTGAAACCCGAGACA	0	-	16
BE39max-US-R3_S5.allele.edit.tsv	chr3_138856671-138856838	AGCAGCTGATGCCCAGGACA	231	+	49295
BE39max-US-R3_S5.allele.edit.tsv	chr11_15710664-15710823	GGCAGCCAATACCTGGAACA	140	-	29482
BE39max-US-R3_S5.allele.edit.tsv	chr14_92955814-92955983	TCAAGCCGATGCTCGGGGCT	32	-	5194
BE39max-US-R3_S5.allele.edit.tsv	chr8_49242497-49242667	AGCCGCAGATACCCAGGGCA	101	-	12738
BE39max-US-R3_S5.allele.edit.tsv	chr20_1797181-1797350	GGCAGTAGATACCCAGAGCA	151	+	37211
BE39max-US-R3_S5.allele.edit.tsv	chr1_111032325-111032499	GGCAGCCGCTACCTGAGGCA	181	-	34652
BE39max-US-R3_S5.allele.edit.tsv	chr17_40220117-40220303	AGCTGCCGATGCTCAGGGCA	262	-	49557
BE39max-US-R3_S5.allele.edit.tsv	chr12_122502982-122503164	AGCAGCCAGTGCCCAGGGCA	255	-	31570
BE39max-US-R3_S5.allele.edit.tsv	chr3_51567611-51567789	TGGTGCCGAAACCTGGGGCA	91	-	22662
BE39max-US-R3_S5.allele.edit.tsv	chr15_66545684-66545849	GGCAGCCGGGACCCGGGCAG	0	File not exist	0
BE39max-US-R3_S5.allele.edit.tsv	chr5_133797239-133797427	GGGAGGCGATACCCAAGGCA	98	-	22750
BE39max-US-R3_S5.allele.edit.tsv	chr18_49218685-49218869	AGCAGCCCATATTCGGGACA	147	-	35991
BE39max-US-R3_S5.allele.edit.tsv	chr6_80657482-80657656	AGGGGCCGATGCCCGGGACA	0	File not exist	0
BE39max-US-R3_S5.allele.edit.tsv	chr15_86628542-86628724	GGCAGCCATTACCAAGGGCA	248	-	60215
BE39max-US-R3_S5.allele.edit.tsv	chr5_141663730-141663922	GGCGGCCAATACCTGGGGAA	10	-	3371
BE39max-US-R3_S5.allele.edit.tsv	chr12_95232437-95232602	TCCAGCCCATACTCAGGGCA	196	-	35063
BE39max-US-R3_S5.allele.edit.tsv	chr20_4679914-4680144	GGCAGCCGATACCCGGGGCA	3124	+	6481
BE39max-US-R3_S5.allele.edit.tsv	chr10_132887513-132887740	CCCAGCAGAGACCCGGGGCA	61	+	13751
BE39max-US-R3_S5.allele.edit.tsv	chr12_43070476-43070668	TAGAGCCCATACCTGGGGCT	9	-	2286
BE39max-US-R3_S5.allele.edit.tsv	chr17_2031349-2031574	AGCAGCGATGCCCAGGGCAA	31	+	6885
BE39max-US-R3_S5.allele.edit.tsv	chr1_209423825-209424003	CGTAGCAGATACCTGGGGCA	222	-	52197
BE39max-US-R3_S5.allele.edit.tsv	chr2_62677834-62677999	GGCAACCGATACCTGGGCAG	209	-	43640
BE39max-US-R3_S5.allele.edit.tsv	chr1_2045336-2045540	GGCACCCAATCCCCAGGGCA	163	-	28299
BE39max-US-R3_S5.allele.edit.tsv	chr5_132669275-132669500	TGTAGCCGATTCCCAGAGCA	152	+	33180
BE39max-US-R3_S5.allele.edit.tsv	chr15_78984224-78984415	CATAGCCGAGACCCAGGCCA	293	-	44298
BE39max-US-R3_S5.allele.edit.tsv	chr7_8160433-8160630	GAGAGCCGAAGCCCGGGGCT	135	+	27408
BE39max-US-R3_S5.allele.edit.tsv	chr7_143079937-143080109	CGGAGCCGGAACCTGGGGCA	91	-	16838
BE39max-US-R3_S5.allele.edit.tsv	chr11_3938398-3938568	GGAAGCCATACCCAGGGCTG	158	-	33754
BE39max-US-R3_S5.allele.edit.tsv	chr20_61885898-61886115	CGCAGCTGTTACCCGGGGCT	0	File not exist	0
BE39max-US-R3_S5.allele.edit.tsv	chr8_48995772-48995937	TGGAGCCGTTACCTAGGGCA	121	+	26444
BE39max-US-R3_S5.allele.edit.tsv	chr21_46153848-46154025	GGCAGCAGAGACTCAGGGCA	142	+	45508
BE39max-US-R3_S5.allele.edit.tsv	chr1_18484952-18485140	GGCAGCAGACACCCGGGCCT	18	-	3914
BE39max-US-R3_S5.allele.edit.tsv	chrX_109245962-109246119	GGCGGCCGGTCCCCGGGGCT	0	File not exist	0
BE39max-US-R3_S5.allele.edit.tsv	chr1_198946376-198946549	GCTAGCCAATACTCAGGGCA	113	+	21776
BE39max-US-R3_S5.allele.edit.tsv	chr5_138539677-138539845	GGCAGTAGATAACTGGGACA	83	-	38877
BE39max-US-R3_S5.allele.edit.tsv	chr19_1489632-1489811	GGCAGCTGAGACCCCGGGCA	20	+	3394
BE39max-US-R3_S5.allele.edit.tsv	chr1_210794357-210794520	TGGAGCTGATACTTGGGGCA	78	-	42666
BE39max-US-R3_S5.allele.edit.tsv	chr7_1882313-1882467	GGCAGCCGAGGCCCAGGGCA	3	+	615
BE39max-US-R3_S5.allele.edit.tsv	chr6_137113008-137113238	GACAACCGATGCCAGGGGCA	0	File not exist	0
BE39max-US-R3_S5.allele.edit.tsv	chr3_135161839-135162011	AGCAGTAGATAACCAGGACA	2333	+	65596
BE39max-US-R3_S5.allele.edit.tsv	chr1_32538490-32538664	CGCGGCTGATACCCGGGACT	0	File not exist	0
BE39max-US-R3_S5.allele.edit.tsv	chr17_40847661-40847818	GGCAGGCGGTACCCGGGGCC	134	-	20624
BE39max-US-R3_S5.allele.edit.tsv	chr1_27293403-27293618	AGCAGCAGATACCCAGGGAA	188	-	46555
BE39max-US-R3_S5.allele.edit.tsv	chr18_29580811-29580990	TGGTGCCGAAACCCAGGACA	96	+	13136
BE39max-US-R3_S5.allele.edit.tsv	chr18_74171030-74171264	AGAAGCCGAAGCTCGGGGCA	86	-	24106
BE39max-US-R3_S5.allele.edit.tsv	chr4_89348665-89348846	GGTGGCAGATACCCAGGGCA	191	+	48034
BE39max-US-R3_S5.allele.edit.tsv	chr17_76300934-76301163	AGCAGCCAGGACCCGGGGCT	296	-	58517
BE39max-US-R3_S5.allele.edit.tsv	chr14_74706002-74706171	AGCAGCCAATCACCGGGGCC	0	File not exist	0
BE39max-US-R3_S5.allele.edit.tsv	chr3_58000289-58000461	GGGAGCAGATACCCAGGGCC	186	+	47598
BE39max-US-R3_S5.allele.edit.tsv	chr15_89124512-89124687	TTAAGCCCATACCCAGGCCA	81	-	14162
BE39max-US-R3_S5.allele.edit.tsv	chr20_49574726-49574919	AGCTGCCGACACCCGGGCCG	662	+	25634
BE39max-US-R3_S5.allele.edit.tsv	chr4_53991751-53991928	GGAAACAGATACCTGGGGCT	33	+	12463
BE39max-US-R3_S5.allele.edit.tsv	chr11_60615875-60616034	AGCAGCCATACCGGGGACAT	340	-	68130
BE39max-US-R3_S5.allele.edit.tsv	chr20_60983847-60984033	CACAGCCGATCCCCAGGACC	91	-	7899
BE39max-US-R3_S5.allele.edit.tsv	chr7_158897806-158897987	TGCAGCCATGCTCGGGGCAA	80	-	17038
BE39max-US-R3_S5.allele.edit.tsv	chr22_19136622-19136789	TAGAGCCGACACCCGGGCCG	0	File not exist	0
BE39max-US-R3_S5.allele.edit.tsv	chr19_1392927-1393124	GACCACCGATTCCCGGGGCT	38	-	5123
BE39max-US-R3_S5.allele.edit.tsv	chr20_29938364-29938551	GGCTGCTGATACCTGGGGCA	129	-	30080
BE39max-US-R3_S5.allele.edit.tsv	chr16_49890543-49890769	GCTGAGCGATGCCCGGGGCA	0	File not exist	0
BE39max-US-R3_S5.allele.edit.tsv	chr17_61511269-61511475	GGCAGCAGATGCCTGGGGCA	35	-	9245
BE39max-US-R3_S5.allele.edit.tsv	chr1_2403916-2404069	GGCAGCCGCATCCCAGGGCT	9	-	3225
BE39max-US-R3_S5.allele.edit.tsv	chr4_41937355-41937562	GGAAGCCGGTACCCGGGTCC	55	+	13069
BE39max-US-R3_S5.allele.edit.tsv	chr8_5599740-5599908	GGCAGCCGAGACTCGGGAGA	106	-	23503
BE39max-US-R3_S5.allele.edit.tsv	chr17_18914340-18914505	ACCAGGCGATACCTGGGACT	129	+	23998
BE39max-US-R3_S5.allele.edit.tsv	chr5_26626507-26626741	AACTGCCAATACCCAGGTCA	33	+	10454
BE39max-US-R3_S5.allele.edit.tsv	chr20_8000428-8000610	GGTAACCGACACCCCGGGCA	10	-	1536
BE39max-US-R3_S5.allele.edit.tsv	chr7_150094948-150095120	GGCGGCCGCACTCGGGGCAC	0	File not exist	0
BE39max-US-R3_S5.allele.edit.tsv	chr16_545175-545416	AGCAGCCGCCACCCAGGGCC	432	+	58514
BE39max-US-R3_S5.allele.edit.tsv	chr19_55951987-55952150	GACCGCCGATCCCCGGGGTC	63	+	8574
BE39max-US-R3_S5.allele.edit.tsv	chr17_45005333-45005512	GGTAGCCGACACCTGAAGCA	139	-	22044
BE39max-US-R3_S5.allele.edit.tsv	chr17_27228227-27228403	AGGAACTGATACCTGGGGCA	11	+	6733
BE39max-US-R3_S5.allele.edit.tsv	chr18_11041813-11042050	GACAGAGATACCTGGGGCAT	57	-	15018
BE39max-US-R3_S5.allele.edit.tsv	chr2_8767938-8768155	AGCAGCCGGTAGCCGGGGCA	159	+	28818
BE39max-US-R3_S5.allele.edit.tsv	chr5_52995203-52995396	AACAGTCGTTACCAGGGGCA	126	+	39171
BE39max-US-R3_S5.allele.edit.tsv	chr6_168386807-168386968	GGCAGCCGAACCTGGGGGCT	59	-	11881
BE39max-US-R3_S5.allele.edit.tsv	chr8_144793210-144793378	GGCAGCCAGACCCGGGTCAG	0	File not exist	0
BE39max-US-R3_S5.allele.edit.tsv	chr20_2127723-2127883	GGGCAGAGATGCCCGGGGCA	160	+	40662
BE39max-US-R3_S5.allele.edit.tsv	chr6_135818701-135818865	CGGAGCCGACACCCGGAGCA	0	File not exist	0
BE39max-US-R3_S5.allele.edit.tsv	chr17_77652091-77652331	AGCAGCCATTCCTGGGGCAC	368	-	72950
BE39max-US-R3_S5.allele.edit.tsv	chr22_30793412-30793573	GGCAGCCGGGCCCTGGGGCA	8	+	2652
BE39max-US-R3_S5.allele.edit.tsv	chr15_100855332-100855553	TGCAGTGGATACCTGGGGCA	1	-	348
BE39max-US-R3_S5.allele.edit.tsv	chr2_46183067-46183251	CGCAGCGGTTACCCGGGGCT	310	-	51097
BE39max-US-R3_S5.allele.edit.tsv	chr5_87692274-87692444	GGCATCTGATACTAGGGGCA	121	+	33199
BE39max-US-R3_S5.allele.edit.tsv	chr2_20345637-20345817	GACAGCCAAGTCCCAGGGCA	237	+	42642
BE39max-US-R3_S5.allele.edit.tsv	chr7_32459188-32459357	GGGAGCCGAAGCCCAGGGCT	153	-	29331
BE39max-US-R3_S5.allele.edit.tsv	chr15_28008753-28008910	GGCAGCAGATGCCCAGGGCA	48	+	12159
BE39max-US-R3_S5.allele.edit.tsv	chr16_3515802-3515970	AGACCCCGATACCCAGGGTA	286	+	52538
BE39max-US-R3_S5.allele.edit.tsv	chrX_111465984-111466148	GTCAGCAGTATACCAGGGGC	35	-	9277
BE39max-US-R3_S5.allele.edit.tsv	chr12_133199694-133199883	TGAGGCCGATGCCCGAGGCT	256	-	46801
BE39max-US-R3_S5.allele.edit.tsv	chr12_3311817-3312020	AGCAGCCCACACCCCAGGCA	101	-	12910
BE39max-US-R3_S5.allele.edit.tsv	chr22_20194212-20194370	GGCACACGGTACCCAGGGCA	19	+	3496
BE39max-US-R3_S5.allele.edit.tsv	chr17_79133554-79133736	GCTACCCGATACCAGGGACA	0	File not exist	0
NT-R1_S7.allele.edit.tsv	Sample	gRNA	#Reads	strand	denominator
NT-R1_S7.allele.edit.tsv	AMPLICON_NAME	input_gRNA	0	File not exist	0
NT-R1_S7.allele.edit.tsv	chr4_81105331-81105515	GGCAGCGTTCCCCGGGGCGG	0	File not exist	0
NT-R1_S7.allele.edit.tsv	chr9_139735590-139735782	GGCAGCCTGGGCCCGGGGCA	0	File not exist	0
NT-R1_S7.allele.edit.tsv	chr12_117452896-117453078	TGGAGCCCATACTCAGGGCA	17	+	4176
NT-R1_S7.allele.edit.tsv	chr17_52382550-52382778	TTCAGCCGATATCTGGAGCA	77	-	16728
NT-R1_S7.allele.edit.tsv	chr4_57518391-57518626	CAGGGCCGATACTTGGGGCA	15	-	3517
NT-R1_S7.allele.edit.tsv	chr19_17359259-17359497	GGCAGCTGAAACCCGAGACA	0	File not exist	0
NT-R1_S7.allele.edit.tsv	chr3_138856671-138856838	AGCAGCTGATGCCCAGGACA	125	+	32635
NT-R1_S7.allele.edit.tsv	chr11_15710664-15710823	GGCAGCCAATACCTGGAACA	37	-	7875
NT-R1_S7.allele.edit.tsv	chr14_92955814-92955983	TCAAGCCGATGCTCGGGGCT	18	-	2730
NT-R1_S7.allele.edit.tsv	chr8_49242497-49242667	AGCCGCAGATACCCAGGGCA	52	-	8932
NT-R1_S7.allele.edit.tsv	chr20_1797181-1797350	GGCAGTAGATACCCAGAGCA	71	+	16778
NT-R1_S7.allele.edit.tsv	chr1_111032325-111032499	GGCAGCCGCTACCTGAGGCA	125	-	20080
NT-R1_S7.allele.edit.tsv	chr17_40220117-40220303	AGCTGCCGATGCTCAGGGCA	57	-	9659
NT-R1_S7.allele.edit.tsv	chr12_122502982-122503164	AGCAGCCAGTGCCCAGGGCA	53	-	11823
NT-R1_S7.allele.edit.tsv	chr3_51567611-51567789	TGGTGCCGAAACCTGGGGCA	15	-	5532
NT-R1_S7.allele.edit.tsv	chr15_66545684-66545849	GGCAGCCGGGACCCGGGCAG	0	File not exist	0
NT-R1_S7.allele.edit.tsv	chr5_133797239-133797427	GGGAGGCGATACCCAAGGCA	37	-	11684
NT-R1_S7.allele.edit.tsv	chr18_49218685-49218869	AGCAGCCCATATTCGGGACA	106	-	26935
NT-R1_S7.allele.edit.tsv	chr6_80657482-80657656	AGGGGCCGATGCCCGGGACA	0	File not exist	0
NT-R1_S7.allele.edit.tsv	chr15_86628542-86628724	GGCAGCCATTACCAAGGGCA	248	-	44262
NT-R1_S7.allele.edit.tsv	chr5_141663730-141663922	GGCGGCCAATACCTGGGGAA	5	-	2398
NT-R1_S7.allele.edit.tsv	chr12_95232437-95232602	TCCAGCCCATACTCAGGGCA	134	-	21566
NT-R1_S7.allele.edit.tsv	chr20_4679914-4680144	GGCAGCCGATACCCGGGGCA	25	+	3347
NT-R1_S7.allele.edit.tsv	chr10_132887513-132887740	CCCAGCAGAGACCCGGGGCA	25	+	3792
NT-R1_S7.allele.edit.tsv	chr12_43070476-43070668	TAGAGCCCATACCTGGGGCT	16	-	2072
NT-R1_S7.allele.edit.tsv	chr17_2031349-2031574	AGCAGCGATGCCCAGGGCAA	20	+	4168
NT-R1_S7.allele.edit.tsv	chr1_209423825-209424003	CGTAGCAGATACCTGGGGCA	127	-	30096
NT-R1_S7.allele.edit.tsv	chr2_62677834-62677999	GGCAACCGATACCTGGGCAG	75	-	14511
NT-R1_S7.allele.edit.tsv	chr1_2045336-2045540	GGCACCCAATCCCCAGGGCA	69	-	10733
NT-R1_S7.allele.edit.tsv	chr5_132669275-132669500	TGTAGCCGATTCCCAGAGCA	102	+	21024
NT-R1_S7.allele.edit.tsv	chr15_78984224-78984415	CATAGCCGAGACCCAGGCCA	197	-	29729
NT-R1_S7.allele.edit.tsv	chr7_8160433-8160630	GAGAGCCGAAGCCCGGGGCT	87	+	19797
NT-R1_S7.allele.edit.tsv	chr7_143079937-143080109	CGGAGCCGGAACCTGGGGCA	14	-	4049
NT-R1_S7.allele.edit.tsv	chr11_3938398-3938568	GGAAGCCATACCCAGGGCTG	88	-	23050
NT-R1_S7.allele.edit.tsv	chr20_61885898-61886115	CGCAGCTGTTACCCGGGGCT	0	File not exist	0
NT-R1_S7.allele.edit.tsv	chr8_48995772-48995937	TGGAGCCGTTACCTAGGGCA	53	+	17160
NT-R1_S7.allele.edit.tsv	chr21_46153848-46154025	GGCAGCAGAGACTCAGGGCA	48	+	11184
NT-R1_S7.allele.edit.tsv	chr1_18484952-18485140	GGCAGCAGACACCCGGGCCT	8	-	2563
NT-R1_S7.allele.edit.tsv	chrX_109245962-109246119	GGCGGCCGGTCCCCGGGGCT	0	File not exist	0
NT-R1_S7.allele.edit.tsv	chr1_198946376-198946549	GCTAGCCAATACTCAGGGCA	74	+	16570
NT-R1_S7.allele.edit.tsv	chr5_138539677-138539845	GGCAGTAGATAACTGGGACA	19	-	8785
NT-R1_S7.allele.edit.tsv	chr19_1489632-1489811	GGCAGCTGAGACCCCGGGCA	0	File not exist	0
NT-R1_S7.allele.edit.tsv	chr1_210794357-210794520	TGGAGCTGATACTTGGGGCA	52	-	29989
NT-R1_S7.allele.edit.tsv	chr7_1882313-1882467	GGCAGCCGAGGCCCAGGGCA	0	File not exist	0
NT-R1_S7.allele.edit.tsv	chr6_137113008-137113238	GACAACCGATGCCAGGGGCA	0	File not exist	0
NT-R1_S7.allele.edit.tsv	chr3_135161839-135162011	AGCAGTAGATAACCAGGACA	1565	+	45810
NT-R1_S7.allele.edit.tsv	chr1_32538490-32538664	CGCGGCTGATACCCGGGACT	0	File not exist	0
NT-R1_S7.allele.edit.tsv	chr17_40847661-40847818	GGCAGGCGGTACCCGGGGCC	46	-	8379
NT-R1_S7.allele.edit.tsv	chr1_27293403-27293618	AGCAGCAGATACCCAGGGAA	30	-	10997
NT-R1_S7.allele.edit.tsv	chr18_29580811-29580990	TGGTGCCGAAACCCAGGACA	31	+	7144
NT-R1_S7.allele.edit.tsv	chr18_74171030-74171264	AGAAGCCGAAGCTCGGGGCA	22	-	5434
NT-R1_S7.allele.edit.tsv	chr4_89348665-89348846	GGTGGCAGATACCCAGGGCA	114	+	33195
NT-R1_S7.allele.edit.tsv	chr17_76300934-76301163	AGCAGCCAGGACCCGGGGCT	107	-	19116
NT-R1_S7.allele.edit.tsv	chr14_74706002-74706171	AGCAGCCAATCACCGGGGCC	0	File not exist	0
NT-R1_S7.allele.edit.tsv	chr3_58000289-58000461	GGGAGCAGATACCCAGGGCC	56	+	14165
NT-R1_S7.allele.edit.tsv	chr15_89124512-89124687	TTAAGCCCATACCCAGGCCA	49	-	7902
NT-R1_S7.allele.edit.tsv	chr20_49574726-49574919	AGCTGCCGACACCCGGGCCG	440	+	14819
NT-R1_S7.allele.edit.tsv	chr4_53991751-53991928	GGAAACAGATACCTGGGGCT	15	+	6245
NT-R1_S7.allele.edit.tsv	chr11_60615875-60616034	AGCAGCCATACCGGGGACAT	77	-	15763
NT-R1_S7.allele.edit.tsv	chr20_60983847-60984033	CACAGCCGATCCCCAGGACC	7	-	1051
NT-R1_S7.allele.edit.tsv	chr7_158897806-158897987	TGCAGCCATGCTCGGGGCAA	39	-	5853
NT-R1_S7.allele.edit.tsv	chr22_19136622-19136789	TAGAGCCGACACCCGGGCCG	0	File not exist	0
NT-R1_S7.allele.edit.tsv	chr19_1392927-1393124	GACCACCGATTCCCGGGGCT	5	-	649
NT-R1_S7.allele.edit.tsv	chr20_29938364-29938551	GGCTGCTGATACCTGGGGCA	67	-	20158
NT-R1_S7.allele.edit.tsv	chr16_49890543-49890769	GCTGAGCGATGCCCGGGGCA	0	File not exist	0
NT-R1_S7.allele.edit.tsv	chr17_61511269-61511475	GGCAGCAGATGCCTGGGGCA	9	-	2621
NT-R1_S7.allele.edit.tsv	chr1_2403916-2404069	GGCAGCCGCATCCCAGGGCT	0	File not exist	0
NT-R1_S7.allele.edit.tsv	chr4_41937355-41937562	GGAAGCCGGTACCCGGGTCC	62	+	10357
NT-R1_S7.allele.edit.tsv	chr8_5599740-5599908	GGCAGCCGAGACTCGGGAGA	63	-	12656
NT-R1_S7.allele.edit.tsv	chr17_18914340-18914505	ACCAGGCGATACCTGGGACT	26	+	5680
NT-R1_S7.allele.edit.tsv	chr5_26626507-26626741	AACTGCCAATACCCAGGTCA	45	+	9521
NT-R1_S7.allele.edit.tsv	chr20_8000428-8000610	GGTAACCGACACCCCGGGCA	0	File not exist	0
NT-R1_S7.allele.edit.tsv	chr7_150094948-150095120	GGCGGCCGCACTCGGGGCAC	0	File not exist	0
NT-R1_S7.allele.edit.tsv	chr16_545175-545416	AGCAGCCGCCACCCAGGGCC	117	+	14917
NT-R1_S7.allele.edit.tsv	chr19_55951987-55952150	GACCGCCGATCCCCGGGGTC	9	+	1145
NT-R1_S7.allele.edit.tsv	chr17_45005333-45005512	GGTAGCCGACACCTGAAGCA	57	-	13488
NT-R1_S7.allele.edit.tsv	chr17_27228227-27228403	AGGAACTGATACCTGGGGCA	0	File not exist	0
NT-R1_S7.allele.edit.tsv	chr18_11041813-11042050	GACAGAGATACCTGGGGCAT	20	-	8293
NT-R1_S7.allele.edit.tsv	chr2_8767938-8768155	AGCAGCCGGTAGCCGGGGCA	67	+	14156
NT-R1_S7.allele.edit.tsv	chr5_52995203-52995396	AACAGTCGTTACCAGGGGCA	140	+	32245
NT-R1_S7.allele.edit.tsv	chr6_168386807-168386968	GGCAGCCGAACCTGGGGGCT	8	-	1498
NT-R1_S7.allele.edit.tsv	chr8_144793210-144793378	GGCAGCCAGACCCGGGTCAG	0	File not exist	0
NT-R1_S7.allele.edit.tsv	chr20_2127723-2127883	GGGCAGAGATGCCCGGGGCA	112	+	24193
NT-R1_S7.allele.edit.tsv	chr6_135818701-135818865	CGGAGCCGACACCCGGAGCA	0	File not exist	0
NT-R1_S7.allele.edit.tsv	chr17_77652091-77652331	AGCAGCCATTCCTGGGGCAC	265	-	45351
NT-R1_S7.allele.edit.tsv	chr22_30793412-30793573	GGCAGCCGGGCCCTGGGGCA	1	+	595
NT-R1_S7.allele.edit.tsv	chr15_100855332-100855553	TGCAGTGGATACCTGGGGCA	0	-	177
NT-R1_S7.allele.edit.tsv	chr2_46183067-46183251	CGCAGCGGTTACCCGGGGCT	195	-	34744
NT-R1_S7.allele.edit.tsv	chr5_87692274-87692444	GGCATCTGATACTAGGGGCA	64	+	25288
NT-R1_S7.allele.edit.tsv	chr2_20345637-20345817	GACAGCCAAGTCCCAGGGCA	115	+	24237
NT-R1_S7.allele.edit.tsv	chr7_32459188-32459357	GGGAGCCGAAGCCCAGGGCT	57	-	10492
NT-R1_S7.allele.edit.tsv	chr15_28008753-28008910	GGCAGCAGATGCCCAGGGCA	23	+	3416
NT-R1_S7.allele.edit.tsv	chr16_3515802-3515970	AGACCCCGATACCCAGGGTA	73	+	14940
NT-R1_S7.allele.edit.tsv	chrX_111465984-111466148	GTCAGCAGTATACCAGGGGC	23	-	7162
NT-R1_S7.allele.edit.tsv	chr12_133199694-133199883	TGAGGCCGATGCCCGAGGCT	92	-	14198
NT-R1_S7.allele.edit.tsv	chr12_3311817-3312020	AGCAGCCCACACCCCAGGCA	18	-	2152
NT-R1_S7.allele.edit.tsv	chr22_20194212-20194370	GGCACACGGTACCCAGGGCA	14	+	1381
NT-R1_S7.allele.edit.tsv	chr17_79133554-79133736	GCTACCCGATACCAGGGACA	0	File not exist	0
NT-R2_S8.allele.edit.tsv	Sample	gRNA	#Reads	strand	denominator
NT-R2_S8.allele.edit.tsv	AMPLICON_NAME	input_gRNA	0	File not exist	0
NT-R2_S8.allele.edit.tsv	chr4_81105331-81105515	GGCAGCGTTCCCCGGGGCGG	0	File not exist	0
NT-R2_S8.allele.edit.tsv	chr9_139735590-139735782	GGCAGCCTGGGCCCGGGGCA	0	File not exist	0
NT-R2_S8.allele.edit.tsv	chr12_117452896-117453078	TGGAGCCCATACTCAGGGCA	37	+	5352
NT-R2_S8.allele.edit.tsv	chr17_52382550-52382778	TTCAGCCGATATCTGGAGCA	82	-	23371
NT-R2_S8.allele.edit.tsv	chr4_57518391-57518626	CAGGGCCGATACTTGGGGCA	19	-	4710
NT-R2_S8.allele.edit.tsv	chr19_17359259-17359497	GGCAGCTGAAACCCGAGACA	0	-	5
NT-R2_S8.allele.edit.tsv	chr3_138856671-138856838	AGCAGCTGATGCCCAGGACA	204	+	48817
NT-R2_S8.allele.edit.tsv	chr11_15710664-15710823	GGCAGCCAATACCTGGAACA	37	-	10941
NT-R2_S8.allele.edit.tsv	chr14_92955814-92955983	TCAAGCCGATGCTCGGGGCT	30	-	3976
NT-R2_S8.allele.edit.tsv	chr8_49242497-49242667	AGCCGCAGATACCCAGGGCA	77	-	12663
NT-R2_S8.allele.edit.tsv	chr20_1797181-1797350	GGCAGTAGATACCCAGAGCA	98	+	22737
NT-R2_S8.allele.edit.tsv	chr1_111032325-111032499	GGCAGCCGCTACCTGAGGCA	135	-	28026
NT-R2_S8.allele.edit.tsv	chr17_40220117-40220303	AGCTGCCGATGCTCAGGGCA	53	-	13045
NT-R2_S8.allele.edit.tsv	chr12_122502982-122503164	AGCAGCCAGTGCCCAGGGCA	92	-	16476
NT-R2_S8.allele.edit.tsv	chr3_51567611-51567789	TGGTGCCGAAACCTGGGGCA	31	-	8536
NT-R2_S8.allele.edit.tsv	chr15_66545684-66545849	GGCAGCCGGGACCCGGGCAG	0	File not exist	0
NT-R2_S8.allele.edit.tsv	chr5_133797239-133797427	GGGAGGCGATACCCAAGGCA	37	-	12981
NT-R2_S8.allele.edit.tsv	chr18_49218685-49218869	AGCAGCCCATATTCGGGACA	128	-	35439
NT-R2_S8.allele.edit.tsv	chr6_80657482-80657656	AGGGGCCGATGCCCGGGACA	1	-	125
NT-R2_S8.allele.edit.tsv	chr15_86628542-86628724	GGCAGCCATTACCAAGGGCA	246	-	57742
NT-R2_S8.allele.edit.tsv	chr5_141663730-141663922	GGCGGCCAATACCTGGGGAA	14	-	2719
NT-R2_S8.allele.edit.tsv	chr12_95232437-95232602	TCCAGCCCATACTCAGGGCA	162	-	32000
NT-R2_S8.allele.edit.tsv	chr20_4679914-4680144	GGCAGCCGATACCCGGGGCA	14	+	3526
NT-R2_S8.allele.edit.tsv	chr10_132887513-132887740	CCCAGCAGAGACCCGGGGCA	23	+	4089
NT-R2_S8.allele.edit.tsv	chr12_43070476-43070668	TAGAGCCCATACCTGGGGCT	9	-	2256
NT-R2_S8.allele.edit.tsv	chr17_2031349-2031574	AGCAGCGATGCCCAGGGCAA	36	+	4903
NT-R2_S8.allele.edit.tsv	chr1_209423825-209424003	CGTAGCAGATACCTGGGGCA	152	-	41837
NT-R2_S8.allele.edit.tsv	chr2_62677834-62677999	GGCAACCGATACCTGGGCAG	74	-	19118
NT-R2_S8.allele.edit.tsv	chr1_2045336-2045540	GGCACCCAATCCCCAGGGCA	62	-	11966
NT-R2_S8.allele.edit.tsv	chr5_132669275-132669500	TGTAGCCGATTCCCAGAGCA	138	+	27964
NT-R2_S8.allele.edit.tsv	chr15_78984224-78984415	CATAGCCGAGACCCAGGCCA	278	-	41801
NT-R2_S8.allele.edit.tsv	chr7_8160433-8160630	GAGAGCCGAAGCCCGGGGCT	131	+	26446
NT-R2_S8.allele.edit.tsv	chr7_143079937-143080109	CGGAGCCGGAACCTGGGGCA	19	-	4777
NT-R2_S8.allele.edit.tsv	chr11_3938398-3938568	GGAAGCCATACCCAGGGCTG	177	-	34430
NT-R2_S8.allele.edit.tsv	chr20_61885898-61886115	CGCAGCTGTTACCCGGGGCT	0	File not exist	0
NT-R2_S8.allele.edit.tsv	chr8_48995772-48995937	TGGAGCCGTTACCTAGGGCA	72	+	24487
NT-R2_S8.allele.edit.tsv	chr21_46153848-46154025	GGCAGCAGAGACTCAGGGCA	53	+	14745
NT-R2_S8.allele.edit.tsv	chr1_18484952-18485140	GGCAGCAGACACCCGGGCCT	8	-	3443
NT-R2_S8.allele.edit.tsv	chrX_109245962-109246119	GGCGGCCGGTCCCCGGGGCT	0	File not exist	0
NT-R2_S8.allele.edit.tsv	chr1_198946376-198946549	GCTAGCCAATACTCAGGGCA	108	+	23767
NT-R2_S8.allele.edit.tsv	chr5_138539677-138539845	GGCAGTAGATAACTGGGACA	37	-	12640
NT-R2_S8.allele.edit.tsv	chr19_1489632-1489811	GGCAGCTGAGACCCCGGGCA	3	+	565
NT-R2_S8.allele.edit.tsv	chr1_210794357-210794520	TGGAGCTGATACTTGGGGCA	73	-	41354
NT-R2_S8.allele.edit.tsv	chr7_1882313-1882467	GGCAGCCGAGGCCCAGGGCA	0	File not exist	0
NT-R2_S8.allele.edit.tsv	chr6_137113008-137113238	GACAACCGATGCCAGGGGCA	0	File not exist	0
NT-R2_S8.allele.edit.tsv	chr3_135161839-135162011	AGCAGTAGATAACCAGGACA	2010	+	57630
NT-R2_S8.allele.edit.tsv	chr1_32538490-32538664	CGCGGCTGATACCCGGGACT	0	File not exist	0
NT-R2_S8.allele.edit.tsv	chr17_40847661-40847818	GGCAGGCGGTACCCGGGGCC	57	-	11940
NT-R2_S8.allele.edit.tsv	chr1_27293403-27293618	AGCAGCAGATACCCAGGGAA	61	-	14762
NT-R2_S8.allele.edit.tsv	chr18_29580811-29580990	TGGTGCCGAAACCCAGGACA	47	+	9370
NT-R2_S8.allele.edit.tsv	chr18_74171030-74171264	AGAAGCCGAAGCTCGGGGCA	23	-	5534
NT-R2_S8.allele.edit.tsv	chr4_89348665-89348846	GGTGGCAGATACCCAGGGCA	152	+	45210
NT-R2_S8.allele.edit.tsv	chr17_76300934-76301163	AGCAGCCAGGACCCGGGGCT	122	-	25278
NT-R2_S8.allele.edit.tsv	chr14_74706002-74706171	AGCAGCCAATCACCGGGGCC	0	File not exist	0
NT-R2_S8.allele.edit.tsv	chr3_58000289-58000461	GGGAGCAGATACCCAGGGCC	89	+	20794
NT-R2_S8.allele.edit.tsv	chr15_89124512-89124687	TTAAGCCCATACCCAGGCCA	86	-	11546
NT-R2_S8.allele.edit.tsv	chr20_49574726-49574919	AGCTGCCGACACCCGGGCCG	483	+	17877
NT-R2_S8.allele.edit.tsv	chr4_53991751-53991928	GGAAACAGATACCTGGGGCT	19	+	9660
NT-R2_S8.allele.edit.tsv	chr11_60615875-60616034	AGCAGCCATACCGGGGACAT	88	-	21074
NT-R2_S8.allele.edit.tsv	chr20_60983847-60984033	CACAGCCGATCCCCAGGACC	8	-	1201
NT-R2_S8.allele.edit.tsv	chr7_158897806-158897987	TGCAGCCATGCTCGGGGCAA	37	-	6860
NT-R2_S8.allele.edit.tsv	chr22_19136622-19136789	TAGAGCCGACACCCGGGCCG	0	File not exist	0
NT-R2_S8.allele.edit.tsv	chr19_1392927-1393124	GACCACCGATTCCCGGGGCT	7	-	1101
NT-R2_S8.allele.edit.tsv	chr20_29938364-29938551	GGCTGCTGATACCTGGGGCA	71	-	27913
NT-R2_S8.allele.edit.tsv	chr16_49890543-49890769	GCTGAGCGATGCCCGGGGCA	0	File not exist	0
NT-R2_S8.allele.edit.tsv	chr17_61511269-61511475	GGCAGCAGATGCCTGGGGCA	5	-	3342
NT-R2_S8.allele.edit.tsv	chr1_2403916-2404069	GGCAGCCGCATCCCAGGGCT	0	File not exist	0
NT-R2_S8.allele.edit.tsv	chr4_41937355-41937562	GGAAGCCGGTACCCGGGTCC	65	+	12570
NT-R2_S8.allele.edit.tsv	chr8_5599740-5599908	GGCAGCCGAGACTCGGGAGA	90	-	18068
NT-R2_S8.allele.edit.tsv	chr17_18914340-18914505	ACCAGGCGATACCTGGGACT	45	+	7378
NT-R2_S8.allele.edit.tsv	chr5_26626507-26626741	AACTGCCAATACCCAGGTCA	65	+	13539
NT-R2_S8.allele.edit.tsv	chr20_8000428-8000610	GGTAACCGACACCCCGGGCA	1	-	562
NT-R2_S8.allele.edit.tsv	chr7_150094948-150095120	GGCGGCCGCACTCGGGGCAC	0	File not exist	0
NT-R2_S8.allele.edit.tsv	chr16_545175-545416	AGCAGCCGCCACCCAGGGCC	129	+	17385
NT-R2_S8.allele.edit.tsv	chr19_55951987-55952150	GACCGCCGATCCCCGGGGTC	3	+	1336
NT-R2_S8.allele.edit.tsv	chr17_45005333-45005512	GGTAGCCGACACCTGAAGCA	62	-	15364
NT-R2_S8.allele.edit.tsv	chr17_27228227-27228403	AGGAACTGATACCTGGGGCA	1	+	833
NT-R2_S8.allele.edit.tsv	chr18_11041813-11042050	GACAGAGATACCTGGGGCAT	37	-	11461
NT-R2_S8.allele.edit.tsv	chr2_8767938-8768155	AGCAGCCGGTAGCCGGGGCA	56	+	14434
NT-R2_S8.allele.edit.tsv	chr5_52995203-52995396	AACAGTCGTTACCAGGGGCA	172	+	44745
NT-R2_S8.allele.edit.tsv	chr6_168386807-168386968	GGCAGCCGAACCTGGGGGCT	14	-	2106
NT-R2_S8.allele.edit.tsv	chr8_144793210-144793378	GGCAGCCAGACCCGGGTCAG	0	File not exist	0
NT-R2_S8.allele.edit.tsv	chr20_2127723-2127883	GGGCAGAGATGCCCGGGGCA	142	+	34926
NT-R2_S8.allele.edit.tsv	chr6_135818701-135818865	CGGAGCCGACACCCGGAGCA	2	+	530
NT-R2_S8.allele.edit.tsv	chr17_77652091-77652331	AGCAGCCATTCCTGGGGCAC	308	-	54517
NT-R2_S8.allele.edit.tsv	chr22_30793412-30793573	GGCAGCCGGGCCCTGGGGCA	7	+	1024
NT-R2_S8.allele.edit.tsv	chr15_100855332-100855553	TGCAGTGGATACCTGGGGCA	0	-	260
NT-R2_S8.allele.edit.tsv	chr2_46183067-46183251	CGCAGCGGTTACCCGGGGCT	238	-	47148
NT-R2_S8.allele.edit.tsv	chr5_87692274-87692444	GGCATCTGATACTAGGGGCA	112	+	36209
NT-R2_S8.allele.edit.tsv	chr2_20345637-20345817	GACAGCCAAGTCCCAGGGCA	154	+	36634
NT-R2_S8.allele.edit.tsv	chr7_32459188-32459357	GGGAGCCGAAGCCCAGGGCT	77	-	15116
NT-R2_S8.allele.edit.tsv	chr15_28008753-28008910	GGCAGCAGATGCCCAGGGCA	21	+	4625
NT-R2_S8.allele.edit.tsv	chr16_3515802-3515970	AGACCCCGATACCCAGGGTA	102	+	19955
NT-R2_S8.allele.edit.tsv	chrX_111465984-111466148	GTCAGCAGTATACCAGGGGC	45	-	11495
NT-R2_S8.allele.edit.tsv	chr12_133199694-133199883	TGAGGCCGATGCCCGAGGCT	69	-	16033
NT-R2_S8.allele.edit.tsv	chr12_3311817-3312020	AGCAGCCCACACCCCAGGCA	26	-	3255
NT-R2_S8.allele.edit.tsv	chr22_20194212-20194370	GGCACACGGTACCCAGGGCA	13	+	1313
NT-R2_S8.allele.edit.tsv	chr17_79133554-79133736	GCTACCCGATACCAGGGACA	0	File not exist	0
NT-R3_S9.allele.edit.tsv	Sample	gRNA	#Reads	strand	denominator
NT-R3_S9.allele.edit.tsv	AMPLICON_NAME	input_gRNA	0	File not exist	0
NT-R3_S9.allele.edit.tsv	chr4_81105331-81105515	GGCAGCGTTCCCCGGGGCGG	0	File not exist	0
NT-R3_S9.allele.edit.tsv	chr9_139735590-139735782	GGCAGCCTGGGCCCGGGGCA	0	File not exist	0
NT-R3_S9.allele.edit.tsv	chr12_117452896-117453078	TGGAGCCCATACTCAGGGCA	11	+	2794
NT-R3_S9.allele.edit.tsv	chr17_52382550-52382778	TTCAGCCGATATCTGGAGCA	45	-	11503
NT-R3_S9.allele.edit.tsv	chr4_57518391-57518626	CAGGGCCGATACTTGGGGCA	13	-	2300
NT-R3_S9.allele.edit.tsv	chr19_17359259-17359497	GGCAGCTGAAACCCGAGACA	0	File not exist	0
NT-R3_S9.allele.edit.tsv	chr3_138856671-138856838	AGCAGCTGATGCCCAGGACA	126	+	22404
NT-R3_S9.allele.edit.tsv	chr11_15710664-15710823	GGCAGCCAATACCTGGAACA	14	-	4829
NT-R3_S9.allele.edit.tsv	chr14_92955814-92955983	TCAAGCCGATGCTCGGGGCT	13	-	2221
NT-R3_S9.allele.edit.tsv	chr8_49242497-49242667	AGCCGCAGATACCCAGGGCA	34	-	6246
NT-R3_S9.allele.edit.tsv	chr20_1797181-1797350	GGCAGTAGATACCCAGAGCA	43	+	11730
NT-R3_S9.allele.edit.tsv	chr1_111032325-111032499	GGCAGCCGCTACCTGAGGCA	59	-	14349
NT-R3_S9.allele.edit.tsv	chr17_40220117-40220303	AGCTGCCGATGCTCAGGGCA	27	-	6483
NT-R3_S9.allele.edit.tsv	chr12_122502982-122503164	AGCAGCCAGTGCCCAGGGCA	66	-	8894
NT-R3_S9.allele.edit.tsv	chr3_51567611-51567789	TGGTGCCGAAACCTGGGGCA	17	-	3966
NT-R3_S9.allele.edit.tsv	chr15_66545684-66545849	GGCAGCCGGGACCCGGGCAG	0	File not exist	0
NT-R3_S9.allele.edit.tsv	chr5_133797239-133797427	GGGAGGCGATACCCAAGGCA	29	-	7591
NT-R3_S9.allele.edit.tsv	chr18_49218685-49218869	AGCAGCCCATATTCGGGACA	83	-	17166
NT-R3_S9.allele.edit.tsv	chr6_80657482-80657656	AGGGGCCGATGCCCGGGACA	0	File not exist	0
NT-R3_S9.allele.edit.tsv	chr15_86628542-86628724	GGCAGCCATTACCAAGGGCA	135	-	25790
NT-R3_S9.allele.edit.tsv	chr5_141663730-141663922	GGCGGCCAATACCTGGGGAA	8	-	1524
NT-R3_S9.allele.edit.tsv	chr12_95232437-95232602	TCCAGCCCATACTCAGGGCA	85	-	16684
NT-R3_S9.allele.edit.tsv	chr20_4679914-4680144	GGCAGCCGATACCCGGGGCA	16	+	2346
NT-R3_S9.allele.edit.tsv	chr10_132887513-132887740	CCCAGCAGAGACCCGGGGCA	11	+	2360
NT-R3_S9.allele.edit.tsv	chr12_43070476-43070668	TAGAGCCCATACCTGGGGCT	6	-	1344
NT-R3_S9.allele.edit.tsv	chr17_2031349-2031574	AGCAGCGATGCCCAGGGCAA	11	+	2708
NT-R3_S9.allele.edit.tsv	chr1_209423825-209424003	CGTAGCAGATACCTGGGGCA	62	-	22165
NT-R3_S9.allele.edit.tsv	chr2_62677834-62677999	GGCAACCGATACCTGGGCAG	49	-	10188
NT-R3_S9.allele.edit.tsv	chr1_2045336-2045540	GGCACCCAATCCCCAGGGCA	26	-	6228
NT-R3_S9.allele.edit.tsv	chr5_132669275-132669500	TGTAGCCGATTCCCAGAGCA	65	+	14566
NT-R3_S9.allele.edit.tsv	chr15_78984224-78984415	CATAGCCGAGACCCAGGCCA	121	-	20292
NT-R3_S9.allele.edit.tsv	chr7_8160433-8160630	GAGAGCCGAAGCCCGGGGCT	48	+	13840
NT-R3_S9.allele.edit.tsv	chr7_143079937-143080109	CGGAGCCGGAACCTGGGGCA	11	-	2693
NT-R3_S9.allele.edit.tsv	chr11_3938398-3938568	GGAAGCCATACCCAGGGCTG	59	-	16111
NT-R3_S9.allele.edit.tsv	chr20_61885898-61886115	CGCAGCTGTTACCCGGGGCT	0	File not exist	0
NT-R3_S9.allele.edit.tsv	chr8_48995772-48995937	TGGAGCCGTTACCTAGGGCA	47	+	12423
NT-R3_S9.allele.edit.tsv	chr21_46153848-46154025	GGCAGCAGAGACTCAGGGCA	24	+	7813
NT-R3_S9.allele.edit.tsv	chr1_18484952-18485140	GGCAGCAGACACCCGGGCCT	6	-	1948
NT-R3_S9.allele.edit.tsv	chrX_109245962-109246119	GGCGGCCGGTCCCCGGGGCT	0	File not exist	0
NT-R3_S9.allele.edit.tsv	chr1_198946376-198946549	GCTAGCCAATACTCAGGGCA	41	+	11487
NT-R3_S9.allele.edit.tsv	chr5_138539677-138539845	GGCAGTAGATAACTGGGACA	11	-	6288
NT-R3_S9.allele.edit.tsv	chr19_1489632-1489811	GGCAGCTGAGACCCCGGGCA	0	File not exist	0
NT-R3_S9.allele.edit.tsv	chr1_210794357-210794520	TGGAGCTGATACTTGGGGCA	35	-	20245
NT-R3_S9.allele.edit.tsv	chr7_1882313-1882467	GGCAGCCGAGGCCCAGGGCA	0	File not exist	0
NT-R3_S9.allele.edit.tsv	chr6_137113008-137113238	GACAACCGATGCCAGGGGCA	0	File not exist	0
NT-R3_S9.allele.edit.tsv	chr3_135161839-135162011	AGCAGTAGATAACCAGGACA	1095	+	32037
NT-R3_S9.allele.edit.tsv	chr1_32538490-32538664	CGCGGCTGATACCCGGGACT	0	File not exist	0
NT-R3_S9.allele.edit.tsv	chr17_40847661-40847818	GGCAGGCGGTACCCGGGGCC	37	-	6304
NT-R3_S9.allele.edit.tsv	chr1_27293403-27293618	AGCAGCAGATACCCAGGGAA	27	-	6802
NT-R3_S9.allele.edit.tsv	chr18_29580811-29580990	TGGTGCCGAAACCCAGGACA	29	+	5258
NT-R3_S9.allele.edit.tsv	chr18_74171030-74171264	AGAAGCCGAAGCTCGGGGCA	9	-	2127
NT-R3_S9.allele.edit.tsv	chr4_89348665-89348846	GGTGGCAGATACCCAGGGCA	81	+	22792
NT-R3_S9.allele.edit.tsv	chr17_76300934-76301163	AGCAGCCAGGACCCGGGGCT	56	-	13235
NT-R3_S9.allele.edit.tsv	chr14_74706002-74706171	AGCAGCCAATCACCGGGGCC	0	File not exist	0
NT-R3_S9.allele.edit.tsv	chr3_58000289-58000461	GGGAGCAGATACCCAGGGCC	44	+	10041
NT-R3_S9.allele.edit.tsv	chr15_89124512-89124687	TTAAGCCCATACCCAGGCCA	28	-	5548
NT-R3_S9.allele.edit.tsv	chr20_49574726-49574919	AGCTGCCGACACCCGGGCCG	217	+	8922
NT-R3_S9.allele.edit.tsv	chr4_53991751-53991928	GGAAACAGATACCTGGGGCT	4	+	4243
NT-R3_S9.allele.edit.tsv	chr11_60615875-60616034	AGCAGCCATACCGGGGACAT	55	-	10703
NT-R3_S9.allele.edit.tsv	chr20_60983847-60984033	CACAGCCGATCCCCAGGACC	4	-	570
NT-R3_S9.allele.edit.tsv	chr7_158897806-158897987	TGCAGCCATGCTCGGGGCAA	19	-	4284
NT-R3_S9.allele.edit.tsv	chr22_19136622-19136789	TAGAGCCGACACCCGGGCCG	0	File not exist	0
NT-R3_S9.allele.edit.tsv	chr19_1392927-1393124	GACCACCGATTCCCGGGGCT	0	File not exist	0
NT-R3_S9.allele.edit.tsv	chr20_29938364-29938551	GGCTGCTGATACCTGGGGCA	38	-	13696
NT-R3_S9.allele.edit.tsv	chr16_49890543-49890769	GCTGAGCGATGCCCGGGGCA	0	File not exist	0
NT-R3_S9.allele.edit.tsv	chr17_61511269-61511475	GGCAGCAGATGCCTGGGGCA	8	-	1919
NT-R3_S9.allele.edit.tsv	chr1_2403916-2404069	GGCAGCCGCATCCCAGGGCT	0	File not exist	0
NT-R3_S9.allele.edit.tsv	chr4_41937355-41937562	GGAAGCCGGTACCCGGGTCC	37	+	8654
NT-R3_S9.allele.edit.tsv	chr8_5599740-5599908	GGCAGCCGAGACTCGGGAGA	49	-	8650
NT-R3_S9.allele.edit.tsv	chr17_18914340-18914505	ACCAGGCGATACCTGGGACT	27	+	4655
NT-R3_S9.allele.edit.tsv	chr5_26626507-26626741	AACTGCCAATACCCAGGTCA	28	+	6620
NT-R3_S9.allele.edit.tsv	chr20_8000428-8000610	GGTAACCGACACCCCGGGCA	0	File not exist	0
NT-R3_S9.allele.edit.tsv	chr7_150094948-150095120	GGCGGCCGCACTCGGGGCAC	0	File not exist	0
NT-R3_S9.allele.edit.tsv	chr16_545175-545416	AGCAGCCGCCACCCAGGGCC	89	+	9527
NT-R3_S9.allele.edit.tsv	chr19_55951987-55952150	GACCGCCGATCCCCGGGGTC	11	+	724
NT-R3_S9.allele.edit.tsv	chr17_45005333-45005512	GGTAGCCGACACCTGAAGCA	35	-	9489
NT-R3_S9.allele.edit.tsv	chr17_27228227-27228403	AGGAACTGATACCTGGGGCA	0	File not exist	0
NT-R3_S9.allele.edit.tsv	chr18_11041813-11042050	GACAGAGATACCTGGGGCAT	14	-	5754
NT-R3_S9.allele.edit.tsv	chr2_8767938-8768155	AGCAGCCGGTAGCCGGGGCA	30	+	7109
NT-R3_S9.allele.edit.tsv	chr5_52995203-52995396	AACAGTCGTTACCAGGGGCA	62	+	20921
NT-R3_S9.allele.edit.tsv	chr6_168386807-168386968	GGCAGCCGAACCTGGGGGCT	12	-	1326
NT-R3_S9.allele.edit.tsv	chr8_144793210-144793378	GGCAGCCAGACCCGGGTCAG	0	File not exist	0
NT-R3_S9.allele.edit.tsv	chr20_2127723-2127883	GGGCAGAGATGCCCGGGGCA	56	+	18093
NT-R3_S9.allele.edit.tsv	chr6_135818701-135818865	CGGAGCCGACACCCGGAGCA	0	File not exist	0
NT-R3_S9.allele.edit.tsv	chr17_77652091-77652331	AGCAGCCATTCCTGGGGCAC	145	-	30564
NT-R3_S9.allele.edit.tsv	chr22_30793412-30793573	GGCAGCCGGGCCCTGGGGCA	0	File not exist	0
NT-R3_S9.allele.edit.tsv	chr15_100855332-100855553	TGCAGTGGATACCTGGGGCA	0	-	146
NT-R3_S9.allele.edit.tsv	chr2_46183067-46183251	CGCAGCGGTTACCCGGGGCT	153	-	24060
NT-R3_S9.allele.edit.tsv	chr5_87692274-87692444	GGCATCTGATACTAGGGGCA	50	+	17199
NT-R3_S9.allele.edit.tsv	chr2_20345637-20345817	GACAGCCAAGTCCCAGGGCA	84	+	19057
NT-R3_S9.allele.edit.tsv	chr7_32459188-32459357	GGGAGCCGAAGCCCAGGGCT	31	-	7355
NT-R3_S9.allele.edit.tsv	chr15_28008753-28008910	GGCAGCAGATGCCCAGGGCA	12	+	2995
NT-R3_S9.allele.edit.tsv	chr16_3515802-3515970	AGACCCCGATACCCAGGGTA	74	+	10972
NT-R3_S9.allele.edit.tsv	chrX_111465984-111466148	GTCAGCAGTATACCAGGGGC	20	-	5801
NT-R3_S9.allele.edit.tsv	chr12_133199694-133199883	TGAGGCCGATGCCCGAGGCT	50	-	9013
NT-R3_S9.allele.edit.tsv	chr12_3311817-3312020	AGCAGCCCACACCCCAGGCA	14	-	1482
NT-R3_S9.allele.edit.tsv	chr22_20194212-20194370	GGCACACGGTACCCAGGGCA	4	+	972
NT-R3_S9.allele.edit.tsv	chr17_79133554-79133736	GCTACCCGATACCAGGGACA	0	File not exist	0