pos_id_GRCm39	consequence	impact	symbol	biotype
1_71649334_G_A	intron_variant	MODIFIER	Fn1	protein_coding
1_71649335_G_A	intron_variant	MODIFIER	Fn1	protein_coding
1_71649340_G_A	intron_variant	MODIFIER	Fn1	protein_coding
1_71649341_G_A	intron_variant	MODIFIER	Fn1	protein_coding
1_71649342_G_A	intron_variant	MODIFIER	Fn1	protein_coding
1_71649348_G_A	intron_variant	MODIFIER	Fn1	protein_coding
1_74626922_C_T	splice_polypyrimidine_tract_variant,intron_variant,non_coding_transcript_variant	LOW	Zfp142	retained_intron
1_74626925_C_T	splice_polypyrimidine_tract_variant,intron_variant,non_coding_transcript_variant	LOW	Zfp142	retained_intron
1_74626931_C_T	5_prime_UTR_variant	MODIFIER	Zfp142	protein_coding
1_74626932_C_T	5_prime_UTR_variant	MODIFIER	Zfp142	protein_coding
1_74626933_C_T	5_prime_UTR_variant	MODIFIER	Zfp142	protein_coding
1_74626937_C_T	5_prime_UTR_variant	MODIFIER	Zfp142	protein_coding
1_74626942_C_T	5_prime_UTR_variant	MODIFIER	Zfp142	protein_coding
1_87858413_G_A	intron_variant	MODIFIER	Dgkd	protein_coding
1_87858418_G_A	intron_variant	MODIFIER	Dgkd	protein_coding
1_87858419_G_A	intron_variant	MODIFIER	Dgkd	protein_coding
1_87858420_G_A	intron_variant	MODIFIER	Dgkd	protein_coding
1_87858426_G_A	intron_variant	MODIFIER	Dgkd	protein_coding
1_122367298_C_T	regulatory_region_variant	MODIFIER	-	CTCF_binding_site
1_122367307_C_T	regulatory_region_variant	MODIFIER	-	CTCF_binding_site
1_122367308_C_T	regulatory_region_variant	MODIFIER	-	CTCF_binding_site
1_122367309_C_T	regulatory_region_variant	MODIFIER	-	CTCF_binding_site
1_126667399_C_T	intron_variant	MODIFIER	Nckap5	protein_coding
1_126667402_C_T	intron_variant	MODIFIER	Nckap5	protein_coding
1_126667407_C_T	intron_variant	MODIFIER	Nckap5	protein_coding
1_126667408_C_T	intron_variant	MODIFIER	Nckap5	protein_coding
1_126667409_C_T	intron_variant	MODIFIER	Nckap5	protein_coding
1_126667415_C_T	intron_variant	MODIFIER	Nckap5	protein_coding
1_188598948_C_T	intron_variant	MODIFIER	Ush2a	protein_coding
1_188598951_C_T	intron_variant	MODIFIER	Ush2a	protein_coding
1_188598952_C_T	intron_variant	MODIFIER	Ush2a	protein_coding
1_188598957_C_T	intron_variant	MODIFIER	Ush2a	protein_coding
1_188598958_C_T	intron_variant	MODIFIER	Ush2a	protein_coding
1_188598964_C_T	intron_variant	MODIFIER	Ush2a	protein_coding
10_6069822_G_A	intergenic_variant	MODIFIER	-	-
10_6069827_G_A	intergenic_variant	MODIFIER	-	-
10_6069828_G_A	intergenic_variant	MODIFIER	-	-
10_6069829_G_A	intergenic_variant	MODIFIER	-	-
10_6069835_G_A	intergenic_variant	MODIFIER	-	-
10_6069838_G_A	intergenic_variant	MODIFIER	-	-
10_13182284_C_T	intron_variant	MODIFIER	Phactr2	protein_coding
10_13182287_C_T	intron_variant	MODIFIER	Phactr2	protein_coding
10_13182288_C_T	intron_variant	MODIFIER	Phactr2	protein_coding
10_13182293_C_T	intron_variant	MODIFIER	Phactr2	protein_coding
10_13182294_C_T	intron_variant	MODIFIER	Phactr2	protein_coding
10_13182295_C_T	intron_variant	MODIFIER	Phactr2	protein_coding
10_13182300_C_T	intron_variant	MODIFIER	Phactr2	protein_coding
10_13182301_C_T	intron_variant	MODIFIER	Phactr2	protein_coding
10_43370324_C_T	missense_variant	MODERATE	Bend3	protein_coding
10_43370327_C_T	synonymous_variant	LOW	Bend3	protein_coding
10_43370333_C_T	missense_variant	MODERATE	Bend3	protein_coding
10_43370334_C_T	missense_variant	MODERATE	Bend3	protein_coding
10_43370335_C_T	synonymous_variant	LOW	Bend3	protein_coding
10_50771278_C_T	upstream_gene_variant	MODIFIER	Sim1	protein_coding
10_50771281_C_T	upstream_gene_variant	MODIFIER	Sim1	protein_coding
10_50771282_C_T	upstream_gene_variant	MODIFIER	Sim1	protein_coding
10_50771288_C_T	upstream_gene_variant	MODIFIER	Sim1	protein_coding
10_50771289_C_T	upstream_gene_variant	MODIFIER	Sim1	protein_coding
10_50771294_C_T	upstream_gene_variant	MODIFIER	Sim1	protein_coding
10_59058337_G_A	missense_variant	MODERATE	Sowahc	protein_coding
10_59058339_G_A	synonymous_variant	LOW	Sowahc	protein_coding
10_59058344_G_A	stop_gained	HIGH	Sowahc	protein_coding
10_59058345_G_A	stop_gained	HIGH	Sowahc	protein_coding
10_59058346_G_A	missense_variant	MODERATE	Sowahc	protein_coding
10_59058348_G_A	synonymous_variant	LOW	Sowahc	protein_coding
10_59058351_G_A	synonymous_variant	LOW	Sowahc	protein_coding
10_59058352_G_A	missense_variant	MODERATE	Sowahc	protein_coding
10_59058353_G_A	missense_variant	MODERATE	Sowahc	protein_coding
10_76972535_G_A	intron_variant	MODIFIER	Col18a1	protein_coding
10_76972545_G_A	intron_variant	MODIFIER	Col18a1	protein_coding
10_76972546_G_A	intron_variant	MODIFIER	Col18a1	protein_coding
10_76972552_G_A	intron_variant	MODIFIER	Col18a1	protein_coding
10_76972555_G_A	intron_variant	MODIFIER	Col18a1	protein_coding
10_77905726_C_T	intron_variant	MODIFIER	Icosl	protein_coding
10_77905727_C_T	intron_variant	MODIFIER	Icosl	protein_coding
10_77905730_C_T	intron_variant	MODIFIER	Icosl	protein_coding
10_77905736_C_T	intron_variant	MODIFIER	Icosl	protein_coding
10_77905737_C_T	intron_variant	MODIFIER	Icosl	protein_coding
10_77905738_C_T	intron_variant	MODIFIER	Icosl	protein_coding
10_77905743_C_T	intron_variant	MODIFIER	Icosl	protein_coding
10_79555999_C_T	intron_variant	MODIFIER	Hcn2	protein_coding
10_79556002_C_T	intron_variant	MODIFIER	Hcn2	protein_coding
10_79556008_C_T	intron_variant	MODIFIER	Hcn2	protein_coding
10_79556009_C_T	intron_variant	MODIFIER	Hcn2	protein_coding
10_81000453_C_T	intron_variant	MODIFIER	Pias4	protein_coding
10_81000456_C_T	intron_variant	MODIFIER	Pias4	protein_coding
10_81000462_C_T	intron_variant	MODIFIER	Pias4	protein_coding
10_81000463_C_T	intron_variant	MODIFIER	Pias4	protein_coding
10_81000468_C_T	intron_variant	MODIFIER	Pias4	protein_coding
10_107301789_C_T	intergenic_variant	MODIFIER	-	-
10_107301792_C_T	intergenic_variant	MODIFIER	-	-
10_107301793_C_T	intergenic_variant	MODIFIER	-	-
10_107301798_C_T	intergenic_variant	MODIFIER	-	-
10_107301799_C_T	intergenic_variant	MODIFIER	-	-
10_107301800_C_T	intergenic_variant	MODIFIER	-	-
10_107301805_C_T	intergenic_variant	MODIFIER	-	-
10_110386043_G_A	intergenic_variant	MODIFIER	-	-
10_110386049_G_A	intergenic_variant	MODIFIER	-	-
10_110386050_G_A	intergenic_variant	MODIFIER	-	-
10_110386056_G_A	intergenic_variant	MODIFIER	-	-
10_110386059_G_A	intergenic_variant	MODIFIER	-	-
10_122651871_C_T	intron_variant	MODIFIER	Ppm1h	protein_coding
10_122651874_C_T	intron_variant	MODIFIER	Ppm1h	protein_coding
10_122651875_C_T	intron_variant	MODIFIER	Ppm1h	protein_coding
10_122651880_C_T	intron_variant	MODIFIER	Ppm1h	protein_coding
10_122651881_C_T	intron_variant	MODIFIER	Ppm1h	protein_coding
10_122651882_C_T	intron_variant	MODIFIER	Ppm1h	protein_coding
10_122651887_C_T	intron_variant	MODIFIER	Ppm1h	protein_coding
11_5211291_C_T	intron_variant	MODIFIER	Kremen1	protein_coding
11_5211292_C_T	intron_variant	MODIFIER	Kremen1	protein_coding
11_5211295_C_T	intron_variant	MODIFIER	Kremen1	protein_coding
11_5211297_C_T	intron_variant	MODIFIER	Kremen1	protein_coding
11_5211299_C_T	intron_variant	MODIFIER	Kremen1	protein_coding
11_5211304_C_T	intron_variant	MODIFIER	Kremen1	protein_coding
11_30134816_C_T	intron_variant	MODIFIER	Sptbn1	protein_coding
11_30134819_C_T	intron_variant	MODIFIER	Sptbn1	protein_coding
11_30134820_C_T	intron_variant	MODIFIER	Sptbn1	protein_coding
11_30134824_C_T	intron_variant	MODIFIER	Sptbn1	protein_coding
11_30134825_C_T	intron_variant	MODIFIER	Sptbn1	protein_coding
11_30134826_C_T	intron_variant	MODIFIER	Sptbn1	protein_coding
11_43669861_C_T	intron_variant	MODIFIER	Adra1b	protein_coding
11_43669864_C_T	intron_variant	MODIFIER	Adra1b	protein_coding
11_43669865_C_T	intron_variant	MODIFIER	Adra1b	protein_coding
11_43669870_C_T	intron_variant	MODIFIER	Adra1b	protein_coding
11_43669871_C_T	intron_variant	MODIFIER	Adra1b	protein_coding
11_43669877_C_T	intron_variant	MODIFIER	Adra1b	protein_coding
11_52311351_G_A	intergenic_variant	MODIFIER	-	-
11_52311353_G_A	intergenic_variant	MODIFIER	-	-
11_52311358_G_A	intergenic_variant	MODIFIER	-	-
11_52311359_G_A	intergenic_variant	MODIFIER	-	-
11_52311360_G_A	intergenic_variant	MODIFIER	-	-
11_52311362_G_A	intergenic_variant	MODIFIER	-	-
11_52311365_G_A	intergenic_variant	MODIFIER	-	-
11_52311366_G_A	intergenic_variant	MODIFIER	-	-
11_52311369_G_A	intergenic_variant	MODIFIER	-	-
11_52946405_C_T	intron_variant	MODIFIER	Fstl4	protein_coding
11_52946408_C_T	intron_variant	MODIFIER	Fstl4	protein_coding
11_52946409_C_T	intron_variant	MODIFIER	Fstl4	protein_coding
11_52946412_C_T	intron_variant	MODIFIER	Fstl4	protein_coding
11_52946414_C_T	intron_variant	MODIFIER	Fstl4	protein_coding
11_52946415_C_T	intron_variant	MODIFIER	Fstl4	protein_coding
11_52946416_C_T	intron_variant	MODIFIER	Fstl4	protein_coding
11_52946421_C_T	intron_variant	MODIFIER	Fstl4	protein_coding
11_59747214_G_A	intron_variant	MODIFIER	Nt5m	protein_coding
11_59747219_G_A	intron_variant	MODIFIER	Nt5m	protein_coding
11_59747221_G_A	intron_variant	MODIFIER	Nt5m	protein_coding
11_59747224_G_A	intron_variant	MODIFIER	Nt5m	protein_coding
11_59747227_G_A	intron_variant	MODIFIER	Nt5m	protein_coding
11_59747228_G_A	intron_variant	MODIFIER	Nt5m	protein_coding
11_71762108_C_T	intergenic_variant	MODIFIER	-	-
11_71762109_C_T	intergenic_variant	MODIFIER	-	-
11_71762113_C_T	intergenic_variant	MODIFIER	-	-
11_71762114_C_T	intergenic_variant	MODIFIER	-	-
11_71762117_C_T	intergenic_variant	MODIFIER	-	-
11_71762119_C_T	intergenic_variant	MODIFIER	-	-
11_71762120_C_T	intergenic_variant	MODIFIER	-	-
11_71762126_C_T	intergenic_variant	MODIFIER	-	-
11_100635152_C_T	intron_variant	MODIFIER	Kcnh4	protein_coding
11_100635153_C_T	intron_variant	MODIFIER	Kcnh4	protein_coding
11_100635156_C_T	intron_variant	MODIFIER	Kcnh4	protein_coding
11_100635158_C_T	intron_variant	MODIFIER	Kcnh4	protein_coding
11_100635159_C_T	intron_variant	MODIFIER	Kcnh4	protein_coding
11_100635165_C_T	intron_variant	MODIFIER	Kcnh4	protein_coding
11_101077502_G_A	missense_variant	MODERATE	Cntnap1	protein_coding
11_101077503_G_A	missense_variant	MODERATE	Cntnap1	protein_coding
11_101077508_G_A	missense_variant	MODERATE	Cntnap1	protein_coding
11_101077509_G_A	missense_variant	MODERATE	Cntnap1	protein_coding
11_101077510_G_A	synonymous_variant	LOW	Cntnap1	protein_coding
11_101077515_G_A	missense_variant	MODERATE	Cntnap1	protein_coding
11_101077519_G_A	synonymous_variant	LOW	Cntnap1	protein_coding
11_102468110_G_A	intron_variant,non_coding_transcript_variant	MODIFIER	Gm11627	lncRNA
11_102468115_G_A	intron_variant,non_coding_transcript_variant	MODIFIER	Gm11627	lncRNA
11_102468116_G_A	intron_variant,non_coding_transcript_variant	MODIFIER	Gm11627	lncRNA
11_102468122_G_A	intron_variant,non_coding_transcript_variant	MODIFIER	Gm11627	lncRNA
11_102468125_G_A	intron_variant,non_coding_transcript_variant	MODIFIER	Gm11627	lncRNA
11_102632522_G_A	intron_variant,non_coding_transcript_variant	MODIFIER	Gm16342	unitary_pseudogene
11_102632526_G_A	intron_variant,non_coding_transcript_variant	MODIFIER	Gm16342	unitary_pseudogene
11_102632531_G_A	intron_variant,non_coding_transcript_variant	MODIFIER	Gm16342	unitary_pseudogene
11_102632532_G_A	intron_variant,non_coding_transcript_variant	MODIFIER	Gm16342	unitary_pseudogene
11_102632533_G_A	intron_variant,non_coding_transcript_variant	MODIFIER	Gm16342	unitary_pseudogene
11_102632538_G_A	intron_variant,non_coding_transcript_variant	MODIFIER	Gm16342	unitary_pseudogene
11_102632539_G_A	intron_variant,non_coding_transcript_variant	MODIFIER	Gm16342	unitary_pseudogene
11_102632542_G_A	intron_variant,non_coding_transcript_variant	MODIFIER	Gm16342	unitary_pseudogene
11_103720384_C_T	intron_variant	MODIFIER	Nsf	protein_coding
11_103720387_C_T	intron_variant	MODIFIER	Nsf	protein_coding
11_103720388_C_T	intron_variant	MODIFIER	Nsf	protein_coding
11_103720391_C_T	intron_variant	MODIFIER	Nsf	protein_coding
11_103720393_C_T	intron_variant	MODIFIER	Nsf	protein_coding
11_103720394_C_T	intron_variant	MODIFIER	Nsf	protein_coding
11_103720395_C_T	intron_variant	MODIFIER	Nsf	protein_coding
11_113464465_C_T	downstream_gene_variant	MODIFIER	Slc39a11	protein_coding_CDS_not_defined
11_113464468_C_T	downstream_gene_variant	MODIFIER	Slc39a11	protein_coding_CDS_not_defined
11_113464469_C_T	downstream_gene_variant	MODIFIER	Slc39a11	protein_coding_CDS_not_defined
11_113464470_C_T	downstream_gene_variant	MODIFIER	Slc39a11	protein_coding_CDS_not_defined
11_113464474_C_T	downstream_gene_variant	MODIFIER	Slc39a11	protein_coding_CDS_not_defined
11_113464475_C_T	downstream_gene_variant	MODIFIER	Slc39a11	protein_coding_CDS_not_defined
11_113464476_C_T	downstream_gene_variant	MODIFIER	Slc39a11	protein_coding_CDS_not_defined
11_113464481_C_T	downstream_gene_variant	MODIFIER	Slc39a11	protein_coding_CDS_not_defined
11_113464482_C_T	downstream_gene_variant	MODIFIER	Slc39a11	protein_coding_CDS_not_defined
11_115738195_G_A	intron_variant	MODIFIER	Llgl2	protein_coding
11_115738196_G_A	intron_variant	MODIFIER	Llgl2	protein_coding
11_115738201_G_A	intron_variant	MODIFIER	Llgl2	protein_coding
11_115738202_G_A	intron_variant	MODIFIER	Llgl2	protein_coding
11_115738203_G_A	intron_variant	MODIFIER	Llgl2	protein_coding
11_115738205_G_A	intron_variant	MODIFIER	Llgl2	protein_coding
11_115738207_G_A	intron_variant	MODIFIER	Llgl2	protein_coding
11_115738208_G_A	intron_variant	MODIFIER	Llgl2	protein_coding
11_115738209_G_A	intron_variant	MODIFIER	Llgl2	protein_coding
11_115738212_G_A	intron_variant	MODIFIER	Llgl2	protein_coding
12_3477108_C_T	5_prime_UTR_variant	MODIFIER	Asxl2	protein_coding
12_3477110_C_T	5_prime_UTR_variant	MODIFIER	Asxl2	protein_coding
12_3477113_C_T	5_prime_UTR_variant	MODIFIER	Asxl2	protein_coding
12_3477114_C_T	5_prime_UTR_variant	MODIFIER	Asxl2	protein_coding
12_3477119_C_T	5_prime_UTR_variant	MODIFIER	Asxl2	protein_coding
12_3477120_C_T	5_prime_UTR_variant	MODIFIER	Asxl2	protein_coding
12_3477125_C_T	5_prime_UTR_variant	MODIFIER	Asxl2	protein_coding
12_3477127_C_T	5_prime_UTR_variant	MODIFIER	Asxl2	protein_coding
12_36423400_C_T	downstream_gene_variant	MODIFIER	Gm25438	snoRNA
12_36423403_C_T	downstream_gene_variant	MODIFIER	Gm25438	snoRNA
12_36423404_C_T	downstream_gene_variant	MODIFIER	Gm25438	snoRNA
12_36423405_C_T	downstream_gene_variant	MODIFIER	Gm25438	snoRNA
12_36423409_C_T	downstream_gene_variant	MODIFIER	Gm25438	snoRNA
12_36423410_C_T	downstream_gene_variant	MODIFIER	Gm25438	snoRNA
12_36423416_C_T	downstream_gene_variant	MODIFIER	Gm25438	snoRNA
12_57798801_G_A	intergenic_variant	MODIFIER	-	-
12_57798807_G_A	intergenic_variant	MODIFIER	-	-
12_57798808_G_A	intergenic_variant	MODIFIER	-	-
12_57798814_G_A	intergenic_variant	MODIFIER	-	-
12_79864865_G_A	downstream_gene_variant	MODIFIER	Rad51b	protein_coding
12_79864867_G_A	downstream_gene_variant	MODIFIER	Rad51b	protein_coding
12_79864872_G_A	downstream_gene_variant	MODIFIER	Rad51b	protein_coding
12_79864874_G_A	downstream_gene_variant	MODIFIER	Rad51b	protein_coding
12_79864877_G_A	downstream_gene_variant	MODIFIER	Rad51b	protein_coding
12_79864879_G_A	downstream_gene_variant	MODIFIER	Rad51b	protein_coding
12_79864880_G_A	downstream_gene_variant	MODIFIER	Rad51b	protein_coding
12_79864883_G_A	downstream_gene_variant	MODIFIER	Rad51b	protein_coding
12_99266087_C_T	intron_variant	MODIFIER	Foxn3	protein_coding
12_99266090_C_T	intron_variant	MODIFIER	Foxn3	protein_coding
12_99266091_C_T	intron_variant	MODIFIER	Foxn3	protein_coding
12_99266096_C_T	intron_variant	MODIFIER	Foxn3	protein_coding
12_99266097_C_T	intron_variant	MODIFIER	Foxn3	protein_coding
12_99266098_C_T	intron_variant	MODIFIER	Foxn3	protein_coding
12_99266103_C_T	intron_variant	MODIFIER	Foxn3	protein_coding
12_100408987_G_A	intron_variant	MODIFIER	Ttc7b	protein_coding
12_100408993_G_A	intron_variant	MODIFIER	Ttc7b	protein_coding
12_100408994_G_A	intron_variant	MODIFIER	Ttc7b	protein_coding
12_100409000_G_A	intron_variant	MODIFIER	Ttc7b	protein_coding
12_100409003_G_A	intron_variant	MODIFIER	Ttc7b	protein_coding
12_111432532_C_T	intron_variant,non_coding_transcript_variant	MODIFIER	Gm40578	lncRNA
12_111432533_C_T	intron_variant,non_coding_transcript_variant	MODIFIER	Gm40578	lncRNA
12_111432538_C_T	intron_variant,non_coding_transcript_variant	MODIFIER	Gm40578	lncRNA
12_111432539_C_T	intron_variant,non_coding_transcript_variant	MODIFIER	Gm40578	lncRNA
12_111432545_C_T	intron_variant,non_coding_transcript_variant	MODIFIER	Gm40578	lncRNA
13_20109538_G_A	intergenic_variant	MODIFIER	-	-
13_20109543_G_A	intergenic_variant	MODIFIER	-	-
13_20109545_G_A	intergenic_variant	MODIFIER	-	-
13_20109551_G_A	intergenic_variant	MODIFIER	-	-
13_20109554_G_A	intergenic_variant	MODIFIER	-	-
13_20109555_G_A	intergenic_variant	MODIFIER	-	-
13_29519524_G_A	intron_variant	MODIFIER	Cdkal1	protein_coding
13_29519525_G_A	intron_variant	MODIFIER	Cdkal1	protein_coding
13_29519530_G_A	intron_variant	MODIFIER	Cdkal1	protein_coding
13_29519531_G_A	intron_variant	MODIFIER	Cdkal1	protein_coding
13_29519532_G_A	intron_variant	MODIFIER	Cdkal1	protein_coding
13_29519541_G_A	intron_variant	MODIFIER	Cdkal1	protein_coding
13_29519542_G_A	intron_variant	MODIFIER	Cdkal1	protein_coding
13_46786794_G_A	intron_variant	MODIFIER	Cap2	protein_coding
13_46786796_G_A	intron_variant	MODIFIER	Cap2	protein_coding
13_46786802_G_A	intron_variant	MODIFIER	Cap2	protein_coding
13_46786803_G_A	intron_variant	MODIFIER	Cap2	protein_coding
13_46786808_G_A	intron_variant	MODIFIER	Cap2	protein_coding
13_46786809_G_A	intron_variant	MODIFIER	Cap2	protein_coding
13_46786812_G_A	intron_variant	MODIFIER	Cap2	protein_coding
13_49229175_G_A	intron_variant	MODIFIER	Wnk2	protein_coding
13_49229181_G_A	intron_variant	MODIFIER	Wnk2	protein_coding
13_49229182_G_A	intron_variant	MODIFIER	Wnk2	protein_coding
13_49229187_G_A	intron_variant	MODIFIER	Wnk2	protein_coding
13_49229188_G_A	intron_variant	MODIFIER	Wnk2	protein_coding
13_57633767_G_A	intron_variant	MODIFIER	Spock1	protein_coding
13_57633772_G_A	intron_variant	MODIFIER	Spock1	protein_coding
13_57633773_G_A	intron_variant	MODIFIER	Spock1	protein_coding
13_57633774_G_A	intron_variant	MODIFIER	Spock1	protein_coding
13_57633780_G_A	intron_variant	MODIFIER	Spock1	protein_coding
13_66135688_C_T	intron_variant,non_coding_transcript_variant	MODIFIER	Gm40987	lncRNA
13_66135689_C_T	intron_variant,non_coding_transcript_variant	MODIFIER	Gm40987	lncRNA
13_66135694_C_T	intron_variant,non_coding_transcript_variant	MODIFIER	Gm40987	lncRNA
13_66135695_C_T	intron_variant,non_coding_transcript_variant	MODIFIER	Gm40987	lncRNA
13_66135696_C_T	intron_variant,non_coding_transcript_variant	MODIFIER	Gm40987	lncRNA
13_66135701_C_T	intron_variant,non_coding_transcript_variant	MODIFIER	Gm40987	lncRNA
13_101368288_C_T	upstream_gene_variant	MODIFIER	5930438M14Rik	lncRNA
13_101368291_C_T	upstream_gene_variant	MODIFIER	5930438M14Rik	lncRNA
13_101368292_C_T	upstream_gene_variant	MODIFIER	5930438M14Rik	lncRNA
13_101368298_C_T	upstream_gene_variant	MODIFIER	5930438M14Rik	lncRNA
13_101368299_C_T	upstream_gene_variant	MODIFIER	5930438M14Rik	lncRNA
13_101368304_C_T	upstream_gene_variant	MODIFIER	5930438M14Rik	lncRNA
13_114982270_G_A	intron_variant	MODIFIER	Itga2	protein_coding
13_114982276_G_A	intron_variant	MODIFIER	Itga2	protein_coding
13_114982277_G_A	intron_variant	MODIFIER	Itga2	protein_coding
13_114982278_G_A	intron_variant	MODIFIER	Itga2	protein_coding
13_114982284_G_A	intron_variant	MODIFIER	Itga2	protein_coding
13_114982287_G_A	intron_variant	MODIFIER	Itga2	protein_coding
14_29885866_C_T	intron_variant	MODIFIER	Cacna1d	protein_coding
14_29885871_C_T	splice_region_variant,intron_variant,non_coding_transcript_variant	LOW	Cacna1d	protein_coding_CDS_not_defined
14_29885872_C_T	splice_donor_region_variant,intron_variant,non_coding_transcript_variant	LOW	Cacna1d	protein_coding_CDS_not_defined
14_29885877_C_T	splice_donor_variant,non_coding_transcript_variant	HIGH	Cacna1d	protein_coding_CDS_not_defined
14_29885878_C_T	splice_region_variant,non_coding_transcript_exon_variant	LOW	Cacna1d	protein_coding_CDS_not_defined
14_29885884_C_T	intron_variant	MODIFIER	Cacna1d	protein_coding
14_31723417_G_A	intergenic_variant	MODIFIER	-	-
14_31723424_G_A	intergenic_variant	MODIFIER	-	-
14_31723429_G_A	intergenic_variant	MODIFIER	-	-
14_31723430_G_A	intergenic_variant	MODIFIER	-	-
14_47662757_G_A	intron_variant,non_coding_transcript_variant	MODIFIER	Gm48975	lncRNA
14_47662759_G_A	intron_variant,non_coding_transcript_variant	MODIFIER	Gm48975	lncRNA
14_47662765_G_A	intron_variant,non_coding_transcript_variant	MODIFIER	Gm48975	lncRNA
14_47662771_G_A	intron_variant,non_coding_transcript_variant	MODIFIER	Gm48975	lncRNA
14_47662772_G_A	intron_variant,non_coding_transcript_variant	MODIFIER	Gm48975	lncRNA
14_47662775_G_A	intron_variant,non_coding_transcript_variant	MODIFIER	Gm48975	lncRNA
14_48191779_G_A	intergenic_variant	MODIFIER	-	-
14_48191784_G_A	intergenic_variant	MODIFIER	-	-
14_48191785_G_A	intergenic_variant	MODIFIER	-	-
14_48191786_G_A	intergenic_variant	MODIFIER	-	-
14_48191791_G_A	intergenic_variant	MODIFIER	-	-
14_48191792_G_A	intergenic_variant	MODIFIER	-	-
14_48471292_G_A	intron_variant	MODIFIER	Peli2	protein_coding
14_48471294_G_A	intron_variant	MODIFIER	Peli2	protein_coding
14_48471297_G_A	intron_variant	MODIFIER	Peli2	protein_coding
14_48471298_G_A	intron_variant	MODIFIER	Peli2	protein_coding
14_48471299_G_A	intron_variant	MODIFIER	Peli2	protein_coding
14_48471305_G_A	intron_variant	MODIFIER	Peli2	protein_coding
14_48471308_G_A	intron_variant	MODIFIER	Peli2	protein_coding
14_57813465_C_T	upstream_gene_variant	MODIFIER	Eef1akmt1	protein_coding
14_57813469_C_T	upstream_gene_variant	MODIFIER	Eef1akmt1	protein_coding
14_57813470_C_T	upstream_gene_variant	MODIFIER	Eef1akmt1	protein_coding
14_57813474_C_T	upstream_gene_variant	MODIFIER	Eef1akmt1	protein_coding
14_57813475_C_T	upstream_gene_variant	MODIFIER	Eef1akmt1	protein_coding
14_57813481_C_T	upstream_gene_variant	MODIFIER	Eef1akmt1	protein_coding
14_66965220_G_A	missense_variant	MODERATE	Adra1a	protein_coding
14_66965226_G_A	synonymous_variant	LOW	Adra1a	protein_coding
14_66965227_G_A	missense_variant	MODERATE	Adra1a	protein_coding
14_66965228_G_A	missense_variant	MODERATE	Adra1a	protein_coding
14_66965232_G_A	synonymous_variant	LOW	Adra1a	protein_coding
14_66965233_G_A	missense_variant	MODERATE	Adra1a	protein_coding
14_66965237_G_A	missense_variant	MODERATE	Adra1a	protein_coding
14_66965238_G_A	synonymous_variant	LOW	Adra1a	protein_coding
14_78534344_G_A	intron_variant	MODIFIER	Tnfsf11	protein_coding
14_78534345_G_A	intron_variant	MODIFIER	Tnfsf11	protein_coding
14_78534346_G_A	intron_variant	MODIFIER	Tnfsf11	protein_coding
14_78534352_G_A	intron_variant	MODIFIER	Tnfsf11	protein_coding
14_78534353_G_A	intron_variant	MODIFIER	Tnfsf11	protein_coding
14_78534358_G_A	intron_variant	MODIFIER	Tnfsf11	protein_coding
14_78534359_G_A	intron_variant	MODIFIER	Tnfsf11	protein_coding
14_78534360_G_A	intron_variant	MODIFIER	Tnfsf11	protein_coding
14_78534361_G_A	intron_variant	MODIFIER	Tnfsf11	protein_coding
14_78534362_G_A	intron_variant	MODIFIER	Tnfsf11	protein_coding
14_78534363_G_A	intron_variant	MODIFIER	Tnfsf11	protein_coding
14_92287193_C_T	intergenic_variant	MODIFIER	-	-
14_92287194_C_T	intergenic_variant	MODIFIER	-	-
14_92287199_C_T	intergenic_variant	MODIFIER	-	-
14_92287200_C_T	intergenic_variant	MODIFIER	-	-
14_92287201_C_T	intergenic_variant	MODIFIER	-	-
14_92287206_C_T	intergenic_variant	MODIFIER	-	-
14_116314379_G_A	intron_variant	MODIFIER	Gpc5	protein_coding
14_116314384_G_A	intron_variant	MODIFIER	Gpc5	protein_coding
14_116314385_G_A	intron_variant	MODIFIER	Gpc5	protein_coding
14_116314386_G_A	intron_variant	MODIFIER	Gpc5	protein_coding
14_116314391_G_A	intron_variant	MODIFIER	Gpc5	protein_coding
14_116314392_G_A	intron_variant	MODIFIER	Gpc5	protein_coding
14_121503685_C_T	intron_variant	MODIFIER	Farp1	protein_coding
14_121503688_C_T	intron_variant	MODIFIER	Farp1	protein_coding
14_121503694_C_T	intron_variant	MODIFIER	Farp1	protein_coding
14_121503695_C_T	intron_variant	MODIFIER	Farp1	protein_coding
14_121503696_C_T	intron_variant	MODIFIER	Farp1	protein_coding
14_121503701_C_T	intron_variant	MODIFIER	Farp1	protein_coding
15_11995407_C_T	intron_variant	MODIFIER	Sub1	protein_coding
15_11995408_C_T	intron_variant	MODIFIER	Sub1	protein_coding
15_11995412_C_T	intron_variant	MODIFIER	Sub1	protein_coding
15_11995417_C_T	intron_variant	MODIFIER	Sub1	protein_coding
15_11995418_C_T	intron_variant	MODIFIER	Sub1	protein_coding
15_11995419_C_T	intron_variant	MODIFIER	Sub1	protein_coding
15_11995424_C_T	intron_variant	MODIFIER	Sub1	protein_coding
15_12232463_C_T	intron_variant	MODIFIER	Mtmr12	protein_coding
15_12232466_C_T	intron_variant	MODIFIER	Mtmr12	protein_coding
15_12232467_C_T	intron_variant	MODIFIER	Mtmr12	protein_coding
15_12232473_C_T	intron_variant	MODIFIER	Mtmr12	protein_coding
15_12232479_C_T	intron_variant	MODIFIER	Mtmr12	protein_coding
15_18445236_C_T	intergenic_variant	MODIFIER	-	-
15_18445237_C_T	intergenic_variant	MODIFIER	-	-
15_18445242_C_T	intergenic_variant	MODIFIER	-	-
15_18445243_C_T	intergenic_variant	MODIFIER	-	-
15_18445244_C_T	intergenic_variant	MODIFIER	-	-
15_18445249_C_T	intergenic_variant	MODIFIER	-	-
15_18445250_C_T	intergenic_variant	MODIFIER	-	-
15_18445251_C_T	intergenic_variant	MODIFIER	-	-
15_25471745_G_A	intergenic_variant	MODIFIER	-	-
15_25471751_G_A	intergenic_variant	MODIFIER	-	-
15_25471758_G_A	intergenic_variant	MODIFIER	-	-
15_25471761_G_A	intergenic_variant	MODIFIER	-	-
15_31592451_C_T	missense_variant	MODERATE	Cct5	protein_coding
15_31592455_C_T	missense_variant	MODERATE	Cct5	protein_coding
15_31592459_C_T	synonymous_variant	LOW	Cct5	protein_coding
15_31592460_C_T	missense_variant	MODERATE	Cct5	protein_coding
15_31592461_C_T	missense_variant	MODERATE	Cct5	protein_coding
15_31592462_C_T	synonymous_variant	LOW	Cct5	protein_coding
15_31592467_C_T	missense_variant	MODERATE	Cct5	protein_coding
15_37032240_C_T	intron_variant,non_coding_transcript_variant	MODIFIER	Gm26766	lncRNA
15_37032249_C_T	intron_variant,non_coding_transcript_variant	MODIFIER	Gm26766	lncRNA
15_37032255_C_T	intron_variant,non_coding_transcript_variant	MODIFIER	Gm26766	lncRNA
15_45771222_C_T	intergenic_variant	MODIFIER	-	-
15_45771223_C_T	intergenic_variant	MODIFIER	-	-
15_45771228_C_T	intergenic_variant	MODIFIER	-	-
15_45771229_C_T	intergenic_variant	MODIFIER	-	-
15_45771230_C_T	intergenic_variant	MODIFIER	-	-
15_45771235_C_T	intergenic_variant	MODIFIER	-	-
15_53382393_C_T	intron_variant	MODIFIER	Samd12	protein_coding
15_53382398_C_T	intron_variant	MODIFIER	Samd12	protein_coding
15_53382399_C_T	intron_variant	MODIFIER	Samd12	protein_coding
15_53382400_C_T	intron_variant	MODIFIER	Samd12	protein_coding
15_63913406_G_A	intron_variant	MODIFIER	Cyrib	protein_coding
15_63913408_G_A	intron_variant	MODIFIER	Cyrib	protein_coding
15_63913409_G_A	intron_variant	MODIFIER	Cyrib	protein_coding
15_63913414_G_A	intron_variant	MODIFIER	Cyrib	protein_coding
15_63913415_G_A	intron_variant	MODIFIER	Cyrib	protein_coding
15_63913420_G_A	intron_variant	MODIFIER	Cyrib	protein_coding
15_63913421_G_A	intron_variant	MODIFIER	Cyrib	protein_coding
15_63913424_G_A	intron_variant	MODIFIER	Cyrib	protein_coding
15_63913425_G_A	intron_variant	MODIFIER	Cyrib	protein_coding
15_76395799_G_A	synonymous_variant	LOW	Dgat1	protein_coding
15_76395804_G_A	missense_variant	MODERATE	Dgat1	protein_coding
15_76395805_G_A	synonymous_variant	LOW	Dgat1	protein_coding
15_76395806_G_A	missense_variant	MODERATE	Dgat1	protein_coding
15_76395810_G_A	missense_variant	MODERATE	Dgat1	protein_coding
15_76395811_G_A	synonymous_variant	LOW	Dgat1	protein_coding
15_76395812_G_A	missense_variant	MODERATE	Dgat1	protein_coding
15_76395815_G_A	missense_variant	MODERATE	Dgat1	protein_coding
15_76395816_G_A	missense_variant	MODERATE	Dgat1	protein_coding
15_83639266_C_T	intergenic_variant	MODIFIER	-	-
15_83639275_C_T	intergenic_variant	MODIFIER	-	-
15_83639277_C_T	intergenic_variant	MODIFIER	-	-
15_83639282_C_T	intergenic_variant	MODIFIER	-	-
15_96809535_C_T	intergenic_variant	MODIFIER	-	-
15_96809536_C_T	intergenic_variant	MODIFIER	-	-
15_96809539_C_T	intergenic_variant	MODIFIER	-	-
15_96809540_C_T	intergenic_variant	MODIFIER	-	-
15_96809543_C_T	intergenic_variant	MODIFIER	-	-
15_96809545_C_T	intergenic_variant	MODIFIER	-	-
15_96809546_C_T	intergenic_variant	MODIFIER	-	-
15_96809552_C_T	intergenic_variant	MODIFIER	-	-
15_102052985_G_A	start_lost	HIGH	Igfbp6	protein_coding
15_102052990_G_A	stop_gained	HIGH	Igfbp6	protein_coding
15_102052991_G_A	stop_gained	HIGH	Igfbp6	protein_coding
15_102052992_G_A	missense_variant	MODERATE	Igfbp6	protein_coding
15_102052995_G_A	missense_variant	MODERATE	Igfbp6	protein_coding
15_102052996_G_A	missense_variant	MODERATE	Igfbp6	protein_coding
15_102052997_G_A	synonymous_variant	LOW	Igfbp6	protein_coding
15_102053000_G_A	synonymous_variant	LOW	Igfbp6	protein_coding
16_10683075_G_A	intron_variant,NMD_transcript_variant	MODIFIER	Rmi2	nonsense_mediated_decay
16_10683080_G_A	intron_variant,NMD_transcript_variant	MODIFIER	Rmi2	nonsense_mediated_decay
16_10683082_G_A	intron_variant,NMD_transcript_variant	MODIFIER	Rmi2	nonsense_mediated_decay
16_10683086_G_A	intron_variant,NMD_transcript_variant	MODIFIER	Rmi2	nonsense_mediated_decay
16_10683087_G_A	intron_variant,NMD_transcript_variant	MODIFIER	Rmi2	nonsense_mediated_decay
16_10683090_G_A	intron_variant,NMD_transcript_variant	MODIFIER	Rmi2	nonsense_mediated_decay
16_11523417_G_A	intron_variant	MODIFIER	Snx29	protein_coding
16_11523421_G_A	intron_variant	MODIFIER	Snx29	protein_coding
16_11523427_G_A	intron_variant	MODIFIER	Snx29	protein_coding
16_11523428_G_A	intron_variant	MODIFIER	Snx29	protein_coding
16_11523431_G_A	intron_variant	MODIFIER	Snx29	protein_coding
16_11523434_G_A	intron_variant	MODIFIER	Snx29	protein_coding
16_11523437_G_A	intron_variant	MODIFIER	Snx29	protein_coding
16_20498761_C_T	missense_variant	MODERATE	Eif4g1	protein_coding
16_20498764_C_T	missense_variant	MODERATE	Eif4g1	protein_coding
16_20498767_C_T	missense_variant	MODERATE	Eif4g1	protein_coding
16_20498770_C_T	missense_variant	MODERATE	Eif4g1	protein_coding
16_20498771_C_T	synonymous_variant	LOW	Eif4g1	protein_coding
16_20498772_C_T	stop_gained	HIGH	Eif4g1	protein_coding
16_38425469_G_A	intron_variant	MODIFIER	Arhgap31	protein_coding
16_38425474_G_A	intron_variant	MODIFIER	Arhgap31	protein_coding
16_38425475_G_A	intron_variant	MODIFIER	Arhgap31	protein_coding
16_38425476_G_A	intron_variant	MODIFIER	Arhgap31	protein_coding
16_38425481_G_A	intron_variant	MODIFIER	Arhgap31	protein_coding
16_76169377_C_T	intron_variant	MODIFIER	Nrip1	protein_coding
16_76169380_C_T	intron_variant	MODIFIER	Nrip1	protein_coding
16_76169381_C_T	intron_variant	MODIFIER	Nrip1	protein_coding
16_76169384_C_T	intron_variant	MODIFIER	Nrip1	protein_coding
16_76169386_C_T	intron_variant	MODIFIER	Nrip1	protein_coding
16_76169387_C_T	intron_variant	MODIFIER	Nrip1	protein_coding
16_76169388_C_T	intron_variant	MODIFIER	Nrip1	protein_coding
16_76169393_C_T	intron_variant	MODIFIER	Nrip1	protein_coding
16_76169395_C_T	intron_variant	MODIFIER	Nrip1	protein_coding
16_84500268_C_T	intron_variant,non_coding_transcript_variant	MODIFIER	Mir155hg	lncRNA
16_84500271_C_T	intron_variant,non_coding_transcript_variant	MODIFIER	Mir155hg	lncRNA
16_84500272_C_T	intron_variant,non_coding_transcript_variant	MODIFIER	Mir155hg	lncRNA
16_84500274_C_T	intron_variant,non_coding_transcript_variant	MODIFIER	Mir155hg	lncRNA
16_84500277_C_T	intron_variant,non_coding_transcript_variant	MODIFIER	Mir155hg	lncRNA
16_84500278_C_T	intron_variant,non_coding_transcript_variant	MODIFIER	Mir155hg	lncRNA
16_84500279_C_T	intron_variant,non_coding_transcript_variant	MODIFIER	Mir155hg	lncRNA
16_84500284_C_T	intron_variant,non_coding_transcript_variant	MODIFIER	Mir155hg	lncRNA
16_94294865_G_A	downstream_gene_variant	MODIFIER	Vps26c	protein_coding
16_94294871_G_A	downstream_gene_variant	MODIFIER	Vps26c	protein_coding
16_94294872_G_A	downstream_gene_variant	MODIFIER	Vps26c	protein_coding
16_94294877_G_A	downstream_gene_variant	MODIFIER	Vps26c	protein_coding
16_94294878_G_A	downstream_gene_variant	MODIFIER	Vps26c	protein_coding
16_94294881_G_A	downstream_gene_variant	MODIFIER	Vps26c	protein_coding
16_96862619_G_A	intron_variant	MODIFIER	Dscam	protein_coding
16_96862625_G_A	intron_variant	MODIFIER	Dscam	protein_coding
16_96862626_G_A	intron_variant	MODIFIER	Dscam	protein_coding
16_96862634_G_A	intron_variant	MODIFIER	Dscam	protein_coding
17_9733236_C_T	intergenic_variant	MODIFIER	-	-
17_9733239_C_T	intergenic_variant	MODIFIER	-	-
17_9733244_C_T	intergenic_variant	MODIFIER	-	-
17_9733245_C_T	intergenic_variant	MODIFIER	-	-
17_9733246_C_T	intergenic_variant	MODIFIER	-	-
17_9733252_C_T	intergenic_variant	MODIFIER	-	-
17_22250956_G_A	intron_variant,NMD_transcript_variant	MODIFIER	Zfp943	nonsense_mediated_decay
17_22250958_G_A	intron_variant,NMD_transcript_variant	MODIFIER	Zfp943	nonsense_mediated_decay
17_22250960_G_A	intron_variant,NMD_transcript_variant	MODIFIER	Zfp943	nonsense_mediated_decay
17_22250964_G_A	intron_variant,NMD_transcript_variant	MODIFIER	Zfp943	nonsense_mediated_decay
17_22250967_G_A	intron_variant,NMD_transcript_variant	MODIFIER	Zfp943	nonsense_mediated_decay
17_26407298_C_T	intron_variant	MODIFIER	Axin1	protein_coding
17_26407302_C_T	intron_variant	MODIFIER	Axin1	protein_coding
17_26407307_C_T	intron_variant	MODIFIER	Axin1	protein_coding
17_26407308_C_T	intron_variant	MODIFIER	Axin1	protein_coding
17_26407309_C_T	intron_variant	MODIFIER	Axin1	protein_coding
17_26407313_C_T	intron_variant	MODIFIER	Axin1	protein_coding
17_26407314_C_T	intron_variant	MODIFIER	Axin1	protein_coding
17_28910472_G_A	5_prime_UTR_variant	MODIFIER	Mapk14	protein_coding
17_28910473_G_A	5_prime_UTR_variant	MODIFIER	Mapk14	protein_coding
17_28910474_G_A	5_prime_UTR_variant	MODIFIER	Mapk14	protein_coding
17_28910475_G_A	5_prime_UTR_variant	MODIFIER	Mapk14	protein_coding
17_28910477_G_A	5_prime_UTR_variant	MODIFIER	Mapk14	protein_coding
17_28910479_G_A	5_prime_UTR_variant	MODIFIER	Mapk14	protein_coding
17_28910480_G_A	5_prime_UTR_variant	MODIFIER	Mapk14	protein_coding
17_28910483_G_A	5_prime_UTR_variant	MODIFIER	Mapk14	protein_coding
17_83335632_C_T	intergenic_variant	MODIFIER	-	-
17_83335637_C_T	intergenic_variant	MODIFIER	-	-
17_83335643_C_T	intergenic_variant	MODIFIER	-	-
17_83335644_C_T	intergenic_variant	MODIFIER	-	-
17_83335650_C_T	intergenic_variant	MODIFIER	-	-
18_4709139_C_T	intergenic_variant	MODIFIER	-	-
18_4709145_C_T	intergenic_variant	MODIFIER	-	-
18_4709146_C_T	intergenic_variant	MODIFIER	-	-
18_4709151_C_T	intergenic_variant	MODIFIER	-	-
18_4709152_C_T	intergenic_variant	MODIFIER	-	-
18_25661152_C_T	intron_variant	MODIFIER	Celf4	protein_coding
18_25661155_C_T	intron_variant	MODIFIER	Celf4	protein_coding
18_25661161_C_T	intron_variant	MODIFIER	Celf4	protein_coding
18_25661163_C_T	intron_variant	MODIFIER	Celf4	protein_coding
18_25661168_C_T	intron_variant	MODIFIER	Celf4	protein_coding
18_29191763_G_A	intergenic_variant	MODIFIER	-	-
18_29191769_G_A	intergenic_variant	MODIFIER	-	-
18_29191770_G_A	intergenic_variant	MODIFIER	-	-
18_29191776_G_A	intergenic_variant	MODIFIER	-	-
18_29191779_G_A	intergenic_variant	MODIFIER	-	-
18_75813620_C_T	intron_variant	MODIFIER	Ctif	protein_coding
18_75813621_C_T	intron_variant	MODIFIER	Ctif	protein_coding
18_75813626_C_T	intron_variant	MODIFIER	Ctif	protein_coding
18_75813627_C_T	intron_variant	MODIFIER	Ctif	protein_coding
19_53851920_G_A	intron_variant,NMD_transcript_variant	MODIFIER	Rbm20	nonsense_mediated_decay
19_53851924_G_A	intron_variant,NMD_transcript_variant	MODIFIER	Rbm20	nonsense_mediated_decay
19_53851929_G_A	intron_variant,NMD_transcript_variant	MODIFIER	Rbm20	nonsense_mediated_decay
19_53851930_G_A	intron_variant,NMD_transcript_variant	MODIFIER	Rbm20	nonsense_mediated_decay
19_53851931_G_A	intron_variant,NMD_transcript_variant	MODIFIER	Rbm20	nonsense_mediated_decay
19_53851937_G_A	intron_variant,NMD_transcript_variant	MODIFIER	Rbm20	nonsense_mediated_decay
2_25157966_C_T	upstream_gene_variant	MODIFIER	Anapc2	protein_coding
2_25157972_C_T	upstream_gene_variant	MODIFIER	Anapc2	protein_coding
2_25157973_C_T	upstream_gene_variant	MODIFIER	Anapc2	protein_coding
2_25157979_C_T	upstream_gene_variant	MODIFIER	Anapc2	protein_coding
2_32262501_C_T	synonymous_variant	LOW	Ciz1	protein_coding
2_32262502_C_T	stop_gained	HIGH	Ciz1	protein_coding
2_32262505_C_T	stop_gained,splice_region_variant	HIGH	Ciz1	protein_coding
2_32262511_C_T	splice_donor_region_variant,intron_variant	LOW	Ciz1	protein_coding
2_32262513_C_T	splice_donor_region_variant,intron_variant	LOW	Ciz1	protein_coding
2_32262518_C_T	intron_variant	MODIFIER	Ciz1	protein_coding
2_69553516_C_T	5_prime_UTR_variant	MODIFIER	Ppig	protein_coding
2_69553519_C_T	5_prime_UTR_variant	MODIFIER	Ppig	protein_coding
2_69553520_C_T	5_prime_UTR_variant	MODIFIER	Ppig	protein_coding
2_69553524_C_T	5_prime_UTR_variant	MODIFIER	Ppig	protein_coding
2_69553525_C_T	5_prime_UTR_variant	MODIFIER	Ppig	protein_coding
2_69553526_C_T	5_prime_UTR_variant	MODIFIER	Ppig	protein_coding
2_69553527_C_T	5_prime_UTR_variant	MODIFIER	Ppig	protein_coding
2_69553532_C_T	5_prime_UTR_variant	MODIFIER	Ppig	protein_coding
2_102044023_C_T	upstream_gene_variant	MODIFIER	Gm13866	processed_pseudogene
2_102044032_C_T	upstream_gene_variant	MODIFIER	Gm13866	processed_pseudogene
2_102044033_C_T	upstream_gene_variant	MODIFIER	Gm13866	processed_pseudogene
2_102044034_C_T	upstream_gene_variant	MODIFIER	Gm13866	processed_pseudogene
2_102044038_C_T	upstream_gene_variant	MODIFIER	Gm13866	processed_pseudogene
2_102044039_C_T	upstream_gene_variant	MODIFIER	Gm13866	processed_pseudogene
2_116431619_G_A	intergenic_variant	MODIFIER	-	-
2_116431624_G_A	intergenic_variant	MODIFIER	-	-
2_116431626_G_A	intergenic_variant	MODIFIER	-	-
2_116431631_G_A	intergenic_variant	MODIFIER	-	-
2_116431632_G_A	intergenic_variant	MODIFIER	-	-
2_116431635_G_A	intergenic_variant	MODIFIER	-	-
2_124447059_C_T	intron_variant	MODIFIER	Sema6d	protein_coding
2_124447062_C_T	intron_variant	MODIFIER	Sema6d	protein_coding
2_124447068_C_T	intron_variant	MODIFIER	Sema6d	protein_coding
2_124447069_C_T	intron_variant	MODIFIER	Sema6d	protein_coding
2_124447070_C_T	intron_variant	MODIFIER	Sema6d	protein_coding
2_124447075_C_T	intron_variant	MODIFIER	Sema6d	protein_coding
2_124447077_C_T	intron_variant	MODIFIER	Sema6d	protein_coding
2_135165633_G_A	intron_variant	MODIFIER	Plcb1	protein_coding
2_135165638_G_A	intron_variant	MODIFIER	Plcb1	protein_coding
2_135165639_G_A	intron_variant	MODIFIER	Plcb1	protein_coding
2_135165640_G_A	intron_variant	MODIFIER	Plcb1	protein_coding
2_135165642_G_A	intron_variant	MODIFIER	Plcb1	protein_coding
2_135165646_G_A	intron_variant	MODIFIER	Plcb1	protein_coding
2_135165647_G_A	intron_variant	MODIFIER	Plcb1	protein_coding
2_135165650_G_A	intron_variant	MODIFIER	Plcb1	protein_coding
2_147888950_C_T	upstream_gene_variant	MODIFIER	Foxa2	protein_coding
2_147888953_C_T	upstream_gene_variant	MODIFIER	Foxa2	protein_coding
2_147888954_C_T	upstream_gene_variant	MODIFIER	Foxa2	protein_coding
2_147888959_C_T	upstream_gene_variant	MODIFIER	Foxa2	protein_coding
2_147888960_C_T	upstream_gene_variant	MODIFIER	Foxa2	protein_coding
2_147888961_C_T	upstream_gene_variant	MODIFIER	Foxa2	protein_coding
2_147888968_C_T	upstream_gene_variant	MODIFIER	Foxa2	protein_coding
2_153810126_G_A	downstream_gene_variant	MODIFIER	Bpifb4	protein_coding
2_153810133_G_A	downstream_gene_variant	MODIFIER	Bpifb4	protein_coding
2_153810134_G_A	downstream_gene_variant	MODIFIER	Bpifb4	protein_coding
2_153810138_G_A	downstream_gene_variant	MODIFIER	Bpifb4	protein_coding
2_153810139_G_A	downstream_gene_variant	MODIFIER	Bpifb4	protein_coding
2_153810140_G_A	downstream_gene_variant	MODIFIER	Bpifb4	protein_coding
2_153810143_G_A	downstream_gene_variant	MODIFIER	Bpifb4	protein_coding
2_156263754_C_T	intron_variant	MODIFIER	Epb41l1	protein_coding
2_156263757_C_T	intron_variant	MODIFIER	Epb41l1	protein_coding
2_156263758_C_T	intron_variant	MODIFIER	Epb41l1	protein_coding
2_156263760_C_T	intron_variant	MODIFIER	Epb41l1	protein_coding
2_156263762_C_T	intron_variant	MODIFIER	Epb41l1	protein_coding
2_156263763_C_T	intron_variant	MODIFIER	Epb41l1	protein_coding
2_156263764_C_T	intron_variant	MODIFIER	Epb41l1	protein_coding
2_156263771_C_T	intron_variant	MODIFIER	Epb41l1	protein_coding
2_172381733_G_A	intergenic_variant	MODIFIER	-	-
2_172381739_G_A	intergenic_variant	MODIFIER	-	-
2_172381740_G_A	intergenic_variant	MODIFIER	-	-
2_172381742_G_A	intergenic_variant	MODIFIER	-	-
2_172381745_G_A	intergenic_variant	MODIFIER	-	-
2_172381746_G_A	intergenic_variant	MODIFIER	-	-
2_172381749_G_A	intergenic_variant	MODIFIER	-	-
2_172381751_G_A	intergenic_variant	MODIFIER	-	-
3_11909507_G_A	upstream_gene_variant	MODIFIER	Gm10745	lncRNA
3_11909512_G_A	upstream_gene_variant	MODIFIER	Gm10745	lncRNA
3_11909513_G_A	upstream_gene_variant	MODIFIER	Gm10745	lncRNA
3_11909514_G_A	upstream_gene_variant	MODIFIER	Gm10745	lncRNA
3_11909518_G_A	upstream_gene_variant	MODIFIER	Gm10745	lncRNA
3_11909519_G_A	upstream_gene_variant	MODIFIER	Gm10745	lncRNA
3_11909522_G_A	upstream_gene_variant	MODIFIER	Gm10745	lncRNA
3_11909524_G_A	upstream_gene_variant	MODIFIER	Gm10745	lncRNA
3_30108966_C_T	intron_variant	MODIFIER	Mecom	protein_coding
3_30108969_C_T	intron_variant	MODIFIER	Mecom	protein_coding
3_30108975_C_T	intron_variant	MODIFIER	Mecom	protein_coding
3_30108976_C_T	intron_variant	MODIFIER	Mecom	protein_coding
3_30108977_C_T	intron_variant	MODIFIER	Mecom	protein_coding
3_30108982_C_T	intron_variant	MODIFIER	Mecom	protein_coding
3_66105116_C_T	intron_variant	MODIFIER	Veph1	protein_coding
3_66105117_C_T	intron_variant	MODIFIER	Veph1	protein_coding
3_66105122_C_T	intron_variant	MODIFIER	Veph1	protein_coding
3_66105123_C_T	intron_variant	MODIFIER	Veph1	protein_coding
3_66105129_C_T	intron_variant	MODIFIER	Veph1	protein_coding
3_67619607_G_A	intergenic_variant	MODIFIER	-	-
3_67619612_G_A	intergenic_variant	MODIFIER	-	-
3_67619613_G_A	intergenic_variant	MODIFIER	-	-
3_67619614_G_A	intergenic_variant	MODIFIER	-	-
3_67619616_G_A	intergenic_variant	MODIFIER	-	-
3_67619620_G_A	intergenic_variant	MODIFIER	-	-
3_67619623_G_A	intergenic_variant	MODIFIER	-	-
3_99089163_G_A	intron_variant	MODIFIER	Wars2	protein_coding
3_99089169_G_A	intron_variant	MODIFIER	Wars2	protein_coding
3_99089170_G_A	intron_variant	MODIFIER	Wars2	protein_coding
3_99089175_G_A	intron_variant	MODIFIER	Wars2	protein_coding
3_99089176_G_A	intron_variant	MODIFIER	Wars2	protein_coding
3_121836173_G_A	upstream_gene_variant	MODIFIER	Abca4	protein_coding
3_121836174_G_A	upstream_gene_variant	MODIFIER	Abca4	protein_coding
3_121836180_G_A	upstream_gene_variant	MODIFIER	Abca4	protein_coding
3_121836181_G_A	upstream_gene_variant	MODIFIER	Abca4	protein_coding
3_121836187_G_A	upstream_gene_variant	MODIFIER	Abca4	protein_coding
3_121836190_G_A	upstream_gene_variant	MODIFIER	Abca4	protein_coding
3_130411235_C_T	5_prime_UTR_variant	MODIFIER	Etnppl	protein_coding
3_130411236_C_T	5_prime_UTR_variant	MODIFIER	Etnppl	protein_coding
3_130411238_C_T	5_prime_UTR_variant	MODIFIER	Etnppl	protein_coding
3_130411239_C_T	5_prime_UTR_variant	MODIFIER	Etnppl	protein_coding
3_130411244_C_T	5_prime_UTR_variant	MODIFIER	Etnppl	protein_coding
3_130411245_C_T	5_prime_UTR_variant	MODIFIER	Etnppl	protein_coding
3_130411246_C_T	5_prime_UTR_variant	MODIFIER	Etnppl	protein_coding
3_130411251_C_T	5_prime_UTR_variant	MODIFIER	Etnppl	protein_coding
3_144125863_C_T	intergenic_variant	MODIFIER	-	-
3_144125866_C_T	intergenic_variant	MODIFIER	-	-
3_144125872_C_T	intergenic_variant	MODIFIER	-	-
3_144125873_C_T	intergenic_variant	MODIFIER	-	-
3_144125879_C_T	intergenic_variant	MODIFIER	-	-
3_153031463_C_T	intron_variant	MODIFIER	St6galnac3	protein_coding
3_153031466_C_T	intron_variant	MODIFIER	St6galnac3	protein_coding
3_153031471_C_T	intron_variant	MODIFIER	St6galnac3	protein_coding
3_153031472_C_T	intron_variant	MODIFIER	St6galnac3	protein_coding
3_153031473_C_T	intron_variant	MODIFIER	St6galnac3	protein_coding
3_153031478_C_T	intron_variant	MODIFIER	St6galnac3	protein_coding
4_34856125_G_A	intron_variant	MODIFIER	Zfp292	protein_coding
4_34856130_G_A	intron_variant	MODIFIER	Zfp292	protein_coding
4_34856132_G_A	intron_variant	MODIFIER	Zfp292	protein_coding
4_34856134_G_A	intron_variant	MODIFIER	Zfp292	protein_coding
4_34856137_G_A	intron_variant	MODIFIER	Zfp292	protein_coding
4_34856138_G_A	intron_variant	MODIFIER	Zfp292	protein_coding
4_34856141_G_A	intron_variant	MODIFIER	Zfp292	protein_coding
4_45743445_C_T	intergenic_variant	MODIFIER	-	-
4_45743451_C_T	intergenic_variant	MODIFIER	-	-
4_45743452_C_T	intergenic_variant	MODIFIER	-	-
4_45743453_C_T	intergenic_variant	MODIFIER	-	-
4_45743457_C_T	intergenic_variant	MODIFIER	-	-
4_45743458_C_T	intergenic_variant	MODIFIER	-	-
4_53568088_G_A	intron_variant	MODIFIER	Slc44a1	protein_coding
4_53568093_G_A	intron_variant	MODIFIER	Slc44a1	protein_coding
4_53568094_G_A	intron_variant	MODIFIER	Slc44a1	protein_coding
4_53568099_G_A	intron_variant	MODIFIER	Slc44a1	protein_coding
4_53568100_G_A	intron_variant	MODIFIER	Slc44a1	protein_coding
4_53568101_G_A	intron_variant	MODIFIER	Slc44a1	protein_coding
4_53568104_G_A	intron_variant	MODIFIER	Slc44a1	protein_coding
4_66682325_G_A	intergenic_variant	MODIFIER	-	-
4_66682330_G_A	intergenic_variant	MODIFIER	-	-
4_66682332_G_A	intergenic_variant	MODIFIER	-	-
4_66682334_G_A	intergenic_variant	MODIFIER	-	-
4_66682341_G_A	intergenic_variant	MODIFIER	-	-
4_85865507_C_T	intron_variant	MODIFIER	Adamtsl1	protein_coding
4_85865510_C_T	intron_variant	MODIFIER	Adamtsl1	protein_coding
4_85865511_C_T	intron_variant	MODIFIER	Adamtsl1	protein_coding
4_85865514_C_T	intron_variant	MODIFIER	Adamtsl1	protein_coding
4_85865516_C_T	intron_variant	MODIFIER	Adamtsl1	protein_coding
4_85865517_C_T	intron_variant	MODIFIER	Adamtsl1	protein_coding
4_85865518_C_T	intron_variant	MODIFIER	Adamtsl1	protein_coding
4_85865523_C_T	intron_variant	MODIFIER	Adamtsl1	protein_coding
4_86595117_C_T	intergenic_variant	MODIFIER	-	-
4_86595120_C_T	intergenic_variant	MODIFIER	-	-
4_86595125_C_T	intergenic_variant	MODIFIER	-	-
4_86595126_C_T	intergenic_variant	MODIFIER	-	-
4_86595127_C_T	intergenic_variant	MODIFIER	-	-
4_86595132_C_T	intergenic_variant	MODIFIER	-	-
4_114121662_C_T	intergenic_variant	MODIFIER	-	-
4_114121663_C_T	intergenic_variant	MODIFIER	-	-
4_114121668_C_T	intergenic_variant	MODIFIER	-	-
4_114121669_C_T	intergenic_variant	MODIFIER	-	-
4_114121670_C_T	intergenic_variant	MODIFIER	-	-
4_114121675_C_T	intergenic_variant	MODIFIER	-	-
4_129579945_G_A	intron_variant	MODIFIER	Tmem39b	protein_coding
4_129579951_G_A	intron_variant	MODIFIER	Tmem39b	protein_coding
4_129579952_G_A	intron_variant	MODIFIER	Tmem39b	protein_coding
4_129579957_G_A	intron_variant	MODIFIER	Tmem39b	protein_coding
4_129579958_G_A	intron_variant	MODIFIER	Tmem39b	protein_coding
4_132448107_C_T	intron_variant	MODIFIER	Eya3	protein_coding
4_132448109_C_T	intron_variant	MODIFIER	Eya3	protein_coding
4_132448112_C_T	intron_variant	MODIFIER	Eya3	protein_coding
4_132448113_C_T	intron_variant	MODIFIER	Eya3	protein_coding
4_132448116_C_T	intron_variant	MODIFIER	Eya3	protein_coding
4_132448119_C_T	intron_variant	MODIFIER	Eya3	protein_coding
4_132448125_C_T	intron_variant	MODIFIER	Eya3	protein_coding
4_132817825_G_A	intergenic_variant	MODIFIER	-	-
4_132817826_G_A	intergenic_variant	MODIFIER	-	-
4_132817827_G_A	intergenic_variant	MODIFIER	-	-
4_132817833_G_A	intergenic_variant	MODIFIER	-	-
4_132817836_G_A	intergenic_variant	MODIFIER	-	-
4_138332578_C_T	intron_variant	MODIFIER	Vwa5b1	protein_coding
4_138332585_C_T	intron_variant	MODIFIER	Vwa5b1	protein_coding
4_138332587_C_T	intron_variant	MODIFIER	Vwa5b1	protein_coding
4_138332588_C_T	intron_variant	MODIFIER	Vwa5b1	protein_coding
4_138332589_C_T	intron_variant	MODIFIER	Vwa5b1	protein_coding
4_138332594_C_T	intron_variant	MODIFIER	Vwa5b1	protein_coding
4_141660762_C_T	upstream_gene_variant	MODIFIER	Fhad1	protein_coding
4_141660765_C_T	upstream_gene_variant	MODIFIER	Fhad1	protein_coding
4_141660771_C_T	upstream_gene_variant	MODIFIER	Fhad1	protein_coding
4_141660773_C_T	upstream_gene_variant	MODIFIER	Fhad1	protein_coding
4_141660778_C_T	upstream_gene_variant	MODIFIER	Fhad1	protein_coding
4_148728819_C_T	intron_variant	MODIFIER	Gm572	protein_coding
4_148728822_C_T	intron_variant	MODIFIER	Gm572	protein_coding
4_148728827_C_T	intron_variant	MODIFIER	Gm572	protein_coding
4_148728828_C_T	intron_variant	MODIFIER	Gm572	protein_coding
4_148728834_C_T	intron_variant	MODIFIER	Gm572	protein_coding
4_148799445_C_T	intron_variant,non_coding_transcript_variant	MODIFIER	Gm13203	lncRNA
4_148799449_C_T	intron_variant,non_coding_transcript_variant	MODIFIER	Gm13203	lncRNA
4_148799450_C_T	intron_variant,non_coding_transcript_variant	MODIFIER	Gm13203	lncRNA
4_148799455_C_T	intron_variant,non_coding_transcript_variant	MODIFIER	Gm13203	lncRNA
4_148799456_C_T	intron_variant,non_coding_transcript_variant	MODIFIER	Gm13203	lncRNA
4_148799457_C_T	intron_variant,non_coding_transcript_variant	MODIFIER	Gm13203	lncRNA
4_148799462_C_T	intron_variant,non_coding_transcript_variant	MODIFIER	Gm13203	lncRNA
4_152391318_G_A	splice_region_variant,splice_polypyrimidine_tract_variant,intron_variant,non_coding_transcript_variant	LOW	Icmt	protein_coding_CDS_not_defined
4_152391324_G_A	splice_acceptor_variant,non_coding_transcript_variant	HIGH	Icmt	protein_coding_CDS_not_defined
4_152391325_G_A	splice_region_variant,non_coding_transcript_exon_variant	LOW	Icmt	protein_coding_CDS_not_defined
4_152391331_G_A	3_prime_UTR_variant	MODIFIER	Icmt	protein_coding
4_152391334_G_A	3_prime_UTR_variant	MODIFIER	Icmt	protein_coding
4_152391336_G_A	3_prime_UTR_variant	MODIFIER	Icmt	protein_coding
5_26879271_G_A	intergenic_variant	MODIFIER	-	-
5_26879276_G_A	intergenic_variant	MODIFIER	-	-
5_26879277_G_A	intergenic_variant	MODIFIER	-	-
5_26879278_G_A	intergenic_variant	MODIFIER	-	-
5_26879282_G_A	intergenic_variant	MODIFIER	-	-
5_26879283_G_A	intergenic_variant	MODIFIER	-	-
5_26879284_G_A	intergenic_variant	MODIFIER	-	-
5_26879287_G_A	intergenic_variant	MODIFIER	-	-
5_27685521_G_A	intron_variant	MODIFIER	Dpp6	protein_coding
5_27685522_G_A	intron_variant	MODIFIER	Dpp6	protein_coding
5_27685526_G_A	intron_variant	MODIFIER	Dpp6	protein_coding
5_27685527_G_A	intron_variant	MODIFIER	Dpp6	protein_coding
5_27685528_G_A	intron_variant	MODIFIER	Dpp6	protein_coding
5_27685536_G_A	intron_variant	MODIFIER	Dpp6	protein_coding
5_28288639_C_T	downstream_gene_variant	MODIFIER	Insig1	protein_coding
5_28288642_C_T	downstream_gene_variant	MODIFIER	Insig1	protein_coding
5_28288643_C_T	downstream_gene_variant	MODIFIER	Insig1	protein_coding
5_28288648_C_T	downstream_gene_variant	MODIFIER	Insig1	protein_coding
5_28288649_C_T	downstream_gene_variant	MODIFIER	Insig1	protein_coding
5_28288650_C_T	downstream_gene_variant	MODIFIER	Insig1	protein_coding
5_28288655_C_T	downstream_gene_variant	MODIFIER	Insig1	protein_coding
5_28288657_C_T	downstream_gene_variant	MODIFIER	Insig1	protein_coding
5_37373389_C_T	intron_variant	MODIFIER	Gm1043	protein_coding
5_37373390_C_T	intron_variant	MODIFIER	Gm1043	protein_coding
5_37373395_C_T	intron_variant	MODIFIER	Gm1043	protein_coding
5_37373396_C_T	intron_variant	MODIFIER	Gm1043	protein_coding
5_37373397_C_T	intron_variant	MODIFIER	Gm1043	protein_coding
5_37373402_C_T	intron_variant	MODIFIER	Gm1043	protein_coding
5_44681782_C_T	intron_variant	MODIFIER	Ldb2	protein_coding
5_44681791_C_T	intron_variant	MODIFIER	Ldb2	protein_coding
5_44681792_C_T	intron_variant	MODIFIER	Ldb2	protein_coding
5_44681793_C_T	intron_variant	MODIFIER	Ldb2	protein_coding
5_44681798_C_T	intron_variant	MODIFIER	Ldb2	protein_coding
5_67372071_C_T	intergenic_variant	MODIFIER	-	-
5_67372074_C_T	intergenic_variant	MODIFIER	-	-
5_67372075_C_T	intergenic_variant	MODIFIER	-	-
5_67372077_C_T	intergenic_variant	MODIFIER	-	-
5_67372080_C_T	intergenic_variant	MODIFIER	-	-
5_67372081_C_T	intergenic_variant	MODIFIER	-	-
5_73563903_G_A	intron_variant	MODIFIER	Cwh43	protein_coding
5_73563904_G_A	intron_variant	MODIFIER	Cwh43	protein_coding
5_73563908_G_A	intron_variant	MODIFIER	Cwh43	protein_coding
5_73563909_G_A	intron_variant	MODIFIER	Cwh43	protein_coding
5_73563910_G_A	intron_variant	MODIFIER	Cwh43	protein_coding
5_73563914_G_A	intron_variant	MODIFIER	Cwh43	protein_coding
5_73563915_G_A	intron_variant	MODIFIER	Cwh43	protein_coding
5_73563918_G_A	intron_variant	MODIFIER	Cwh43	protein_coding
5_92497426_C_T	upstream_gene_variant	MODIFIER	Cxcl10	protein_coding
5_92497429_C_T	upstream_gene_variant	MODIFIER	Cxcl10	protein_coding
5_92497435_C_T	upstream_gene_variant	MODIFIER	Cxcl10	protein_coding
5_92497436_C_T	upstream_gene_variant	MODIFIER	Cxcl10	protein_coding
5_92497442_C_T	upstream_gene_variant	MODIFIER	Cxcl10	protein_coding
5_92497443_C_T	upstream_gene_variant	MODIFIER	Cxcl10	protein_coding
5_105965397_G_A	downstream_gene_variant	MODIFIER	Lrrc8d	protein_coding
5_105965403_G_A	downstream_gene_variant	MODIFIER	Lrrc8d	protein_coding
5_105965404_G_A	downstream_gene_variant	MODIFIER	Lrrc8d	protein_coding
5_105965410_G_A	downstream_gene_variant	MODIFIER	Lrrc8d	protein_coding
5_105965413_G_A	downstream_gene_variant	MODIFIER	Lrrc8d	protein_coding
5_119358234_G_A	intergenic_variant	MODIFIER	-	-
5_119358240_G_A	intergenic_variant	MODIFIER	-	-
5_119358241_G_A	intergenic_variant	MODIFIER	-	-
5_119358246_G_A	intergenic_variant	MODIFIER	-	-
5_119358249_G_A	intergenic_variant	MODIFIER	-	-
5_120315771_G_A	intron_variant	MODIFIER	Rbm19	protein_coding
5_120315777_G_A	intron_variant	MODIFIER	Rbm19	protein_coding
5_120315778_G_A	intron_variant	MODIFIER	Rbm19	protein_coding
5_120315783_G_A	intron_variant	MODIFIER	Rbm19	protein_coding
5_120315784_G_A	intron_variant	MODIFIER	Rbm19	protein_coding
5_120315785_G_A	intron_variant	MODIFIER	Rbm19	protein_coding
5_122012847_G_A	intron_variant	MODIFIER	Cux2	protein_coding
5_122012852_G_A	intron_variant	MODIFIER	Cux2	protein_coding
5_122012853_G_A	intron_variant	MODIFIER	Cux2	protein_coding
5_122012854_G_A	intron_variant	MODIFIER	Cux2	protein_coding
5_122012855_G_A	intron_variant	MODIFIER	Cux2	protein_coding
5_122012856_G_A	intron_variant	MODIFIER	Cux2	protein_coding
5_122012859_G_A	intron_variant	MODIFIER	Cux2	protein_coding
5_122012860_G_A	intron_variant	MODIFIER	Cux2	protein_coding
5_122012863_G_A	intron_variant	MODIFIER	Cux2	protein_coding
5_122104718_C_T	intron_variant	MODIFIER	Cux2	protein_coding
5_122104724_C_T	intron_variant	MODIFIER	Cux2	protein_coding
5_122104726_C_T	intron_variant	MODIFIER	Cux2	protein_coding
5_122104731_C_T	intron_variant	MODIFIER	Cux2	protein_coding
5_123595810_C_T	3_prime_UTR_variant	MODIFIER	Mlxip	protein_coding
5_123595813_C_T	3_prime_UTR_variant	MODIFIER	Mlxip	protein_coding
5_123595818_C_T	3_prime_UTR_variant	MODIFIER	Mlxip	protein_coding
5_123595819_C_T	3_prime_UTR_variant	MODIFIER	Mlxip	protein_coding
5_136068959_G_A	synonymous_variant	LOW	Upk3b	protein_coding
5_136068965_G_A	synonymous_variant	LOW	Upk3b	protein_coding
5_136068966_G_A	missense_variant	MODERATE	Upk3b	protein_coding
5_136068971_G_A	synonymous_variant	LOW	Upk3b	protein_coding
5_136068974_G_A	synonymous_variant	LOW	Upk3b	protein_coding
6_29199382_C_T	downstream_gene_variant	MODIFIER	Impdh1	protein_coding
6_29199385_C_T	downstream_gene_variant	MODIFIER	Impdh1	protein_coding
6_29199389_C_T	downstream_gene_variant	MODIFIER	Impdh1	protein_coding
6_29199391_C_T	downstream_gene_variant	MODIFIER	Impdh1	protein_coding
6_29199392_C_T	downstream_gene_variant	MODIFIER	Impdh1	protein_coding
6_29199393_C_T	downstream_gene_variant	MODIFIER	Impdh1	protein_coding
6_29199398_C_T	downstream_gene_variant	MODIFIER	Impdh1	protein_coding
6_34865953_C_T	missense_variant	MODERATE	Wdr91	protein_coding
6_34865956_C_T	missense_variant	MODERATE	Wdr91	protein_coding
6_34865957_C_T	missense_variant	MODERATE	Wdr91	protein_coding
6_34865963_C_T	missense_variant	MODERATE	Wdr91	protein_coding
6_34865964_C_T	synonymous_variant	LOW	Wdr91	protein_coding
6_34865969_C_T	missense_variant	MODERATE	Wdr91	protein_coding
6_93831558_C_T	intron_variant	MODIFIER	Magi1	protein_coding
6_93831561_C_T	intron_variant	MODIFIER	Magi1	protein_coding
6_93831567_C_T	intron_variant	MODIFIER	Magi1	protein_coding
6_93831568_C_T	intron_variant	MODIFIER	Magi1	protein_coding
6_93831569_C_T	intron_variant	MODIFIER	Magi1	protein_coding
6_93831572_C_T	intron_variant	MODIFIER	Magi1	protein_coding
6_93831573_C_T	intron_variant	MODIFIER	Magi1	protein_coding
6_93831574_C_T	intron_variant	MODIFIER	Magi1	protein_coding
6_117845270_G_A	intron_variant	MODIFIER	Zfp239	protein_coding
6_117845275_G_A	intron_variant	MODIFIER	Zfp239	protein_coding
6_117845276_G_A	intron_variant	MODIFIER	Zfp239	protein_coding
6_117845277_G_A	intron_variant	MODIFIER	Zfp239	protein_coding
6_117845279_G_A	intron_variant	MODIFIER	Zfp239	protein_coding
6_117845282_G_A	intron_variant	MODIFIER	Zfp239	protein_coding
6_117845283_G_A	intron_variant	MODIFIER	Zfp239	protein_coding
6_117845286_G_A	intron_variant	MODIFIER	Zfp239	protein_coding
6_121026184_G_A	intron_variant	MODIFIER	Mical3	protein_coding
6_121026189_G_A	intron_variant	MODIFIER	Mical3	protein_coding
6_121026190_G_A	intron_variant	MODIFIER	Mical3	protein_coding
6_121026191_G_A	intron_variant	MODIFIER	Mical3	protein_coding
6_121026196_G_A	intron_variant	MODIFIER	Mical3	protein_coding
6_121026199_G_A	intron_variant	MODIFIER	Mical3	protein_coding
6_125445829_C_T	intron_variant	MODIFIER	Cd9	protein_coding
6_125445833_C_T	intron_variant	MODIFIER	Cd9	protein_coding
6_125445837_C_T	intron_variant	MODIFIER	Cd9	protein_coding
6_125445838_C_T	intron_variant	MODIFIER	Cd9	protein_coding
6_125445839_C_T	intron_variant	MODIFIER	Cd9	protein_coding
6_125445844_C_T	intron_variant	MODIFIER	Cd9	protein_coding
6_127284918_G_A	non_coding_transcript_exon_variant	MODIFIER	Gm38404	lncRNA
6_127284924_G_A	non_coding_transcript_exon_variant	MODIFIER	Gm38404	lncRNA
6_127284925_G_A	non_coding_transcript_exon_variant	MODIFIER	Gm38404	lncRNA
6_127284926_G_A	non_coding_transcript_exon_variant	MODIFIER	Gm38404	lncRNA
6_127284932_G_A	upstream_gene_variant	MODIFIER	Gm38404	lncRNA
6_133836848_C_T	upstream_gene_variant	MODIFIER	Gm43968	processed_pseudogene
6_133836851_C_T	upstream_gene_variant	MODIFIER	Gm43968	processed_pseudogene
6_133836852_C_T	upstream_gene_variant	MODIFIER	Gm43968	processed_pseudogene
6_133836858_C_T	upstream_gene_variant	MODIFIER	Gm43968	processed_pseudogene
6_133836864_C_T	upstream_gene_variant	MODIFIER	Gm43968	processed_pseudogene
6_135791206_C_T	intron_variant	MODIFIER	Grin2b	protein_coding
6_135791215_C_T	intron_variant	MODIFIER	Grin2b	protein_coding
6_135791216_C_T	intron_variant	MODIFIER	Grin2b	protein_coding
6_135791217_C_T	intron_variant	MODIFIER	Grin2b	protein_coding
6_135791222_C_T	intron_variant	MODIFIER	Grin2b	protein_coding
6_136241215_G_A	intergenic_variant	MODIFIER	-	-
6_136241216_G_A	intergenic_variant	MODIFIER	-	-
6_136241221_G_A	intergenic_variant	MODIFIER	-	-
6_136241222_G_A	intergenic_variant	MODIFIER	-	-
6_136241223_G_A	intergenic_variant	MODIFIER	-	-
6_136241228_G_A	intergenic_variant	MODIFIER	-	-
6_136241231_G_A	intergenic_variant	MODIFIER	-	-
6_140942527_G_A	intron_variant,non_coding_transcript_variant	MODIFIER	Gm30524	lncRNA
6_140942532_G_A	intron_variant,non_coding_transcript_variant	MODIFIER	Gm30524	lncRNA
6_140942533_G_A	intron_variant,non_coding_transcript_variant	MODIFIER	Gm30524	lncRNA
6_140942534_G_A	intron_variant,non_coding_transcript_variant	MODIFIER	Gm30524	lncRNA
6_140942539_G_A	intron_variant,non_coding_transcript_variant	MODIFIER	Gm30524	lncRNA
6_140942540_G_A	intron_variant,non_coding_transcript_variant	MODIFIER	Gm30524	lncRNA
6_140942543_G_A	intron_variant,non_coding_transcript_variant	MODIFIER	Gm30524	lncRNA
7_18409944_C_T	intron_variant	MODIFIER	Psg20	protein_coding
7_18409945_C_T	intron_variant	MODIFIER	Psg20	protein_coding
7_18409950_C_T	intron_variant	MODIFIER	Psg20	protein_coding
7_18409951_C_T	intron_variant	MODIFIER	Psg20	protein_coding
7_18409952_C_T	intron_variant	MODIFIER	Psg20	protein_coding
7_18409957_C_T	intron_variant	MODIFIER	Psg20	protein_coding
7_47354062_G_A	downstream_gene_variant	MODIFIER	Gm28288	unprocessed_pseudogene
7_47354068_G_A	downstream_gene_variant	MODIFIER	Gm28288	unprocessed_pseudogene
7_47354069_G_A	downstream_gene_variant	MODIFIER	Gm28288	unprocessed_pseudogene
7_47354075_G_A	downstream_gene_variant	MODIFIER	Gm28288	unprocessed_pseudogene
7_47354078_G_A	downstream_gene_variant	MODIFIER	Gm28288	unprocessed_pseudogene
7_72654927_G_A	intergenic_variant	MODIFIER	-	-
7_72654932_G_A	intergenic_variant	MODIFIER	-	-
7_72654933_G_A	intergenic_variant	MODIFIER	-	-
7_72654934_G_A	intergenic_variant	MODIFIER	-	-
7_72654935_G_A	intergenic_variant	MODIFIER	-	-
7_72654940_G_A	intergenic_variant	MODIFIER	-	-
7_72654943_G_A	intergenic_variant	MODIFIER	-	-
7_97406887_G_A	intergenic_variant	MODIFIER	-	-
7_97406891_G_A	intergenic_variant	MODIFIER	-	-
7_97406896_G_A	intergenic_variant	MODIFIER	-	-
7_97406897_G_A	intergenic_variant	MODIFIER	-	-
7_97406898_G_A	intergenic_variant	MODIFIER	-	-
7_97406903_G_A	intergenic_variant	MODIFIER	-	-
7_97406904_G_A	intergenic_variant	MODIFIER	-	-
7_97406907_G_A	intergenic_variant	MODIFIER	-	-
7_97406908_G_A	intergenic_variant	MODIFIER	-	-
7_111303465_G_A	intron_variant	MODIFIER	Galnt18	protein_coding
7_111303471_G_A	intron_variant	MODIFIER	Galnt18	protein_coding
7_111303472_G_A	intron_variant	MODIFIER	Galnt18	protein_coding
7_111303477_G_A	intron_variant	MODIFIER	Galnt18	protein_coding
7_111303480_G_A	intron_variant	MODIFIER	Galnt18	protein_coding
7_118327274_C_T	intron_variant	MODIFIER	Ccp110	protein_coding
7_118327278_C_T	intron_variant	MODIFIER	Ccp110	protein_coding
7_118327283_C_T	intron_variant	MODIFIER	Ccp110	protein_coding
7_118327284_C_T	intron_variant	MODIFIER	Ccp110	protein_coding
7_118327285_C_T	intron_variant	MODIFIER	Ccp110	protein_coding
7_118327289_C_T	intron_variant	MODIFIER	Ccp110	protein_coding
7_118327290_C_T	intron_variant	MODIFIER	Ccp110	protein_coding
7_132824805_C_T	intergenic_variant	MODIFIER	-	-
7_132824806_C_T	intergenic_variant	MODIFIER	-	-
7_132824811_C_T	intergenic_variant	MODIFIER	-	-
7_132824812_C_T	intergenic_variant	MODIFIER	-	-
7_132824818_C_T	intergenic_variant	MODIFIER	-	-
7_136759583_C_T	intergenic_variant	MODIFIER	-	-
7_136759584_C_T	intergenic_variant	MODIFIER	-	-
7_136759589_C_T	intergenic_variant	MODIFIER	-	-
7_136759590_C_T	intergenic_variant	MODIFIER	-	-
7_136759591_C_T	intergenic_variant	MODIFIER	-	-
7_136759596_C_T	intergenic_variant	MODIFIER	-	-
7_136759597_C_T	intergenic_variant	MODIFIER	-	-
7_142959498_C_T	intron_variant	MODIFIER	Kcnq1	protein_coding
7_142959501_C_T	intron_variant	MODIFIER	Kcnq1	protein_coding
7_142959502_C_T	intron_variant	MODIFIER	Kcnq1	protein_coding
7_142959503_C_T	intron_variant	MODIFIER	Kcnq1	protein_coding
7_142959505_C_T	intron_variant	MODIFIER	Kcnq1	protein_coding
7_142959507_C_T	intron_variant	MODIFIER	Kcnq1	protein_coding
7_142959508_C_T	intron_variant	MODIFIER	Kcnq1	protein_coding
7_142959509_C_T	intron_variant	MODIFIER	Kcnq1	protein_coding
7_142959514_C_T	intron_variant	MODIFIER	Kcnq1	protein_coding
7_144717132_C_T	intron_variant,non_coding_transcript_variant	MODIFIER	Gm45181	lncRNA
7_144717135_C_T	intron_variant,non_coding_transcript_variant	MODIFIER	Gm45181	lncRNA
7_144717141_C_T	intron_variant,non_coding_transcript_variant	MODIFIER	Gm45181	lncRNA
7_144717142_C_T	intron_variant,non_coding_transcript_variant	MODIFIER	Gm45181	lncRNA
7_144717143_C_T	intron_variant,non_coding_transcript_variant	MODIFIER	Gm45181	lncRNA
7_144717148_C_T	intron_variant,non_coding_transcript_variant	MODIFIER	Gm45181	lncRNA
8_13209745_G_A	intron_variant	MODIFIER	Lamp1	protein_coding
8_13209749_G_A	intron_variant	MODIFIER	Lamp1	protein_coding
8_13209750_G_A	intron_variant	MODIFIER	Lamp1	protein_coding
8_13209751_G_A	intron_variant	MODIFIER	Lamp1	protein_coding
8_13209752_G_A	intron_variant	MODIFIER	Lamp1	protein_coding
8_13209754_G_A	intron_variant	MODIFIER	Lamp1	protein_coding
8_13209757_G_A	intron_variant	MODIFIER	Lamp1	protein_coding
8_13209758_G_A	intron_variant	MODIFIER	Lamp1	protein_coding
8_13209759_G_A	intron_variant	MODIFIER	Lamp1	protein_coding
8_13209761_G_A	intron_variant	MODIFIER	Lamp1	protein_coding
8_14089969_C_T	intron_variant	MODIFIER	Erich1	protein_coding
8_14089972_C_T	intron_variant	MODIFIER	Erich1	protein_coding
8_14089975_C_T	intron_variant	MODIFIER	Erich1	protein_coding
8_14089976_C_T	intron_variant	MODIFIER	Erich1	protein_coding
8_14089982_C_T	intron_variant	MODIFIER	Erich1	protein_coding
8_14310340_G_A	intron_variant	MODIFIER	Dlgap2	protein_coding
8_14310346_G_A	intron_variant	MODIFIER	Dlgap2	protein_coding
8_14310347_G_A	intron_variant	MODIFIER	Dlgap2	protein_coding
8_14310348_G_A	intron_variant	MODIFIER	Dlgap2	protein_coding
8_14310352_G_A	intron_variant	MODIFIER	Dlgap2	protein_coding
8_14310353_G_A	intron_variant	MODIFIER	Dlgap2	protein_coding
8_14310356_G_A	intron_variant	MODIFIER	Dlgap2	protein_coding
8_34454229_G_A	regulatory_region_variant	MODIFIER	-	enhancer
8_34454234_G_A	regulatory_region_variant	MODIFIER	-	enhancer
8_34454236_G_A	regulatory_region_variant	MODIFIER	-	enhancer
8_34454237_G_A	regulatory_region_variant	MODIFIER	-	enhancer
8_34454243_G_A	regulatory_region_variant	MODIFIER	-	enhancer
8_34454246_G_A	regulatory_region_variant	MODIFIER	-	enhancer
8_35839683_C_T	upstream_gene_variant	MODIFIER	Ppp1r3b	protein_coding
8_35839685_C_T	upstream_gene_variant	MODIFIER	Ppp1r3b	protein_coding
8_35839686_C_T	upstream_gene_variant	MODIFIER	Ppp1r3b	protein_coding
8_35839692_C_T	upstream_gene_variant	MODIFIER	Ppp1r3b	protein_coding
8_35839693_C_T	upstream_gene_variant	MODIFIER	Ppp1r3b	protein_coding
8_35839694_C_T	upstream_gene_variant	MODIFIER	Ppp1r3b	protein_coding
8_35839699_C_T	upstream_gene_variant	MODIFIER	Ppp1r3b	protein_coding
8_42036737_G_A	intergenic_variant	MODIFIER	-	-
8_42036743_G_A	intergenic_variant	MODIFIER	-	-
8_42036744_G_A	intergenic_variant	MODIFIER	-	-
8_42036745_G_A	intergenic_variant	MODIFIER	-	-
8_42036749_G_A	intergenic_variant	MODIFIER	-	-
8_42036750_G_A	intergenic_variant	MODIFIER	-	-
8_42036753_G_A	intergenic_variant	MODIFIER	-	-
8_48443187_G_A	synonymous_variant	LOW	Wwc2	protein_coding
8_48443192_G_A	missense_variant	MODERATE	Wwc2	protein_coding
8_48443193_G_A	synonymous_variant	LOW	Wwc2	protein_coding
8_48443194_G_A	missense_variant	MODERATE	Wwc2	protein_coding
8_48443195_G_A	missense_variant	MODERATE	Wwc2	protein_coding
8_48443198_G_A	synonymous_variant	LOW	Wwc2	protein_coding
8_48443200_G_A	missense_variant	MODERATE	Wwc2	protein_coding
8_48443201_G_A	missense_variant	MODERATE	Wwc2	protein_coding
8_48443204_G_A	synonymous_variant	LOW	Wwc2	protein_coding
8_58155828_C_T	intron_variant,non_coding_transcript_variant	MODIFIER	Gm45356	lncRNA
8_58155829_C_T	intron_variant,non_coding_transcript_variant	MODIFIER	Gm45356	lncRNA
8_58155832_C_T	intron_variant,non_coding_transcript_variant	MODIFIER	Gm45356	lncRNA
8_58155838_C_T	intron_variant,non_coding_transcript_variant	MODIFIER	Gm45356	lncRNA
8_58155839_C_T	intron_variant,non_coding_transcript_variant	MODIFIER	Gm45356	lncRNA
8_58155840_C_T	intron_variant,non_coding_transcript_variant	MODIFIER	Gm45356	lncRNA
8_58155845_C_T	intron_variant,non_coding_transcript_variant	MODIFIER	Gm45356	lncRNA
8_58155849_C_T	intron_variant,non_coding_transcript_variant	MODIFIER	Gm45356	lncRNA
8_76267535_G_A	intron_variant	MODIFIER	Iqcm	protein_coding
8_76267540_G_A	intron_variant	MODIFIER	Iqcm	protein_coding
8_76267541_G_A	intron_variant	MODIFIER	Iqcm	protein_coding
8_76267542_G_A	intron_variant	MODIFIER	Iqcm	protein_coding
8_76267547_G_A	intron_variant	MODIFIER	Iqcm	protein_coding
8_76267548_G_A	intron_variant	MODIFIER	Iqcm	protein_coding
8_78760426_C_T	intergenic_variant	MODIFIER	-	-
8_78760432_C_T	intergenic_variant	MODIFIER	-	-
8_78760434_C_T	intergenic_variant	MODIFIER	-	-
8_78760439_C_T	intergenic_variant	MODIFIER	-	-
8_89714551_C_T	intergenic_variant	MODIFIER	-	-
8_89714554_C_T	intergenic_variant	MODIFIER	-	-
8_89714560_C_T	intergenic_variant	MODIFIER	-	-
8_89714561_C_T	intergenic_variant	MODIFIER	-	-
8_89714567_C_T	intergenic_variant	MODIFIER	-	-
8_95616653_C_T	intergenic_variant	MODIFIER	-	-
8_95616656_C_T	intergenic_variant	MODIFIER	-	-
8_95616657_C_T	intergenic_variant	MODIFIER	-	-
8_95616658_C_T	intergenic_variant	MODIFIER	-	-
8_95616660_C_T	intergenic_variant	MODIFIER	-	-
8_95616662_C_T	intergenic_variant	MODIFIER	-	-
8_95616663_C_T	intergenic_variant	MODIFIER	-	-
8_95616664_C_T	intergenic_variant	MODIFIER	-	-
8_95616669_C_T	intergenic_variant	MODIFIER	-	-
8_103870078_G_A	intron_variant,non_coding_transcript_variant	MODIFIER	Gm45391	lncRNA
8_103870083_G_A	intron_variant,non_coding_transcript_variant	MODIFIER	Gm45391	lncRNA
8_103870084_G_A	intron_variant,non_coding_transcript_variant	MODIFIER	Gm45391	lncRNA
8_103870085_G_A	intron_variant,non_coding_transcript_variant	MODIFIER	Gm45391	lncRNA
8_103870091_G_A	intron_variant,non_coding_transcript_variant	MODIFIER	Gm45391	lncRNA
8_103870094_G_A	intron_variant,non_coding_transcript_variant	MODIFIER	Gm45391	lncRNA
8_104212112_C_T	intergenic_variant	MODIFIER	-	-
8_104212116_C_T	intergenic_variant	MODIFIER	-	-
8_104212117_C_T	intergenic_variant	MODIFIER	-	-
8_104212122_C_T	intergenic_variant	MODIFIER	-	-
8_104212123_C_T	intergenic_variant	MODIFIER	-	-
8_104212124_C_T	intergenic_variant	MODIFIER	-	-
8_104212129_C_T	intergenic_variant	MODIFIER	-	-
8_119204218_C_T	intron_variant	MODIFIER	Cdh13	protein_coding
8_119204222_C_T	intron_variant	MODIFIER	Cdh13	protein_coding
8_119204227_C_T	intron_variant	MODIFIER	Cdh13	protein_coding
8_119204228_C_T	intron_variant	MODIFIER	Cdh13	protein_coding
8_119204229_C_T	intron_variant	MODIFIER	Cdh13	protein_coding
8_119204234_C_T	intron_variant	MODIFIER	Cdh13	protein_coding
8_120103065_C_T	upstream_gene_variant	MODIFIER	Gm45723	lncRNA
8_120103068_C_T	upstream_gene_variant	MODIFIER	Gm45723	lncRNA
8_120103069_C_T	upstream_gene_variant	MODIFIER	Gm45723	lncRNA
8_120103071_C_T	upstream_gene_variant	MODIFIER	Gm45723	lncRNA
8_120103072_C_T	upstream_gene_variant	MODIFIER	Gm45723	lncRNA
8_120103078_C_T	upstream_gene_variant	MODIFIER	Gm45723	lncRNA
8_120557587_C_T	intron_variant	MODIFIER	Cotl1	protein_coding
8_120557590_C_T	intron_variant	MODIFIER	Cotl1	protein_coding
8_120557591_C_T	intron_variant	MODIFIER	Cotl1	protein_coding
8_120557595_C_T	intron_variant	MODIFIER	Cotl1	protein_coding
8_120557596_C_T	intron_variant	MODIFIER	Cotl1	protein_coding
8_120557597_C_T	intron_variant	MODIFIER	Cotl1	protein_coding
8_120557598_C_T	intron_variant	MODIFIER	Cotl1	protein_coding
8_120557603_C_T	intron_variant	MODIFIER	Cotl1	protein_coding
8_121281585_G_A	intron_variant	MODIFIER	Gse1	protein_coding
8_121281587_G_A	intron_variant	MODIFIER	Gse1	protein_coding
8_121281592_G_A	intron_variant	MODIFIER	Gse1	protein_coding
8_121281593_G_A	intron_variant	MODIFIER	Gse1	protein_coding
8_121281594_G_A	intron_variant	MODIFIER	Gse1	protein_coding
8_121281600_G_A	intron_variant	MODIFIER	Gse1	protein_coding
8_121281603_G_A	intron_variant	MODIFIER	Gse1	protein_coding
8_124676077_C_T	upstream_gene_variant	MODIFIER	Nup133	protein_coding
8_124676080_C_T	upstream_gene_variant	MODIFIER	Nup133	protein_coding
8_124676082_C_T	upstream_gene_variant	MODIFIER	Nup133	protein_coding
8_124676083_C_T	upstream_gene_variant	MODIFIER	Nup133	protein_coding
8_124676088_C_T	upstream_gene_variant	MODIFIER	Nup133	protein_coding
8_124676090_C_T	upstream_gene_variant	MODIFIER	Nup133	protein_coding
8_124676095_C_T	upstream_gene_variant	MODIFIER	Nup133	protein_coding
8_126915563_C_T	intron_variant	MODIFIER	Slc35f3	protein_coding
8_126915565_C_T	intron_variant	MODIFIER	Slc35f3	protein_coding
8_126915569_C_T	intron_variant	MODIFIER	Slc35f3	protein_coding
8_126915574_C_T	intron_variant	MODIFIER	Slc35f3	protein_coding
8_126915575_C_T	intron_variant	MODIFIER	Slc35f3	protein_coding
9_18745925_G_A	intergenic_variant	MODIFIER	-	-
9_18745930_G_A	intergenic_variant	MODIFIER	-	-
9_18745931_G_A	intergenic_variant	MODIFIER	-	-
9_18745932_G_A	intergenic_variant	MODIFIER	-	-
9_18745933_G_A	intergenic_variant	MODIFIER	-	-
9_18745936_G_A	intergenic_variant	MODIFIER	-	-
9_18745937_G_A	intergenic_variant	MODIFIER	-	-
9_18745938_G_A	intergenic_variant	MODIFIER	-	-
9_18745942_G_A	intergenic_variant	MODIFIER	-	-
9_22447175_G_A	intron_variant	MODIFIER	Bbs9	protein_coding
9_22447180_G_A	intron_variant	MODIFIER	Bbs9	protein_coding
9_22447181_G_A	intron_variant	MODIFIER	Bbs9	protein_coding
9_22447182_G_A	intron_variant	MODIFIER	Bbs9	protein_coding
9_22447187_G_A	intron_variant	MODIFIER	Bbs9	protein_coding
9_22447188_G_A	intron_variant	MODIFIER	Bbs9	protein_coding
9_22447192_G_A	intron_variant	MODIFIER	Bbs9	protein_coding
9_36492967_C_T	intron_variant	MODIFIER	Pate8	protein_coding
9_36492968_C_T	intron_variant	MODIFIER	Pate8	protein_coding
9_36492971_C_T	intron_variant	MODIFIER	Pate8	protein_coding
9_36492972_C_T	intron_variant	MODIFIER	Pate8	protein_coding
9_36492977_C_T	intron_variant	MODIFIER	Pate8	protein_coding
9_36492978_C_T	intron_variant	MODIFIER	Pate8	protein_coding
9_44799584_G_A	downstream_gene_variant	MODIFIER	Gm39326	lncRNA
9_44799588_G_A	downstream_gene_variant	MODIFIER	Gm39326	lncRNA
9_44799589_G_A	downstream_gene_variant	MODIFIER	Gm39326	lncRNA
9_44799593_G_A	downstream_gene_variant	MODIFIER	Gm39326	lncRNA
9_44799594_G_A	downstream_gene_variant	MODIFIER	Gm39326	lncRNA
9_44799595_G_A	downstream_gene_variant	MODIFIER	Gm39326	lncRNA
9_44799599_G_A	downstream_gene_variant	MODIFIER	Gm39326	lncRNA
9_44799600_G_A	downstream_gene_variant	MODIFIER	Gm39326	lncRNA
9_44799604_G_A	downstream_gene_variant	MODIFIER	Gm39326	lncRNA
9_46378018_C_T	intergenic_variant	MODIFIER	-	-
9_46378021_C_T	intergenic_variant	MODIFIER	-	-
9_46378022_C_T	intergenic_variant	MODIFIER	-	-
9_46378027_C_T	intergenic_variant	MODIFIER	-	-
9_46378028_C_T	intergenic_variant	MODIFIER	-	-
9_46378034_C_T	intergenic_variant	MODIFIER	-	-
9_46378037_C_T	intergenic_variant	MODIFIER	-	-
9_46396851_C_T	downstream_gene_variant	MODIFIER	Gm47144	lncRNA
9_46396852_C_T	downstream_gene_variant	MODIFIER	Gm47144	lncRNA
9_46396855_C_T	downstream_gene_variant	MODIFIER	Gm47144	lncRNA
9_46396861_C_T	downstream_gene_variant	MODIFIER	Gm47144	lncRNA
9_46396862_C_T	downstream_gene_variant	MODIFIER	Gm47144	lncRNA
9_46396863_C_T	downstream_gene_variant	MODIFIER	Gm47144	lncRNA
9_46396868_C_T	downstream_gene_variant	MODIFIER	Gm47144	lncRNA
9_58343552_G_A	intergenic_variant	MODIFIER	-	-
9_58343557_G_A	intergenic_variant	MODIFIER	-	-
9_58343558_G_A	intergenic_variant	MODIFIER	-	-
9_58343559_G_A	intergenic_variant	MODIFIER	-	-
9_58343564_G_A	intergenic_variant	MODIFIER	-	-
9_58343565_G_A	intergenic_variant	MODIFIER	-	-
9_58343568_G_A	intergenic_variant	MODIFIER	-	-
9_72435410_G_A	upstream_gene_variant	MODIFIER	Rfx7	protein_coding
9_72435416_G_A	upstream_gene_variant	MODIFIER	Rfx7	protein_coding
9_72435417_G_A	upstream_gene_variant	MODIFIER	Rfx7	protein_coding
9_72435423_G_A	upstream_gene_variant	MODIFIER	Rfx7	protein_coding
9_72435426_G_A	upstream_gene_variant	MODIFIER	Rfx7	protein_coding
9_77935770_C_T	downstream_gene_variant	MODIFIER	Gm47829	processed_pseudogene
9_77935771_C_T	downstream_gene_variant	MODIFIER	Gm47829	processed_pseudogene
9_77935776_C_T	downstream_gene_variant	MODIFIER	Gm47829	processed_pseudogene
9_77935777_C_T	downstream_gene_variant	MODIFIER	Gm47829	processed_pseudogene
9_77935783_C_T	downstream_gene_variant	MODIFIER	Gm47829	processed_pseudogene
9_102870176_G_A	intron_variant,non_coding_transcript_variant	MODIFIER	Slco2a1	protein_coding_CDS_not_defined
9_102870183_G_A	intron_variant,non_coding_transcript_variant	MODIFIER	Slco2a1	protein_coding_CDS_not_defined
9_102870184_G_A	intron_variant,non_coding_transcript_variant	MODIFIER	Slco2a1	protein_coding_CDS_not_defined
9_102870185_G_A	intron_variant,non_coding_transcript_variant	MODIFIER	Slco2a1	protein_coding_CDS_not_defined
9_102870191_G_A	intron_variant,non_coding_transcript_variant	MODIFIER	Slco2a1	protein_coding_CDS_not_defined
9_102870194_G_A	intron_variant,non_coding_transcript_variant	MODIFIER	Slco2a1	protein_coding_CDS_not_defined
9_102951665_G_A	missense_variant	MODERATE	Slco2a1	protein_coding
9_102951667_G_A	missense_variant	MODERATE	Slco2a1	protein_coding
9_102951670_G_A	missense_variant	MODERATE	Slco2a1	protein_coding
9_102951673_G_A	missense_variant	MODERATE	Slco2a1	protein_coding
9_103022700_C_T	intron_variant	MODIFIER	Rab6b	protein_coding
9_103022703_C_T	intron_variant	MODIFIER	Rab6b	protein_coding
9_103022708_C_T	intron_variant	MODIFIER	Rab6b	protein_coding
9_103022709_C_T	intron_variant	MODIFIER	Rab6b	protein_coding
9_103022711_C_T	intron_variant	MODIFIER	Rab6b	protein_coding
9_103022715_C_T	intron_variant	MODIFIER	Rab6b	protein_coding
9_103022716_C_T	intron_variant	MODIFIER	Rab6b	protein_coding
9_118587575_C_T	intron_variant	MODIFIER	Itga9	protein_coding
9_118587576_C_T	intron_variant	MODIFIER	Itga9	protein_coding
9_118587577_C_T	intron_variant	MODIFIER	Itga9	protein_coding
9_118587580_C_T	intron_variant	MODIFIER	Itga9	protein_coding
9_118587581_C_T	intron_variant	MODIFIER	Itga9	protein_coding
9_118587586_C_T	intron_variant	MODIFIER	Itga9	protein_coding
9_118587587_C_T	intron_variant	MODIFIER	Itga9	protein_coding
9_118587588_C_T	intron_variant	MODIFIER	Itga9	protein_coding
9_118587597_C_T	intron_variant	MODIFIER	Itga9	protein_coding
X_13314400_C_T	intergenic_variant	MODIFIER	-	-
X_13314404_C_T	intergenic_variant	MODIFIER	-	-
X_13314409_C_T	intergenic_variant	MODIFIER	-	-
X_13314410_C_T	intergenic_variant	MODIFIER	-	-
X_13314416_C_T	intergenic_variant	MODIFIER	-	-
X_64146548_C_T	intergenic_variant	MODIFIER	-	-
X_64146549_C_T	intergenic_variant	MODIFIER	-	-
X_64146554_C_T	intergenic_variant	MODIFIER	-	-
X_64146555_C_T	intergenic_variant	MODIFIER	-	-
X_64146556_C_T	intergenic_variant	MODIFIER	-	-
X_64146561_C_T	intergenic_variant	MODIFIER	-	-
X_98514292_G_A	5_prime_UTR_variant	MODIFIER	Pja1	protein_coding
X_98514295_G_A	5_prime_UTR_variant	MODIFIER	Pja1	protein_coding
X_98514300_G_A	upstream_gene_variant	MODIFIER	Pja1	protein_coding
X_98514301_G_A	upstream_gene_variant	MODIFIER	Pja1	protein_coding
X_98514302_G_A	upstream_gene_variant	MODIFIER	Pja1	protein_coding
X_98514307_G_A	upstream_gene_variant	MODIFIER	Pja1	protein_coding
X_98514308_G_A	upstream_gene_variant	MODIFIER	Pja1	protein_coding
X_146493821_C_T	intergenic_variant	MODIFIER	-	-
X_146493822_C_T	intergenic_variant	MODIFIER	-	-
X_146493825_C_T	intergenic_variant	MODIFIER	-	-
X_146493830_C_T	intergenic_variant	MODIFIER	-	-
X_146493831_C_T	intergenic_variant	MODIFIER	-	-
X_146493832_C_T	intergenic_variant	MODIFIER	-	-
X_146493837_C_T	intergenic_variant	MODIFIER	-	-
