locus	variant	impact	consequence	symbol
10_102415823_102415846	10_102415826_C_T	MODIFIER	intergenic_variant	-
10_106536990_106537013	10_106536996_C_T	MODIFIER	intron_variant	SORCS3
10_128060431_128060454	10_128060449_G_A	MODIFIER	intron_variant	ADAM12
10_132887631_132887654	10_132887632_C_T	MODIFIER	downstream_gene_variant	TCERG1L
10_134019429_134019452	10_134019432_C_T	MODIFIER	downstream_gene_variant	STK32C
10_134121357_134121380	10_134121360_C_T	MODIFIER	5_prime_UTR_variant	STK32C
10_134471307_134471329	10_134471327_G_A	MODIFIER	intron_variant	INPP5A
10_22872310_22872333	10_22872316_C_T	MODIFIER	intron_variant	PIP4K2A
10_34594182_34594205	10_34594205_G_A	MODIFIER	intron_variant	PARD3
10_5567865_5567888	10_5567868_C_T	MODIFIER	3_prime_UTR_variant	CALML3
10_5916746_5916769	10_5916752_C_T	MODIFIER	downstream_gene_variant	ANKRD16
10_73422516_73422539	10_73422537_G_A	MODIFIER	intron_variant	CDH23
10_87388738_87388761	10_87388741_C_T	MODIFIER	intron_variant	GRID1
10_88344679_88344701	10_88344682_C_T	MODIFIER	intergenic_variant	-
11_112834274_112834297	11_112834295_G_A	MODIFIER	intron_variant,non_coding_transcript_variant	NCAM1
11_123065862_123065885	11_123065868_C_T	MODIFIER	5_prime_UTR_variant	CLMP
11_1478045_1478068	11_1478066_G_A	MODIFIER	intron_variant	BRSK2
11_15710732_15710755	11_15710753_G_A	MODIFIER	intron_variant,non_coding_transcript_variant	RP11-396O20.1
11_19139082_19139105	11_19139088_C_T	MODIFIER	intron_variant	ZDHHC13
11_260446_260469	11_260465_G_A	MODIFIER	intergenic_variant	-
11_3938490_3938512	11_3938507_G_A	MODIFIER	intron_variant	STIM1
11_46340850_46340873	11_46340853_C_T	MODIFIER	intron_variant	CREB3L1
11_56099457_56099479	11_56099460_C_T	MODIFIER	upstream_gene_variant	OR8K2P
11_60615915_60615937	11_60615935_G_A	MODIFIER	intron_variant	CCDC86
11_63998111_63998134	11_63998114_C_T	MODIFIER	downstream_gene_variant	NUDT22
11_69071954_69071977	11_69071957_C_T	MODIFIER	upstream_gene_variant	IFITM9P
11_75152447_75152469	11_75152448_C_T	MODIFIER	intron_variant	GDPD5
11_79682296_79682319	11_79682319_G_A	MODIFIER	intergenic_variant	-
12_109702819_109702842	12_109702840_G_A	MODIFIER	intron_variant	ACACB
12_111201640_111201664	12_111201643_C_T	MODIFIER	intergenic_variant	-
12_117452975_117452998	12_117452981_C_T	MODIFIER	intron_variant	FBXW8
12_120638729_120638752	12_120638750_G_A	MODIFIER	intron_variant	RPLP0
12_122503032_122503055	12_122503053_G_A	MODIFIER	downstream_gene_variant	BCL7A
12_124511582_124511605	12_124511585_C_T	MODIFIER	intron_variant	FAM101A
12_125102406_125102429	12_125102409_C_T	MODIFIER	regulatory_region_variant	-
12_128641720_128641743	12_128641727_C_T	MODIFIER	intergenic_variant	-
12_133199814_133199837	12_133199832_G_A	MODIFIER	downstream_gene_variant	POLE
12_133264606_133264629	12_133264608_C_T	MODIFIER	intron_variant	PXMP2
12_3311857_3311880	12_3311878_G_A	MODIFIER	intron_variant	TSPAN9
12_43070602_43070625	12_43070620_G_A	MODIFIER	downstream_gene_variant	RP11-25I15.1
12_6420049_6420072	12_6420052_C_T	MODIFIER	intron_variant	PLEKHG6
12_95232482_95232505	12_95232504_G_A	MODIFIER	downstream_gene_variant	MIR492
13_65536690_65536713	13_65536711_G_A	MODIFIER	upstream_gene_variant	LGMNP1
13_72703758_72703782	13_72703780_G_A	MODIFIER	intergenic_variant	-
14_102706662_102706685	14_102706668_C_T	MODIFIER	intron_variant	MOK
14_104492573_104492596	14_104492579_C_T	MODIFIER	intron_variant	TDRD9
14_106378766_106378789	14_106378787_G_A	MODIFIER	upstream_gene_variant	IGHD5-5
14_58016960_58016983	14_58016981_G_A	MODIFIER	intergenic_variant	-
14_65427872_65427895	14_65427875_C_T	MODIFIER	intron_variant	RAB15
14_70390455_70390478	14_70390458_C_T	MODIFIER	intron_variant	SMOC1
14_73392453_73392476	14_73392456_C_T	MODIFIER	downstream_gene_variant	RP1-146I3.1
14_74706065_74706088	14_74706086_G_A	MODIFIER	upstream_gene_variant	VSX2
14_80867987_80868010	14_80867990_C_T	MODIFIER	intron_variant,non_coding_transcript_variant	DIO2-AS1
14_92955922_92955945	14_92955944_G_A	MODIFIER	intron_variant	SLC24A4
14_99830726_99830749	14_99830732_C_T	MODIFIER	downstream_gene_variant	AL132819.1
15_100855402_100855425	15_100855423_G_A	MODIFIER	intron_variant	ADAMTS17
15_28008804_28008827	15_28008807_C_T	MODIFIER	intron_variant	OCA2
15_40628799_40628821	15_40628811_G_A	MODERATE	missense_variant	C15orf52
15_66545776_66545799	15_66545779_C_T	MODIFIER	intron_variant	MEGF11
15_74617722_74617745	15_74617743_G_A	MODIFIER	intron_variant	CCDC33
15_78984347_78984370	15_78984370_G_A	MODIFIER	downstream_gene_variant	CHRNB4
15_86628662_86628685	15_86628683_G_A	MODIFIER	intron_variant,non_coding_transcript_variant	RP11-553E24.2
15_89124622_89124645	15_89124640_G_A	MODIFIER	downstream_gene_variant	RP11-97O12.2
15_91537330_91537353	15_91537347_G_A	MODIFIER	downstream_gene_variant	VPS33B
15_97509029_97509052	15_97509050_G_A	MODIFIER	intergenic_variant	-
16_18937034_18937057	16_18937052_G_A	MODIFIER	intron_variant	SMG1
16_31075422_31075444	16_31075425_C_T	MODERATE	missense_variant	ZNF668
16_3515850_3515873	16_3515854_C_T	MODIFIER	intron_variant	NAA60
16_4368198_4368221	16_4368219_G_A	MODIFIER	intron_variant	GLIS2
16_49890635_49890658	16_49890657_G_A	MODIFIER	intron_variant	ZNF423
16_545253_545276	16_545256_C_T	MODIFIER	intron_variant	RAB11FIP3
16_5657249_5657272	16_5657250_C_T	MODIFIER	downstream_gene_variant	RP11-124K4.1
16_57660924_57660947	16_57660942_G_A	MODIFIER	upstream_gene_variant	GPR56
16_65407136_65407159	16_65407157_G_A	MODIFIER	intron_variant,non_coding_transcript_variant	RP11-256I9.3
16_66957718_66957741	16_66957740_G_A	MODIFIER	upstream_gene_variant	CDH16
16_67960643_67960666	16_67960664_G_A	MODIFIER	intron_variant	PSKH1
16_73956168_73956191	16_73956174_C_T	MODIFIER	intergenic_variant	-
16_85661919_85661941	16_85661922_C_T	MODIFIER	intron_variant	GSE1
16_89120761_89120784	16_89120767_C_T	MODIFIER	upstream_gene_variant	CTD-2555A7.2
17_18914382_18914405	17_18914384_C_T	MODIFIER	intron_variant	SLC5A10
17_2031425_2031447	17_2031428_C_T	MODIFIER	intron_variant	SMG6
17_27228307_27228330	17_27228320_C_T	HIGH	splice_acceptor_variant	DHRS13
17_37245521_37245544	17_37245544_G_A	MODIFIER	intron_variant	PLXDC1
17_40220216_40220239	17_40220237_G_A	MODIFIER	upstream_gene_variant	ZNF385C
17_40847702_40847725	17_40847719_G_A	MODERATE	missense_variant	CNTNAP1
17_45005384_45005407	17_45005402_G_A	MODIFIER	intron_variant	GOSR2
17_47799818_47799841	17_47799824_C_T	MODIFIER	intron_variant	FAM117A
17_48755529_48755552	17_48755542_C_T	MODERATE	missense_variant	ABCC3
17_52382608_52382631	17_52382629_G_A	MODIFIER	intergenic_variant	-
17_57592_57616	17_57614_G_A	MODIFIER	downstream_gene_variant	RPH3AL
17_61511410_61511433	17_61511431_G_A	MODIFIER	3_prime_UTR_variant	CYB561
17_73584779_73584802	17_73584780_C_T	MODIFIER	non_coding_transcript_exon_variant	MYO15B
17_75359270_75359293	17_75359275_C_T	MODIFIER	intron_variant	SEPT9
17_76301021_76301044	17_76301042_G_A	MODIFIER	regulatory_region_variant	-
17_76350060_76350083	17_76350078_G_A	MODIFIER	downstream_gene_variant	SOCS3
17_77652158_77652180	17_77652178_G_A	MODIFIER	regulatory_region_variant	-
17_79046795_79046818	17_79046816_G_A	MODIFIER	intron_variant	BAIAP2
17_79133664_79133687	17_79133666_C_T	MODIFIER	intron_variant	AATK
17_79497299_79497321	17_79497302_C_T	MODIFIER	intron_variant	FSCN2
17_79869057_79869080	17_79869079_G_A	MODIFIER	downstream_gene_variant	SIRT7
17_8926821_8926844	17_8926825_C_T	MODIFIER	intron_variant	NTN1
18_11041935_11041957	18_11041955_G_A	MODIFIER	intron_variant	PIEZO2
18_29580911_29580934	18_29580917_C_T	MODIFIER	intergenic_variant	-
18_46507175_46507198	18_46507196_G_A	MODIFIER	regulatory_region_variant	-
18_49218753_49218776	18_49218774_G_A	MODIFIER	upstream_gene_variant	RP11-440L16.1
18_71808980_71809003	18_71809002_G_A	MODIFIER	intron_variant	FBXO15
18_74171182_74171205	18_74171200_G_A	MODIFIER	intron_variant	ZNF516
19_12992056_12992079	19_12992057_C_T	MODIFIER	intron_variant	DNASE2
19_1392971_1392994	19_1392992_G_A	MODIFIER	intron_variant	NDUFS7
19_1489744_1489767	19_1489747_C_T	MODIFIER	upstream_gene_variant	REEP6
19_17359436_17359459	19_17359457_G_A	MODIFIER	downstream_gene_variant	USHBP1
19_17650364_17650387	19_17650387_G_A	MODIFIER	intron_variant	FAM129C
19_18536048_18536071	19_18536067_G_A	MODIFIER	intron_variant	SSBP4
19_2111254_2111277	19_2111275_G_A	MODIFIER	intron_variant	AP3D1
19_34228323_34228346	19_34228344_G_A	MODIFIER	intron_variant	CHST8
19_41198736_41198759	19_41198758_G_A	MODIFIER	intron_variant	ADCK4
19_55952040_55952063	19_55952043_C_T	MODERATE	missense_variant	SHISA7
19_58786342_58786365	19_58786345_C_T	MODIFIER	intron_variant	ZNF544
1_111032361_111032384	1_111032382_G_A	MODIFIER	intron_variant,non_coding_transcript_variant	CYMP
1_115300494_115300517	1_115300512_G_A	MODIFIER	intron_variant	CSDE1
1_119549578_119549601	1_119549581_C_T	MODIFIER	regulatory_region_variant	-
1_145139432_145139455	1_145139453_G_A	MODIFIER	non_coding_transcript_exon_variant	NUDT4P1
1_157335296_157335319	1_157335297_C_T	MODIFIER	intergenic_variant	-
1_18484994_18485017	1_18485015_G_A	MODIFIER	intron_variant	IGSF21
1_198946448_198946471	1_198946450_C_T	MODIFIER	intergenic_variant	-
1_203854621_203854644	1_203854642_G_A	MODIFIER	intergenic_variant	-
1_204168806_204168829	1_204168827_G_A	MODIFIER	intron_variant	GOLT1A
1_2045387_2045410	1_2045408_G_A	MODIFIER	intron_variant	PRKCZ
1_209423921_209423944	1_209423944_G_A	MODIFIER	intergenic_variant	-
1_210794437_210794460	1_210794455_G_A	MODIFIER	intron_variant	HHAT
1_223289072_223289095	1_223289093_G_A	MODIFIER	intron_variant	TLR5
1_228493642_228493665	1_228493663_G_A	MODIFIER	intron_variant	OBSCN
1_22971789_22971812	1_22971811_G_A	MODIFIER	intron_variant	C1QC
1_2403967_2403990	1_2403988_G_A	MODIFIER	upstream_gene_variant	PLCH2
1_2725055_2725078	1_2725058_C_T	MODIFIER	downstream_gene_variant	RP11-740P5.2
1_27293521_27293544	1_27293542_G_A	MODIFIER	regulatory_region_variant	-
1_28864263_28864286	1_28864284_G_A	MODIFIER	intron_variant	RCC1
1_31769173_31769196	1_31769179_C_T	MODIFIER	intron_variant	SNRNP40
1_32538532_32538555	1_32538533_C_T	MODIFIER	5_prime_UTR_variant	TMEM39B
1_34586954_34586977	1_34586975_G_A	MODIFIER	intron_variant,NMD_transcript_variant	CSMD2
1_40174483_40174506	1_40174506_G_A	MODIFIER	intron_variant	PPIE
1_42078712_42078735	1_42078715_C_T	MODIFIER	intron_variant	HIVEP3
1_42334975_42334998	1_42334996_G_A	MODIFIER	intron_variant	HIVEP3
1_45476670_45476693	1_45476671_C_T	MODERATE	missense_variant	HECTD3
1_48187111_48187134	1_48187114_C_T	MODIFIER	intergenic_variant	-
1_48672406_48672429	1_48672427_G_A	MODIFIER	intron_variant,non_coding_transcript_variant	RP5-1024N4.2
1_5721662_5721685	1_5721683_G_A	MODIFIER	intron_variant,non_coding_transcript_variant	RP11-154H17.1
1_88468292_88468315	1_88468313_G_A	MODIFIER	intergenic_variant	-
1_9329846_9329869	1_9329849_C_T	MODIFIER	3_prime_UTR_variant	H6PD
20_16068292_16068315	20_16068295_C_T	MODIFIER	intergenic_variant	-
20_16736525_16736547	20_16736528_C_T	MODIFIER	downstream_gene_variant	OTOR
20_1797259_1797282	20_1797262_C_T	MODIFIER	intron_variant,non_coding_transcript_variant	RP5-968J1.1
20_18936509_18936532	20_18936530_G_A	MODIFIER	intergenic_variant	-
20_21111813_21111836	20_21111834_G_A	MODIFIER	intron_variant,non_coding_transcript_variant	PLK1S1
20_2127811_2127834	20_2127815_C_T	MODIFIER	3_prime_UTR_variant	STK35
20_24480341_24480363	20_24480361_G_A	MODIFIER	intron_variant	SYNDIG1
20_24872522_24872545	20_24872525_C_T	MODIFIER	intergenic_variant	-
20_29938465_29938488	20_29938486_G_A	MODIFIER	intergenic_variant	-
20_3154296_3154319	20_3154299_C_T	MODIFIER	upstream_gene_variant	LZTS3
20_4091660_4091683	20_4091681_G_A	MODIFIER	regulatory_region_variant	-
20_4679968_4679991	20_4679975_C_T	HIGH	stop_gained	PRNP
20_48653583_48653606	20_48653605_G_A	MODIFIER	downstream_gene_variant	TRERNA1
20_49574830_49574853	20_49574833_C_T	MODIFIER	upstream_gene_variant	MOCS3
20_57965702_57965725	20_57965723_G_A	MODIFIER	intergenic_variant	-
20_59616734_59616757	20_59616737_C_T	MODIFIER	intergenic_variant	-
20_59827920_59827943	20_59827921_C_T	MODIFIER	intron_variant	CDH4
20_60625036_60625059	20_60625039_C_T	MODIFIER	intron_variant	TAF4
20_60757960_60757983	20_60757963_C_T	MODIFIER	downstream_gene_variant	SS18L1
20_60983936_60983959	20_60983959_G_A	MODIFIER	downstream_gene_variant	RBBP8NL
20_61885943_61885966	20_61885966_G_A	MODIFIER	intron_variant	NKAIN4
20_62595411_62595434	20_62595423_C_T	HIGH	splice_donor_variant	ZNF512B
20_8000482_8000505	20_8000500_G_A	MODIFIER	upstream_gene_variant	TMX4
21_44586967_44586990	21_44586988_G_A	MODIFIER	upstream_gene_variant	CRYAA
21_46153888_46153911	21_46153891_C_T	MODIFIER	intergenic_variant	-
22_19136725_19136748	22_19136731_C_T	MODIFIER	intron_variant	GSC2
22_20194266_20194289	22_20194269_C_T	MODIFIER	non_coding_transcript_exon_variant	LINC00896
22_30662079_30662102	22_30662100_G_A	MODIFIER	intron_variant	OSM
22_30793474_30793497	22_30793477_C_T	MODIFIER	intron_variant	SEC14L2
22_41832508_41832531	22_41832518_G_A	HIGH	stop_gained	TOB2
22_42685790_42685812	22_42685810_G_A	MODIFIER	intron_variant	TCF20
22_45064175_45064198	22_45064179_C_T	MODIFIER	upstream_gene_variant	PRR5
22_46992966_46992989	22_46992987_G_A	MODIFIER	intron_variant	GRAMD4
22_48014209_48014232	22_48014230_G_A	MODIFIER	downstream_gene_variant	LINC00898
2_10218615_10218638	2_10218636_G_A	MODIFIER	intron_variant	CYS1
2_109527390_109527413	2_109527402_C_T	HIGH	splice_donor_variant	EDAR
2_119604006_119604029	2_119604025_G_A	MODERATE	missense_variant	EN1
2_129769727_129769750	2_129769730_C_T	MODIFIER	intergenic_variant	-
2_20345695_20345718	2_20345698_C_T	MODIFIER	regulatory_region_variant	-
2_233847773_233847795	2_233847793_G_A	MODIFIER	intron_variant	NGEF
2_234382215_234382238	2_234382218_C_T	MODIFIER	downstream_gene_variant	USP40
2_30733275_30733298	2_30733296_G_A	MODIFIER	intron_variant	LCLAT1
2_31459615_31459638	2_31459633_G_A	MODIFIER	intron_variant	EHD3
2_42092207_42092230	2_42092228_G_A	MODIFIER	regulatory_region_variant	-
2_46183118_46183141	2_46183141_G_A	MODIFIER	intron_variant	PRKCE
2_62368930_62368952	2_62368936_C_T	MODIFIER	intron_variant,non_coding_transcript_variant	AC018462.2
2_62677921_62677944	2_62677942_G_A	MODIFIER	regulatory_region_variant	-
2_8768067_8768090	2_8768070_C_T	MODIFIER	upstream_gene_variant	AC011747.6
2_97612778_97612801	2_97612781_C_T	MODIFIER	intron_variant	FAM178B
3_124860321_124860345	3_124860343_G_A	MODIFIER	intron_variant	SLC12A8
3_128409247_128409270	3_128409269_G_A	MODIFIER	intergenic_variant	-
3_130110896_130110919	3_130110917_G_A	MODIFIER	intron_variant	COL6A5
3_13095599_13095622	3_13095602_C_T	MODIFIER	intron_variant	IQSEC1
3_133970976_133970999	3_133970997_G_A	MODIFIER	upstream_gene_variant	RYK
3_134658539_134658562	3_134658560_G_A	MODIFIER	intron_variant	EPHB1
3_135161943_135161966	3_135161946_C_T	MODIFIER	upstream_gene_variant	RP11-657O9.1
3_13728720_13728743	3_13728723_C_T	MODIFIER	intron_variant,non_coding_transcript_variant	LINC00620
3_138211422_138211445	3_138211425_C_T	MODIFIER	downstream_gene_variant	CEP70
3_138856742_138856765	3_138856745_C_T	MODIFIER	intron_variant	MRPS22
3_184903575_184903598	3_184903596_G_A	MODIFIER	downstream_gene_variant	EHHADH
3_40673073_40673096	3_40673094_G_A	MODIFIER	intergenic_variant	-
3_51567673_51567696	3_51567691_G_A	MODIFIER	intergenic_variant	-
3_58000375_58000398	3_58000381_C_T	MODIFIER	intron_variant	FLNB
3_58628979_58629002	3_58629000_G_A	MODIFIER	intron_variant	FAM3D
3_64018269_64018292	3_64018272_C_T	MODIFIER	intergenic_variant	-
3_68015817_68015841	3_68015839_G_A	MODIFIER	intergenic_variant	-
4_152200247_152200270	4_152200268_G_A	MODIFIER	intron_variant	PRSS48
4_166273141_166273164	4_166273144_C_T	MODIFIER	regulatory_region_variant	-
4_2066204_2066227	4_2066207_C_T	MODIFIER	3_prime_UTR_variant	NAT8L
4_41937402_41937425	4_41937408_C_T	MODIFIER	5_prime_UTR_variant,NMD_transcript_variant	TMEM33
4_53991818_53991841	4_53991824_C_T	MODIFIER	intron_variant	SCFD2
4_57518440_57518463	4_57518463_G_A	MODIFIER	intron_variant	HOPX
4_78339412_78339435	4_78339433_G_A	MODIFIER	intron_variant,non_coding_transcript_variant	CCNG2
4_81105448_81105470	4_81105468_G_A	MODIFIER	upstream_gene_variant	PRDM8
4_83117879_83117902	4_83117897_G_A	MODIFIER	intergenic_variant	-
4_89348758_89348781	4_89348764_C_T	MODIFIER	intron_variant	HERC6
5_132669366_132669389	5_132669372_C_T	MODIFIER	intron_variant	FSTL4
5_133797332_133797355	5_133797349_G_A	MODIFIER	upstream_gene_variant	RP11-215P8.4
5_138539722_138539745	5_138539743_G_A	MODIFIER	intron_variant,non_coding_transcript_variant	SIL1
5_139058605_139058627	5_139058625_G_A	MODIFIER	intron_variant	CXXC5
5_141253948_141253971	5_141253969_G_A	MODIFIER	intron_variant	PCDH1
5_141663821_141663844	5_141663842_G_A	MODIFIER	intergenic_variant	-
5_145779847_145779870	5_145779868_G_A	MODIFIER	upstream_gene_variant	CTB-1H10.1
5_157970972_157970995	5_157970990_G_A	MODIFIER	regulatory_region_variant	-
5_16678955_16678978	5_16678977_G_A	MODIFIER	intron_variant	MYO10
5_170735582_170735605	5_170735583_C_T	MODIFIER	upstream_gene_variant	TLX3
5_172661247_172661270	5_172661250_C_T	MODIFIER	intron_variant	NKX2-5
5_175085128_175085151	5_175085129_C_T	MODIFIER	5_prime_UTR_variant	HRH2
5_26626667_26626690	5_26626670_C_T	MODIFIER	intergenic_variant	-
5_34832902_34832925	5_34832923_G_A	MODIFIER	downstream_gene_variant	RAI14
5_511724_511747	5_511725_C_T	MODIFIER	intron_variant	SLC9A3
5_52995291_52995314	5_52995294_C_T	MODIFIER	intergenic_variant	-
5_54523389_54523412	5_54523406_G_A	MODIFIER	downstream_gene_variant	CCNO
5_83382650_83382673	5_83382671_G_A	MODIFIER	intron_variant	EDIL3
5_87692322_87692345	5_87692325_C_T	MODIFIER	intron_variant,non_coding_transcript_variant	TMEM161B-AS1
5_92909919_92909942	5_92909922_C_T	MODIFIER	intron_variant,non_coding_transcript_variant	NR2F1-AS1
6_11377011_11377034	6_11377017_C_T	MODIFIER	intron_variant	NEDD9
6_135818751_135818774	6_135818752_C_T	MODIFIER	5_prime_UTR_variant	AHI1
6_137113093_137113116	6_137113096_C_T	MODERATE	missense_variant	MAP3K5
6_159654239_159654262	6_159654242_C_T	HIGH	stop_gained	FNDC1
6_160752874_160752897	6_160752893_G_A	MODIFIER	intergenic_variant	-
6_1624522_1624545	6_1624540_G_A	MODIFIER	intron_variant,non_coding_transcript_variant	GMDS
6_16760634_16760657	6_16760655_G_A	MODIFIER	intron_variant	ATXN1
6_168386888_168386911	6_168386909_G_A	MODIFIER	intergenic_variant	-
6_33257468_33257491	6_33257475_C_T	MODIFIER	5_prime_UTR_variant	PFDN6
6_55157417_55157440	6_55157418_C_T	MODIFIER	regulatory_region_variant	-
6_80657517_80657540	6_80657535_G_A	MODIFIER	upstream_gene_variant	ELOVL4
6_95965645_95965668	6_95965648_C_T	MODIFIER	intergenic_variant	-
7_100813481_100813504	7_100813484_C_T	MODIFIER	upstream_gene_variant	VGF
7_100849770_100849793	7_100849772_C_T	MODIFIER	intron_variant	PLOD3
7_1425190_1425213	7_1425213_G_A	MODIFIER	intergenic_variant	-
7_143080014_143080037	7_143080032_G_A	MODERATE	missense_variant	ZYX
7_150094991_150095013	7_150095011_G_A	MODERATE	missense_variant	ZNF775
7_157310239_157310262	7_157310242_C_T	MODIFIER	downstream_gene_variant	AC006372.6
7_158897900_158897922	7_158897920_G_A	MODIFIER	intron_variant	VIPR2
7_1882375_1882398	7_1882378_C_T	MODIFIER	intron_variant	MAD1L1
7_32459239_32459262	7_32459257_G_A	MODIFIER	intergenic_variant	-
7_38475859_38475882	7_38475871_C_T	HIGH	splice_donor_variant	AMPH
7_6687883_6687906	7_6687886_C_T	MODIFIER	intron_variant,non_coding_transcript_variant	ZNF316
7_75880423_75880446	7_75880426_C_T	MODIFIER	intron_variant	SRRM3
7_76833008_76833031	7_76833029_G_A	MODIFIER	upstream_gene_variant	FGL2
7_8160505_8160528	7_8160511_C_T	MODIFIER	intron_variant	ICA1
8_105929119_105929142	8_105929140_G_A	MODIFIER	intron_variant,NMD_transcript_variant	RP11-127H5.1
8_139792959_139792982	8_139792962_C_T	MODIFIER	intron_variant	COL22A1
8_141624938_141624961	8_141624959_G_A	MODIFIER	intron_variant	AGO2
8_142520839_142520862	8_142520842_C_T	MODIFIER	upstream_gene_variant	AC138647.1
8_144793293_144793315	8_144793313_G_A	MODIFIER	intron_variant,non_coding_transcript_variant	ZNF707
8_22445929_22445952	8_22445947_G_A	MODIFIER	intron_variant	PDLIM2
8_37962551_37962574	8_37962569_G_A	MODIFIER	upstream_gene_variant	ASH2L
8_48995869_48995892	8_48995875_C_T	MODIFIER	intergenic_variant	-
8_49242538_49242561	8_49242559_G_A	MODIFIER	intergenic_variant	-
8_5151952_5151975	8_5151953_C_T	MODIFIER	intergenic_variant	-
8_5599781_5599804	8_5599802_G_A	MODIFIER	intergenic_variant	-
8_95960762_95960785	8_95960768_C_T	MODIFIER	intron_variant	TP53INP1
9_100143341_100143364	9_100143358_G_A	MODIFIER	downstream_gene_variant	CCDC180
9_100526608_100526631	9_100526631_G_A	MODIFIER	intergenic_variant	-
9_116963077_116963100	9_116963098_G_A	MODIFIER	intron_variant	COL27A1
9_124436692_124436715	9_124436715_G_A	MODIFIER	intron_variant	DAB2IP
9_129444570_129444593	9_129444592_G_A	MODIFIER	intron_variant	LMX1B
9_130154394_130154417	9_130154396_C_T	MODIFIER	intron_variant	GARNL3
9_132484364_132484387	9_132484385_G_A	MODIFIER	intron_variant	PRRX2
9_138971932_138971954	9_138971952_G_A	MODIFIER	intron_variant	NACC2
9_139294482_139294505	9_139294500_G_A	MODIFIER	upstream_gene_variant	SNAPC4
9_139735673_139735696	9_139735694_G_A	MODIFIER	downstream_gene_variant	RABL6
9_38278616_38278639	9_38278619_C_T	MODIFIER	regulatory_region_variant	-
9_87702686_87702709	9_87702689_C_T	MODIFIER	intergenic_variant	-
GL000220.1_142174_142197	GL000220.1_142177_C_T	MODIFIER	regulatory_region_variant	-
X_100060151_100060174	X_100060154_C_T	MODIFIER	downstream_gene_variant	RP3-347M6.2
X_109246023_109246046	X_109246026_C_T	MODIFIER	upstream_gene_variant	TMEM164
X_111466055_111466079	X_111466077_G_A	MODIFIER	intergenic_variant	-
X_153132446_153132469	X_153132449_C_T	MODIFIER	intron_variant	L1CAM
