orig_locus	variant_GRCm39	impact	consequence	symbol
10_107465925_107465948	10_107301789_C_T	MODIFIER	intergenic_variant	-
10_110550177_110550200	10_110386059_G_A	MODIFIER	intergenic_variant	-
10_122815963_122815986	10_122651871_C_T	MODIFIER	intron_variant	Ppm1h
10_13306537_13306560	10_13182284_C_T	MODIFIER	intron_variant	Phactr2
10_43494325_43494348	10_43370324_C_T	MODERATE	missense_variant	Bend3
10_50895179_50895202	10_50771278_C_T	MODIFIER	upstream_gene_variant	Sim1
10_59222512_59222535	10_59058345_G_A	HIGH	stop_gained	Sowahc
10_6119817_6119840	10_6069838_G_A	MODIFIER	intergenic_variant	-
10_77136700_77136723	10_76972555_G_A	MODIFIER	intron_variant	Col18a1
10_78069890_78069913	10_77905726_C_T	MODIFIER	intron_variant	Icosl
10_79720162_79720185	10_79555999_C_T	MODIFIER	intron_variant	Hcn2
10_81164616_81164638	10_81000453_C_T	MODIFIER	intron_variant	Pias4
11_100744320_100744343	11_100635152_C_T	MODIFIER	intron_variant	Kcnh4
11_101186672_101186695	11_101077515_G_A	MODERATE	missense_variant	Cntnap1
11_102577278_102577301	11_102468125_G_A	MODIFIER	intron_variant,non_coding_transcript_variant	Gm11627
11_102741695_102741718	11_102632542_G_A	MODIFIER	intron_variant,non_coding_transcript_variant	Gm16342
11_103829555_103829578	11_103720384_C_T	MODIFIER	intron_variant	Nsf
11_113573636_113573659	11_113464465_C_T	MODIFIER	downstream_gene_variant	Slc39a11
11_115847365_115847388	11_115738212_G_A	MODIFIER	intron_variant	Llgl2
11_30184813_30184835	11_30134816_C_T	MODIFIER	intron_variant	Sptbn1
11_43779031_43779054	11_43669861_C_T	MODIFIER	intron_variant	Adra1b
11_52420521_52420544	11_52311369_G_A	MODIFIER	intergenic_variant	-
11_5261285_5261308	11_5211291_C_T	MODIFIER	intron_variant	Kremen1
11_53055575_53055598	11_52946405_C_T	MODIFIER	intron_variant	Fstl4
11_59856383_59856407	11_59747228_G_A	MODIFIER	intron_variant	Nt5m
11_71871281_71871304	11_71762108_C_T	MODIFIER	intergenic_variant	-
12_100442723_100442746	12_100409003_G_A	MODIFIER	intron_variant	Ttc7b
12_111466092_111466115	12_111432532_C_T	MODIFIER	intron_variant,non_coding_transcript_variant	Gm40578
12_3427107_3427129	12_3477108_C_T	MODIFIER	5_prime_UTR_variant	Asxl2
12_36373398_36373421	12_36423400_C_T	MODIFIER	downstream_gene_variant	Gm25438
12_57752010_57752033	12_57798814_G_A	MODIFIER	intergenic_variant	-
12_79818088_79818111	12_79864883_G_A	MODIFIER	downstream_gene_variant	Rad51b
12_99299825_99299848	12_99266087_C_T	MODIFIER	intron_variant	Foxn3
13_101231777_101231800	13_101368288_C_T	MODIFIER	upstream_gene_variant	5930438M14Rik
13_114845730_114845753	13_114982287_G_A	MODIFIER	intron_variant	Itga2
13_19925363_19925386	13_20109555_G_A	MODIFIER	intergenic_variant	-
13_29335537_29335560	13_29519542_G_A	MODIFIER	intron_variant	Cdkal1
13_46633315_46633338	13_46786812_G_A	MODIFIER	intron_variant	Cap2
13_49075694_49075717	13_49229188_G_A	MODIFIER	intron_variant	Wnk2
13_57485949_57485972	13_57633780_G_A	MODIFIER	intron_variant	Spock1
13_65987868_65987891	13_66135688_C_T	MODIFIER	intron_variant,non_coding_transcript_variant	Gm40987
14_116076962_116076985	14_116314392_G_A	MODIFIER	intron_variant	Gpc5
14_121266270_121266293	14_121503685_C_T	MODIFIER	intron_variant	Farp1
14_30163908_30163931	14_29885877_C_T	HIGH	splice_donor_variant,non_coding_transcript_variant	Cacna1d
14_32001455_32001478	14_31723430_G_A	MODIFIER	intergenic_variant	-
14_47425297_47425320	14_47662775_G_A	MODIFIER	intron_variant,non_coding_transcript_variant	Gm48975
14_47954317_47954340	14_48191792_G_A	MODIFIER	intergenic_variant	-
14_48233830_48233853	14_48471308_G_A	MODIFIER	intron_variant	Peli2
14_57576005_57576028	14_57813465_C_T	MODIFIER	upstream_gene_variant	Eef1akmt1
14_66727766_66727789	14_66965237_G_A	MODERATE	missense_variant	Adra1a
14_78296901_78296924	14_78534363_G_A	MODIFIER	intron_variant	Tnfsf11
14_92049751_92049774	14_92287193_C_T	MODIFIER	intergenic_variant	-
15_102144545_102144567	15_102052991_G_A	HIGH	stop_gained	Igfbp6
15_11995319_11995342	15_11995407_C_T	MODIFIER	intron_variant	Sub1
15_12232374_12232397	15_12232463_C_T	MODIFIER	intron_variant	Mtmr12
15_18445144_18445167	15_18445236_C_T	MODIFIER	intergenic_variant	-
15_25471654_25471677	15_25471761_G_A	MODIFIER	intergenic_variant	-
15_31592302_31592325	15_31592451_C_T	MODERATE	missense_variant	Cct5
15_37031993_37032015	15_37032240_C_T	MODIFIER	intron_variant,non_coding_transcript_variant	Gm26766
15_45907820_45907843	15_45771222_C_T	MODIFIER	intergenic_variant	-
15_53518990_53519013	15_53382393_C_T	MODIFIER	intron_variant	Samd12
15_64041554_64041577	15_63913425_G_A	MODIFIER	intron_variant	Cyrib
15_76511594_76511617	15_76395816_G_A	MODERATE	missense_variant	Dgat1
15_83755062_83755085	15_83639266_C_T	MODIFIER	intergenic_variant	-
15_96911652_96911675	15_96809535_C_T	MODIFIER	intergenic_variant	-
16_10865206_10865228	16_10683090_G_A	MODIFIER	intron_variant,NMD_transcript_variant	Rmi2
16_11705552_11705575	16_11523437_G_A	MODIFIER	intron_variant	Snx29
16_20680008_20680031	16_20498772_C_T	HIGH	stop_gained	Eif4g1
16_38605102_38605125	16_38425481_G_A	MODIFIER	intron_variant	Arhgap31
16_76372486_76372509	16_76169377_C_T	MODIFIER	intron_variant	Nrip1
16_84703377_84703400	16_84500268_C_T	MODIFIER	intron_variant,non_coding_transcript_variant	Mir155hg
16_94494001_94494024	16_94294881_G_A	MODIFIER	downstream_gene_variant	Vps26c
16_97061414_97061436	16_96862634_G_A	MODIFIER	intron_variant	Dscam
17_22031965_22031988	17_22250967_G_A	MODIFIER	intron_variant,NMD_transcript_variant	Zfp943
17_26188321_26188344	17_26407298_C_T	MODIFIER	intron_variant	Axin1
17_28691488_28691511	17_28910483_G_A	MODIFIER	5_prime_UTR_variant	Mapk14
17_83028202_83028225	17_83335632_C_T	MODIFIER	intergenic_variant	-
17_9514401_9514424	17_9733236_C_T	MODIFIER	intergenic_variant	-
18_25528092_25528115	18_25661152_C_T	MODIFIER	intron_variant	Celf4
18_29058705_29058728	18_29191779_G_A	MODIFIER	intergenic_variant	-
18_4709133_4709156	18_4709139_C_T	MODIFIER	intergenic_variant	-
18_75680543_75680566	18_75813620_C_T	MODIFIER	intron_variant	Ctif
19_53863488_53863511	19_53851937_G_A	MODIFIER	intron_variant,NMD_transcript_variant	Rbm20
1_122439566_122439589	1_122367298_C_T	MODIFIER	regulatory_region_variant	-
1_126739659_126739682	1_126667399_C_T	MODIFIER	intron_variant	Nckap5
1_188866748_188866771	1_188598948_C_T	MODIFIER	intron_variant	Ush2a
1_71610171_71610194	1_71649348_G_A	MODIFIER	intron_variant	Fn1
1_74587760_74587783	1_74626922_C_T	LOW	splice_polypyrimidine_tract_variant,intron_variant,non_coding_transcript_variant	Zfp142
1_87930686_87930709	1_87858426_G_A	MODIFIER	intron_variant	Dgkd
2_102213675_102213698	2_102044023_C_T	MODIFIER	upstream_gene_variant	Gm13866
2_116601133_116601156	2_116431635_G_A	MODIFIER	intergenic_variant	-
2_124605136_124605159	2_124447059_C_T	MODIFIER	intron_variant	Sema6d
2_135323708_135323732	2_135165650_G_A	MODIFIER	intron_variant	Plcb1
2_148047027_148047050	2_147888950_C_T	MODIFIER	upstream_gene_variant	Foxa2
2_153968202_153968225	2_153810143_G_A	MODIFIER	downstream_gene_variant	Bpifb4
2_156421831_156421853	2_156263754_C_T	MODIFIER	intron_variant	Epb41l1
2_172539808_172539831	2_172381751_G_A	MODIFIER	intergenic_variant	-
2_25267948_25267971	2_25157966_C_T	MODIFIER	upstream_gene_variant	Anapc2
2_32372487_32372510	2_32262502_C_T	HIGH	stop_gained	Ciz1
2_69723169_69723192	2_69553516_C_T	MODIFIER	5_prime_UTR_variant	Ppig
3_11844442_11844464	3_11909524_G_A	MODIFIER	upstream_gene_variant	Gm10745
3_122042520_122042543	3_121836190_G_A	MODIFIER	upstream_gene_variant	Abca4
3_130617583_130617606	3_130411235_C_T	MODIFIER	5_prime_UTR_variant	Etnppl
3_144420099_144420122	3_144125863_C_T	MODIFIER	intergenic_variant	-
3_153325823_153325845	3_153031463_C_T	MODIFIER	intron_variant	St6galnac3
3_30054814_30054837	3_30108966_C_T	MODIFIER	intron_variant	Mecom
3_66197689_66197712	3_66105116_C_T	MODIFIER	intron_variant	Veph1
3_67712269_67712292	3_67619623_G_A	MODIFIER	intergenic_variant	-
3_99181842_99181865	3_99089176_G_A	MODIFIER	intron_variant	Wars2
4_114264459_114264482	4_114121662_C_T	MODIFIER	intergenic_variant	-
4_129686147_129686170	4_129579958_G_A	MODIFIER	intron_variant	Tmem39b
4_132720795_132720818	4_132448107_C_T	MODIFIER	intron_variant	Eya3
4_133090504_133090527	4_132817836_G_A	MODIFIER	intergenic_variant	-
4_138605264_138605287	4_138332578_C_T	MODIFIER	intron_variant	Vwa5b1
4_141933448_141933471	4_141660762_C_T	MODIFIER	upstream_gene_variant	Fhad1
4_148644359_148644381	4_148728819_C_T	MODIFIER	intron_variant	Gm572
4_148714985_148715009	4_148799445_C_T	MODIFIER	intron_variant,non_coding_transcript_variant	Gm13203
4_152306856_152306879	4_152391324_G_A	HIGH	splice_acceptor_variant,non_coding_transcript_variant	Icmt
4_34856120_34856143	4_34856141_G_A	MODIFIER	intron_variant	Zfp292
4_45743439_45743462	4_45743445_C_T	MODIFIER	intergenic_variant	-
4_53568083_53568106	4_53568104_G_A	MODIFIER	intron_variant	Slc44a1
4_66764083_66764106	4_66682341_G_A	MODIFIER	intergenic_variant	-
4_85947267_85947290	4_85865507_C_T	MODIFIER	intron_variant	Adamtsl1
4_86676877_86676900	4_86595117_C_T	MODIFIER	intergenic_variant	-
5_105817526_105817549	5_105965413_G_A	MODIFIER	downstream_gene_variant	Lrrc8d
5_119220164_119220186	5_119358249_G_A	MODIFIER	intergenic_variant	-
5_120177701_120177724	5_120315785_G_A	MODIFIER	intron_variant	Rbm19
5_121874779_121874802	5_122012863_G_A	MODIFIER	intron_variant	Cux2
5_121966649_121966672	5_122104718_C_T	MODIFIER	intron_variant	Cux2
5_123457744_123457766	5_123595810_C_T	MODIFIER	3_prime_UTR_variant	Mlxip
5_136040100_136040122	5_136068966_G_A	MODERATE	missense_variant	Upk3b
5_26674268_26674291	5_26879287_G_A	MODIFIER	intergenic_variant	-
5_27480518_27480540	5_27685536_G_A	MODIFIER	intron_variant	Dpp6
5_28083638_28083661	5_28288639_C_T	MODIFIER	downstream_gene_variant	Insig1
5_37216039_37216062	5_37373389_C_T	MODIFIER	intron_variant	Gm1043
5_44524437_44524460	5_44681782_C_T	MODIFIER	intron_variant	Ldb2
5_67214725_67214748	5_67372071_C_T	MODIFIER	intergenic_variant	-
5_73406555_73406577	5_73563918_G_A	MODIFIER	intron_variant	Cwh43
5_92349564_92349587	5_92497426_C_T	MODIFIER	upstream_gene_variant	Cxcl10
6_117868304_117868327	6_117845286_G_A	MODIFIER	intron_variant	Zfp239
6_121049218_121049240	6_121026199_G_A	MODIFIER	intron_variant	Mical3
6_125468863_125468885	6_125445829_C_T	MODIFIER	intron_variant	Cd9
6_127307950_127307974	6_127284932_G_A	MODIFIER	upstream_gene_variant	Gm38404
6_133859882_133859905	6_133836848_C_T	MODIFIER	upstream_gene_variant	Gm43968
6_135814205_135814228	6_135791206_C_T	MODIFIER	intron_variant	Grin2b
6_136264213_136264235	6_136241231_G_A	MODIFIER	intergenic_variant	-
6_140996796_140996819	6_140942543_G_A	MODIFIER	intron_variant,non_coding_transcript_variant	Gm30524
6_29199380_29199403	6_29199382_C_T	MODIFIER	downstream_gene_variant	Impdh1
6_34889015_34889038	6_34865953_C_T	MODERATE	missense_variant	Wdr91
6_93854574_93854597	6_93831558_C_T	MODIFIER	intron_variant	Magi1
7_111704253_111704275	7_111303480_G_A	MODIFIER	intron_variant	Galnt18
7_118728048_118728071	7_118327274_C_T	MODIFIER	intron_variant	Ccp110
7_133223070_133223093	7_132824805_C_T	MODIFIER	intergenic_variant	-
7_137157848_137157871	7_136759583_C_T	MODIFIER	intergenic_variant	-
7_143405758_143405781	7_142959498_C_T	MODIFIER	intron_variant	Kcnq1
7_145163392_145163415	7_144717132_C_T	MODIFIER	intron_variant,non_coding_transcript_variant	Gm45181
7_18676013_18676036	7_18409944_C_T	MODIFIER	intron_variant	Psg20
7_47704309_47704332	7_47354078_G_A	MODIFIER	downstream_gene_variant	Gm28288
7_73005174_73005197	7_72654943_G_A	MODIFIER	intergenic_variant	-
7_97757679_97757702	7_97406908_G_A	MODIFIER	intergenic_variant	-
8_103143441_103143464	8_103870094_G_A	MODIFIER	intron_variant,non_coding_transcript_variant	Gm45391
8_103485478_103485501	8_104212112_C_T	MODIFIER	intergenic_variant	-
8_118477476_118477499	8_119204218_C_T	MODIFIER	intron_variant	Cdh13
8_119376320_119376343	8_120103065_C_T	MODIFIER	upstream_gene_variant	Gm45723
8_119830845_119830868	8_120557587_C_T	MODIFIER	intron_variant	Cotl1
8_120554843_120554866	8_121281603_G_A	MODIFIER	intron_variant	Gse1
8_123949337_123949360	8_124676077_C_T	MODIFIER	upstream_gene_variant	Nup133
8_126188823_126188846	8_126915563_C_T	MODIFIER	intron_variant	Slc35f3
8_13159740_13159763	8_13209761_G_A	MODIFIER	intron_variant	Lamp1
8_14039963_14039986	8_14089969_C_T	MODIFIER	intron_variant	Erich1
8_14260335_14260358	8_14310356_G_A	MODIFIER	intron_variant	Dlgap2
8_33964196_33964220	8_34454246_G_A	MODIFIER	regulatory_region_variant	-
8_35372526_35372549	8_35839683_C_T	MODIFIER	upstream_gene_variant	Ppp1r3b
8_41583695_41583718	8_42036753_G_A	MODIFIER	intergenic_variant	-
8_47990148_47990171	8_48443201_G_A	MODERATE	missense_variant	Wwc2
8_57702792_57702815	8_58155828_C_T	MODIFIER	intron_variant,non_coding_transcript_variant	Gm45356
8_75540902_75540925	8_76267548_G_A	MODIFIER	intron_variant	Iqcm
8_78033791_78033814	8_78760426_C_T	MODIFIER	intergenic_variant	-
8_88987920_88987943	8_89714551_C_T	MODIFIER	intergenic_variant	-
8_94890022_94890045	8_95616653_C_T	MODIFIER	intergenic_variant	-
9_102992974_102992997	9_102870194_G_A	MODIFIER	intron_variant,non_coding_transcript_variant	Slco2a1
9_103074456_103074479	9_102951673_G_A	MODERATE	missense_variant	Slco2a1
9_103145498_103145521	9_103022700_C_T	MODIFIER	intron_variant	Rab6b
9_118758506_118758529	9_118587575_C_T	MODIFIER	intron_variant	Itga9
9_18834624_18834647	9_18745942_G_A	MODIFIER	intergenic_variant	-
9_22535874_22535897	9_22447192_G_A	MODIFIER	intron_variant	Bbs9
9_36581669_36581692	9_36492967_C_T	MODIFIER	intron_variant	Pate8
9_44888285_44888308	9_44799604_G_A	MODIFIER	downstream_gene_variant	Gm39326
9_46466717_46466740	9_46378018_C_T	MODIFIER	intergenic_variant	-
9_46485551_46485574	9_46396851_C_T	MODIFIER	downstream_gene_variant	Gm47144
9_58436264_58436287	9_58343568_G_A	MODIFIER	intergenic_variant	-
9_72528123_72528146	9_72435426_G_A	MODIFIER	upstream_gene_variant	Rfx7
9_78028482_78028505	9_77935770_C_T	MODIFIER	downstream_gene_variant	Gm47829
X_13448158_13448181	X_13314400_C_T	MODIFIER	intergenic_variant	-
X_147710822_147710845	X_146493821_C_T	MODIFIER	intergenic_variant	-
X_65102936_65102959	X_64146548_C_T	MODIFIER	intergenic_variant	-
X_99470684_99470707	X_98514308_G_A	MODIFIER	upstream_gene_variant	Pja1
