#Bulge type	crRNA	DNA	Chromosome	Position	Direction	Mismatches	Bulge Size
1	GCATTATGGCGAACCTTGGCTGNNGG	tCATcATGGCGAACCTTGGCTaCTGG	chr2	131936424	+	3	0
2	GCATTATGGCGAACCTTGGCTGNNGG	GCtTTATGtaGAACCTTGGgTGTGGG	chr17	12798680	-	4	0
3	GCATTATGGCGAACCTTGGCTGNNGG	GCAacATGGCtAACCTTGGCTtCAGG	chr9	76087231	+	4	0
4	GCATTATGGCGAACCTTGGCTGNNGG	GCATcATGGtGAACCTTGGCctCTGG	chr11	119417636	+	4	0
5	GCATTATGGCGAACCTTGGCTGNNGG	GCATTATGGaGcACCTTGctTGCAGG	chr10	8538759	-	4	0
6	GCATTATGGCGAACCTTGGCTGNNGG	GCcTTATtctGAACCTTGGCTGTCGG	chr3	157223094	+	4	0
7	GCATTATGGCGAACCTTGGCTGNNGG	GaATTcTGGCagAtCTTGGCTGCCGG	chr8	35157532	-	5	0
8	GCATTATGGCGAACCTTGGCTGNNGG	tCATcATGGCaAACCTTGtCTcATGG	chr8	60341965	-	5	0
9	GCATTATGGCGAACCTTGGCTGNNGG	GCATTtTGaaGAAaaTTGGCTGTGGG	chr8	60838358	+	5	0
10	GCATTATGGCGAACCTTGGCTGNNGG	GCAaTATGtCcAACaTTGGCTtCTGG	chr8	70950403	+	5	0
11	GCATTATGGCGAACCTTGGCTGNNGG	GCATTgTGaacgACCTTGGCTGTGGG	chr8	76993089	-	5	0
12	GCATTATGGCGAACCTTGGCTGNNGG	GCATTggGGaGgAgCTTGGCTGGCGG	chr8	121387614	+	5	0
13	GCATTATGGCGAACCTTGGCTGNNGG	GCATTgTGGgGAAggTgGGCTGTTGG	chr8	127318781	+	5	0
14	GCATTATGGCGAACCTTGGCTGNNGG	GCAggATGGCtgACCTTGGCTtGTGG	chr15	61160857	+	5	0
15	GCATTATGGCGAACCTTGGCTGNNGG	GCATgATGtCGgACCcTaGCTGGGGG	chr15	79286863	+	5	0
16	GCATTATGGCGAACCTTGGCTGNNGG	GCAacATaGCcAACCcTGGCTGCAGG	chr5	37882181	-	5	0
17	GCATTATGGCGAACCTTGGCTGNNGG	GtcTgAgGcCGAACCTTGGCTGAAGG	chr5	48282143	-	5	0
18	GCATTATGGCGAACCTTGGCTGNNGG	GCATTATGGgGAACCTTaagTcAGGG	chr5	114076649	+	5	0
19	GCATTATGGCGAACCTTGGCTGNNGG	cCATTATGcaGAACCTTttCTGATGG	chr1	80705590	-	5	0
20	GCATTATGGCGAACCTTGGCTGNNGG	GtATcATGGCacACCaTGGCTGGTGG	chr1	127654836	-	5	0
21	GCATTATGGCGAACCTTGGCTGNNGG	GCATggTGGCtAACCTTGGaaGGTGG	chr1	169075236	+	5	0
22	GCATTATGGCGAACCTTGGCTGNNGG	GCtTTgTGGCGtcCCTgGGCTGTAGG	chr1	174431113	-	5	0
23	GCATTATGGCGAACCTTGGCTGNNGG	GCATaATGtCtAcCCTTGtCTGTTGG	chr7	25599003	-	5	0
24	GCATTATGGCGAACCTTGGCTGNNGG	GCATTtTGGtaAACCTTaGgTGTTGG	chr7	88512901	-	5	0
25	GCATTATGGCGAACCTTGGCTGNNGG	GgATTATGctGAgCCTTGGgTGCTGG	chr7	98751036	+	5	0
26	GCATTATGGCGAACCTTGGCTGNNGG	GCATTAgGGCGgcCCagGGCTGCAGG	chr7	100006005	+	5	0
27	GCATTATGGCGAACCTTGGCTGNNGG	GaATTgaGGCcAACCTgGGCTGATGG	chr2	119164165	-	5	0
28	GCATTATGGCGAACCTTGGCTGNNGG	cCcTgAaGGCaAACCTTGGCTGCAGG	chr2	129621118	+	5	0
29	GCATTATGGCGAACCTTGGCTGNNGG	tCgTgATGGCaAAgCTTGGCTGCTGG	chr12	44526157	+	5	0
30	GCATTATGGCGAACCTTGGCTGNNGG	GCtTaAaGGaGAACaTTGGCTGCTGG	chr4	29135377	+	5	0
31	GCATTATGGCGAACCTTGGCTGNNGG	GCATTATGttGAACCcTGGCctTAGG	chr4	47526088	-	5	0
32	GCATTATGGCGAACCTTGGCTGNNGG	GtATTATtGtGAttCTTGGCTGGCGG	chr4	56894586	+	5	0
33	GCATTATGGCGAACCTTGGCTGNNGG	GCtTTATGGaGAACgTTGGCcaTTGG	chr4	62425800	+	5	0
34	GCATTATGGCGAACCTTGGCTGNNGG	GCAcTAatGCGAACCTTGaCTcCTGG	chr17	6088298	-	5	0
35	GCATTATGGCGAACCTTGGCTGNNGG	GCtTTATGGCGAcCCTcaGgTGAAGG	chr17	37672726	-	5	0
36	GCATTATGGCGAACCTTGGCTGNNGG	GCtTTATGGCGccCCTcGGgTGAAGG	chr17	38054836	+	5	0
37	GCATTATGGCGAACCTTGGCTGNNGG	GgATTgTGGCGctCCTgGGCTGCTGG	chr17	74311910	+	5	0
38	GCATTATGGCGAACCTTGGCTGNNGG	GatTaATGGCGgAgCTTGGCTGAAGG	chr16	75898027	-	5	0
39	GCATTATGGCGAACCTTGGCTGNNGG	GCAcaATGGaGAACCTTGGCaaGAGG	chr16	95422940	+	5	0
40	GCATTATGGCGAACCTTGGCTGNNGG	aCATctTGGgGAACaTTGGCTGAAGG	chr9	45237802	-	5	0
41	GCATTATGGCGAACCTTGGCTGNNGG	GCATTtTGGCtAgCCaTGGCTcTTGG	chr14	105270176	-	5	0
42	GCATTATGGCGAACCTTGGCTGNNGG	cCATTtTGGaaAACCTTtGCTGAGGG	chr6	97417072	-	5	0
43	GCATTATGGCGAACCTTGGCTGNNGG	cCATTAgGcCtAACCTTGcCTGCAGG	chr11	75257672	-	5	0
44	GCATTATGGCGAACCTTGGCTGNNGG	GCATTATttgGAcCCTTGGCTtCTGG	chr11	81545286	-	5	0
45	GCATTATGGCGAACCTTGGCTGNNGG	GCATTAcaGCtAtCCTTGGCgGGTGG	chr10	34052347	+	5	0
46	GCATTATGGCGAACCTTGGCTGNNGG	GCATTATGGgtAACtgTGGCTtCAGG	chr10	43512806	+	5	0
47	GCATTATGGCGAACCTTGGCTGNNGG	aCATTATtGCtAAgCcTGGCTGCTGG	chr10	108631052	+	5	0
48	GCATTATGGCGAACCTTGGCTGNNGG	GCATcATGGCGAAgCaTGGtgGCAGG	chr10	116679645	-	5	0
49	GCATTATGGCGAACCTTGGCTGNNGG	GCATccTGGgGAAgCTgGGCTGCAGG	chr18	60609925	-	5	0
50	GCATTATGGCGAACCTTGGCTGNNGG	GaATTATcGCcAACCTgGGgTGGGGG	chr18	73160230	-	5	0
51	GCATTATGGCGAACCTTGGCTGNNGG	GacTTtTGGCGAAgCTTGtCTGATGG	chr3	88930989	-	5	0
52	GCATTATGGCGAACCTTGGCTGNNGG	cCATTAaGGCtAACCgTGGgTGATGG	chr3	100947446	+	5	0
53	GCATTATGGCGAACCTTGGCTGNNGG	cCATTggGGCGAAgCTgGGCTGATGG	chr3	130352282	-	5	0