expt	animal	cohort	cage	inoculum	treatment	dose	tag	cohort_alias	comments
C	CA1	C_RES-07_DNMT1	CA	RES-07	DNMT1				
C	CA3	C_RES-07_DNMT1	CA	RES-07	DNMT1				
C	CA5	C_RES-07_DNMT1	CA	RES-07	DNMT1				
C	CB1	C_RES-03_PRNP	CB	RES-03	PRNP				
C	CB2	C_RES-03_PRNP	CB	RES-03	PRNP				
C	CC1	C_RES-07_PRNP	CC	RES-07	PRNP				
C	CC2	C_RES-07_PRNP	CC	RES-07	PRNP				
C	CD1	C_RES-03_DNMT1	CD	RES-03	DNMT1				
C	CE2	C_RES-03_PRNP	CE	RES-03	PRNP				
C	CE3	C_RES-03_PRNP	CE	RES-03	PRNP				
C	CF1	C-died		RES-07	PRNP				
C	CG1	C_none	CG	none	PRNP				
C	CG2	C_none	CG	none	PRNP				
C	CG3	C_none	CG	none	PRNP				
C	CH1	C_RES-07_DNMT1	CH	RES-07	DNMT1				
C	CH2	C_RES-07_DNMT1	CH	RES-07	DNMT1				
C	CH3	C_RES-07_DNMT1	CH	RES-07	DNMT1				
C	CI4	C_none	CI	none	PRNP				
C	CI5	C_none	CI	none	PRNP				
C	CJ1	C_RES-03_DNMT1	CJ	RES-03	DNMT1				
C	CK2	C_RES-03_PRNP	CK	RES-03	PRNP				
C	CL2	C_RES-07_PRNP	CL	RES-07	PRNP				
C	CM2	C_RES-03_PRNP	CM	RES-03	PRNP				
C	CN1	C_RES-03_PRNP	CN	RES-03	PRNP				
C	CO1	C_RES-03_DNMT1	CO	RES-03	DNMT1				
C	CO2	C_RES-03_DNMT1	CO	RES-03	DNMT1				
C	CO3	C_RES-03_DNMT1	CO	RES-03	DNMT1				
C	CP1	C_none	CP	none	none				
C	CQ3	C_RES-07_PRNP	CQ	RES-07	PRNP				
C	CQ4	C_RES-07_PRNP	CQ	RES-07	PRNP				
C	CQ5	C_RES-07_PRNP	CQ	RES-07	PRNP				
