Chromosome	Start	End	Genomic Coordinate	Nuclease_Read_Count	Strand	Control_Read_Count	Site_Sequence	Site_Substitution_Number	Site_Sequence_Gaps_Allowed	File_Name	Cell	Target_site	Full_Name	Target_Sequence	Realigned_Target_Sequence
1	111032361	111032384	1:111032361-111032384	4019	-	0	GGCAGCCGCTACCTGAGGCATGG	3		37XHuman.bam	37XHuman	37XHuman	37XHuman_37XHuman_1:111032361-111032384_4019	GGCAGCCGATACCCGGGGCANGG	none
20	4679968	4679991	20:4679968-4679991	2830	+	0	GGCAGCCGATACCCGGGGCAGGG	0		37XHuman.bam	37XHuman	37XHuman	37XHuman_37XHuman_20:4679968-4679991_2830	GGCAGCCGATACCCGGGGCANGG	none
7	143080014	143080037	7:143080014-143080037	2589	-	0	CGGAGCCGGAACCTGGGGCAGAG	6		37XHuman.bam	37XHuman	37XHuman	37XHuman_37XHuman_7:143080014-143080037_2589	GGCAGCCGATACCCGGGGCANGG	none
7	1882375	1882398	7:1882375-1882398	2090	+	0	GGCAGCCGAGGCCCAGGGCACGG	3		37XHuman.bam	37XHuman	37XHuman	37XHuman_37XHuman_7:1882375-1882398_2090	GGCAGCCGATACCCGGGGCANGG	none
3	58000375	58000398	3:58000375-58000398	1501	+	0	GGGAGCAGATACCCAGGGCCTGG	4		37XHuman.bam	37XHuman	37XHuman	37XHuman_37XHuman_3:58000375-58000398_1501	GGCAGCCGATACCCGGGGCANGG	none
17	61511410	61511433	17:61511410-61511433	1162	-	0	GGCAGCAGATGCCTGGGGCAAGG	3		37XHuman.bam	37XHuman	37XHuman	37XHuman_37XHuman_17:61511410-61511433_1162	GGCAGCCGATACCCGGGGCANGG	none
17	27228307	27228330	17:27228307-27228330	1134	+	0	AGGAACTGATACCTGGGGCAGAG	6		37XHuman.bam	37XHuman	37XHuman	37XHuman_37XHuman_17:27228307-27228330_1134	GGCAGCCGATACCCGGGGCANGG	none
15	100855402	100855425	15:100855402-100855425	1002	-	0	TGCAGTGGATACCTGGGGCAGAG	5		37XHuman.bam	37XHuman	37XHuman	37XHuman_37XHuman_15:100855402-100855425_1002	GGCAGCCGATACCCGGGGCANGG	none
17	79133664	79133687	17:79133664-79133687	952	+	0	GCTACCCGATACCAGGGACAGGG	5	GGCTACCCGATACCAGGGACAGGG	37XHuman.bam	37XHuman	37XHuman	37XHuman_37XHuman_17:79133664-79133687_952	GGCAGCCGATACCCGGGGCANGG	GGC-AGCCGATACCCGGGGCANGG
12	117452975	117452998	12:117452975-117452998	877	+	0	TGGAGCCCATACTCAGGGCAAGG	5	GG-AGCCCATACTCAGGGCAAGG	37XHuman.bam	37XHuman	37XHuman	37XHuman_37XHuman_12:117452975-117452998_877	GGCAGCCGATACCCGGGGCANGG	GGCAGCCGATACCCGGGGCANGG
17	52382608	52382631	17:52382608-52382631	866	-	0	TTCAGCCGATATCTGGAGCATGG	5		37XHuman.bam	37XHuman	37XHuman	37XHuman_37XHuman_17:52382608-52382631_866	GGCAGCCGATACCCGGGGCANGG	none
4	57518440	57518463	4:57518440-57518463	864	-	0	CAGGGCCGATACTTGGGGCAGGG	6		37XHuman.bam	37XHuman	37XHuman	37XHuman_37XHuman_4:57518440-57518463_864	GGCAGCCGATACCCGGGGCANGG	none
19	17359436	17359459	19:17359436-17359459	804	-	0	GGCAGCTGAAACCCGAGACAGGG	4		37XHuman.bam	37XHuman	37XHuman	37XHuman_37XHuman_19:17359436-17359459_804	GGCAGCCGATACCCGGGGCANGG	none
3	138856742	138856765	3:138856742-138856765	786	+	0	AGCAGCTGATGCCCAGGACATGG	5		37XHuman.bam	37XHuman	37XHuman	37XHuman_37XHuman_3:138856742-138856765_786	GGCAGCCGATACCCGGGGCANGG	none
10	134121357	134121380	10:134121357-134121380	776	+	0	GGCAGCCGGAACTCGGGGCATGG	3		37XHuman.bam	37XHuman	37XHuman	37XHuman_37XHuman_10:134121357-134121380_85	GGCAGCCGATACCCGGGGCANGG	none
11	15710732	15710755	11:15710732-15710755	766	-	0	GGCAGCCAATACCTGGAACATGG	4		37XHuman.bam	37XHuman	37XHuman	37XHuman_37XHuman_11:15710732-15710755_766	GGCAGCCGATACCCGGGGCANGG	none
14	92955922	92955945	14:92955922-92955945	760	-	0	TCAAGCCGATGCTCGGGGCTAGG	6		37XHuman.bam	37XHuman	37XHuman	37XHuman_37XHuman_14:92955922-92955945_760	GGCAGCCGATACCCGGGGCANGG	none
8	49242538	49242561	8:49242538-49242561	742	-	0	AGCCGCAGATACCCAGGGCATGG	4		37XHuman.bam	37XHuman	37XHuman	37XHuman_37XHuman_8:49242538-49242561_742	GGCAGCCGATACCCGGGGCANGG	none
20	1797259	1797282	20:1797259-1797282	677	+	0	GGCAGTAGATACCCAGAGCACGG	4		37XHuman.bam	37XHuman	37XHuman	37XHuman_37XHuman_20:1797259-1797282_677	GGCAGCCGATACCCGGGGCANGG	none
17	40220216	40220239	17:40220216-40220239	634	-	0	AGCTGCCGATGCTCAGGGCAGGG	5		37XHuman.bam	37XHuman	37XHuman	37XHuman_37XHuman_17:40220216-40220239_634	GGCAGCCGATACCCGGGGCANGG	none
12	122503032	122503055	12:122503032-122503055	620	-	0	AGCAGCCAGTGCCCAGGGCAGGG	5		37XHuman.bam	37XHuman	37XHuman	37XHuman_37XHuman_12:122503032-122503055_620	GGCAGCCGATACCCGGGGCANGG	none
3	51567673	51567696	3:51567673-51567696	552	-	0	TGGTGCCGAAACCTGGGGCAGGG	5	GGT-GCCGAAACCTGGGGCAGGG	37XHuman.bam	37XHuman	37XHuman	37XHuman_37XHuman_3:51567673-51567696_552	GGCAGCCGATACCCGGGGCANGG	GGCAGCCGATACCCGGGGCANGG
15	66545776	66545799	15:66545776-66545799	536	+	0	GGCAGCCGGGACCCGGGCAGGGC	6	GGCAGCCGGGACCCGGG-CAGGG	37XHuman.bam	37XHuman	37XHuman	37XHuman_37XHuman_15:66545776-66545799_536	GGCAGCCGATACCCGGGGCANGG	GGCAGCCGATACCCGGGGCANGG
5	133797332	133797355	5:133797332-133797355	492	-	0	GGGAGGCGATACCCAAGGCAGGG	4		37XHuman.bam	37XHuman	37XHuman	37XHuman_37XHuman_5:133797332-133797355_492	GGCAGCCGATACCCGGGGCANGG	none
18	49218753	49218776	18:49218753-49218776	404	-	0	AGCAGCCCATATTCGGGACATGG	5		37XHuman.bam	37XHuman	37XHuman	37XHuman_37XHuman_18:49218753-49218776_404	GGCAGCCGATACCCGGGGCANGG	none
6	80657517	80657540	6:80657517-80657540	390	-	0	AGGGGCCGATGCCCGGGACAGGG	5	GGG-GCCGATGCCCGGGACAGGG	37XHuman.bam	37XHuman	37XHuman	37XHuman_37XHuman_6:80657517-80657540_390	GGCAGCCGATACCCGGGGCANGG	GGCAGCCGATACCCGGGGCANGG
15	86628662	86628685	15:86628662-86628685	372	-	0	GGCAGCCATTACCAAGGGCATGG	4		37XHuman.bam	37XHuman	37XHuman	37XHuman_37XHuman_15:86628662-86628685_372	GGCAGCCGATACCCGGGGCANGG	none
5	141663821	141663844	5:141663821-141663844	338	-	0	GGCGGCCAATACCTGGGGAAGGG	4		37XHuman.bam	37XHuman	37XHuman	37XHuman_37XHuman_5:141663821-141663844_338	GGCAGCCGATACCCGGGGCANGG	none
12	95232482	95232505	12:95232482-95232505	300	-	0	TCCAGCCCATACTCAGGGCATGG	5		37XHuman.bam	37XHuman	37XHuman	37XHuman_37XHuman_12:95232482-95232505_300	GGCAGCCGATACCCGGGGCANGG	none
10	132887631	132887654	10:132887631-132887654	294	+	0	CCCAGCAGAGACCCGGGGCAGTG	5		37XHuman.bam	37XHuman	37XHuman	37XHuman_37XHuman_10:132887631-132887654_294	GGCAGCCGATACCCGGGGCANGG	none
12	43070602	43070625	12:43070602-43070625	290	-	0	TAGAGCCCATACCTGGGGCTGGG	6		37XHuman.bam	37XHuman	37XHuman	37XHuman_37XHuman_12:43070602-43070625_290	GGCAGCCGATACCCGGGGCANGG	none
17	2031425	2031447	17:2031425-2031447	284	+	0			AGCAGC-GATGCCCAGGGCAAGG	37XHuman.bam	37XHuman	37XHuman	37XHuman_37XHuman_17:2031425-2031447_284	GGCAGCCGATACCCGGGGCANGG	GGCAGCCGATACCCGGGGCANGG
1	209423921	209423944	1:209423921-209423944	266	-	0	CGTAGCAGATACCTGGGGCAGGA	5		37XHuman.bam	37XHuman	37XHuman	37XHuman_37XHuman_1:209423921-209423944_266	GGCAGCCGATACCCGGGGCANGG	none
2	62677921	62677944	2:62677921-62677944	266	-	0	GGCAACCGATACCTGGGCAGGGA	6	GGCAACCGATACCTGGG-CAGGG	37XHuman.bam	37XHuman	37XHuman	37XHuman_37XHuman_2:62677921-62677944_266	GGCAGCCGATACCCGGGGCANGG	GGCAGCCGATACCCGGGGCANGG
1	2045387	2045410	1:2045387-2045410	248	-	0	GGCACCCAATCCCCAGGGCATGG	4		37XHuman.bam	37XHuman	37XHuman	37XHuman_37XHuman_1:2045387-2045410_248	GGCAGCCGATACCCGGGGCANGG	none
5	132669366	132669389	5:132669366-132669389	227	+	0	TGTAGCCGATTCCCAGAGCAAGG	5		37XHuman.bam	37XHuman	37XHuman	37XHuman_37XHuman_5:132669366-132669389_227	GGCAGCCGATACCCGGGGCANGG	none
6	33257468	33257491	6:33257468-33257491	222	+	0	TGGAGTCGATATCCGGGACGGGG	6		37XHuman.bam	37XHuman	37XHuman	37XHuman_37XHuman_6:33257468-33257491_222	GGCAGCCGATACCCGGGGCANGG	none
15	78984347	78984370	15:78984347-78984370	200	-	0	CATAGCCGAGACCCAGGCCATGG	6		37XHuman.bam	37XHuman	37XHuman	37XHuman_37XHuman_15:78984347-78984370_200	GGCAGCCGATACCCGGGGCANGG	none
7	8160505	8160528	7:8160505-8160528	188	+	0	GAGAGCCGAAGCCCGGGGCTGGG	5		37XHuman.bam	37XHuman	37XHuman	37XHuman_37XHuman_7:8160505-8160528_188	GGCAGCCGATACCCGGGGCANGG	none
11	3938490	3938512	11:3938490-3938512	178	-	0			GGAAGCC-ATACCCAGGGCTGGG	37XHuman.bam	37XHuman	37XHuman	37XHuman_37XHuman_11:3938490-3938512_178	GGCAGCCGATACCCGGGGCANGG	GGCAGCCGATACCCGGGGCANGG
20	61885943	61885966	20:61885943-61885966	178	-	2.8	CGCAGCTGTTACCCGGGGCTGGG	4		37XHuman.bam	37XHuman	37XHuman	37XHuman_37XHuman_20:61885943-61885966_178	GGCAGCCGATACCCGGGGCANGG	none
8	48995869	48995892	8:48995869-48995892	176	+	0	TGGAGCCGTTACCTAGGGCAGAG	6		37XHuman.bam	37XHuman	37XHuman	37XHuman_37XHuman_8:48995869-48995892_176	GGCAGCCGATACCCGGGGCANGG	none
21	46153888	46153911	21:46153888-46153911	166	+	0	GGCAGCAGAGACTCAGGGCATGG	4		37XHuman.bam	37XHuman	37XHuman	37XHuman_37XHuman_21:46153888-46153911_166	GGCAGCCGATACCCGGGGCANGG	none
1	18484994	18485017	1:18484994-18485017	160	-	0	GGCAGCAGACACCCGGGCCTGGG	4		37XHuman.bam	37XHuman	37XHuman	37XHuman_37XHuman_1:18484994-18485017_160	GGCAGCCGATACCCGGGGCANGG	none
X	109246023	109246046	X:109246023-109246046	150	+	0	GGCGGCCGGTCCCCGGGGCTGGG	4		37XHuman.bam	37XHuman	37XHuman	37XHuman_37XHuman_X:109246023-109246046_150	GGCAGCCGATACCCGGGGCANGG	none
1	198946448	198946471	1:198946448-198946471	144	+	0	GCTAGCCAATACTCAGGGCAGAG	6		37XHuman.bam	37XHuman	37XHuman	37XHuman_37XHuman_1:198946448-198946471_144	GGCAGCCGATACCCGGGGCANGG	none
5	138539722	138539745	5:138539722-138539745	144	-	0	GGCAGTAGATAACTGGGACAGGG	5		37XHuman.bam	37XHuman	37XHuman	37XHuman_37XHuman_5:138539722-138539745_144	GGCAGCCGATACCCGGGGCANGG	none
19	1489744	1489767	19:1489744-1489767	142	+	0	GGCAGCTGAGACCCCGGGCAGGG	3		37XHuman.bam	37XHuman	37XHuman	37XHuman_37XHuman_19:1489744-1489767_142	GGCAGCCGATACCCGGGGCANGG	none
1	210794437	210794460	1:210794437-210794460	140	-	0	TGGAGCTGATACTTGGGGCAGGG	5	GG-AGCTGATACTTGGGGCAGGG	37XHuman.bam	37XHuman	37XHuman	37XHuman_37XHuman_1:210794437-210794460_140	GGCAGCCGATACCCGGGGCANGG	GGCAGCCGATACCCGGGGCANGG
6	137113093	137113116	6:137113093-137113116	134	+	0	GACAACCGATGCCAGGGGCAGCG	5		37XHuman.bam	37XHuman	37XHuman	37XHuman_37XHuman_6:137113093-137113116_134	GGCAGCCGATACCCGGGGCANGG	none
3	135161943	135161966	3:135161943-135161966	130	+	0	AGCAGTAGATAACCAGGACATGG	6		37XHuman.bam	37XHuman	37XHuman	37XHuman_37XHuman_3:135161943-135161966_130	GGCAGCCGATACCCGGGGCANGG	none
1	32538532	32538555	1:32538532-32538555	122	+	0	CGCGGCTGATACCCGGGACTGGG	5		37XHuman.bam	37XHuman	37XHuman	37XHuman_37XHuman_1:32538532-32538555_122	GGCAGCCGATACCCGGGGCANGG	none
17	40847702	40847725	17:40847702-40847725	118	-	0	GGCAGGCGGTACCCGGGGCCATG	4	GGCAGGCGGTACCCGGGGCCATGG	37XHuman.bam	37XHuman	37XHuman	37XHuman_37XHuman_17:40847702-40847725_118	GGCAGCCGATACCCGGGGCANGG	GGCAGCCGATACCCGGGGC-ANGG
1	27293521	27293544	1:27293521-27293544	114	-	0	AGCAGCAGATACCCAGGGAAGGA	5	AGCAGCAGATACCCAGGG-AAGG	37XHuman.bam	37XHuman	37XHuman	37XHuman_37XHuman_1:27293521-27293544_114	GGCAGCCGATACCCGGGGCANGG	GGCAGCCGATACCCGGGGCANGG
18	29580911	29580934	18:29580911-29580934	112	+	0	TGGTGCCGAAACCCAGGACAGGG	6		37XHuman.bam	37XHuman	37XHuman	37XHuman_37XHuman_18:29580911-29580934_112	GGCAGCCGATACCCGGGGCANGG	none
18	74171182	74171205	18:74171182-74171205	110	-	0	AGAAGCCGAAGCTCGGGGCAGGG	5		37XHuman.bam	37XHuman	37XHuman	37XHuman_37XHuman_18:74171182-74171205_110	GGCAGCCGATACCCGGGGCANGG	none
4	89348758	89348781	4:89348758-89348781	110	+	0	GGTGGCAGATACCCAGGGCAGGG	4		37XHuman.bam	37XHuman	37XHuman	37XHuman_37XHuman_4:89348758-89348781_110	GGCAGCCGATACCCGGGGCANGG	none
17	76301021	76301044	17:76301021-76301044	104	-	0	AGCAGCCAGGACCCGGGGCTGAG	6		37XHuman.bam	37XHuman	37XHuman	37XHuman_37XHuman_17:76301021-76301044_104	GGCAGCCGATACCCGGGGCANGG	none
14	74706065	74706088	14:74706065-74706088	102	-	0	AGCAGCCAATCACCGGGGCCAGG	5		37XHuman.bam	37XHuman	37XHuman	37XHuman_37XHuman_14:74706065-74706088_102	GGCAGCCGATACCCGGGGCANGG	none
15	89124622	89124645	15:89124622-89124645	88	-	0	TTAAGCCCATACCCAGGCCAAGG	6		37XHuman.bam	37XHuman	37XHuman	37XHuman_37XHuman_15:89124622-89124645_88	GGCAGCCGATACCCGGGGCANGG	none
20	49574830	49574853	20:49574830-49574853	88	+	0	AGCTGCCGACACCCGGGCCGGGG	5		37XHuman.bam	37XHuman	37XHuman	37XHuman_37XHuman_20:49574830-49574853_88	GGCAGCCGATACCCGGGGCANGG	none
4	53991818	53991841	4:53991818-53991841	88	+	0	GGAAACAGATACCTGGGGCTAGG	5		37XHuman.bam	37XHuman	37XHuman	37XHuman_37XHuman_4:53991818-53991841_88	GGCAGCCGATACCCGGGGCANGG	none
11	60615915	60615937	11:60615915-60615937	86	-	0			AGCAGCC-ATACCGGGGACATGG	37XHuman.bam	37XHuman	37XHuman	37XHuman_37XHuman_11:60615915-60615937_86	GGCAGCCGATACCCGGGGCANGG	GGCAGCCGATACCCGGGGCANGG
20	60983936	60983959	20:60983936-60983959	84	-	0	CACAGCCGATCCCCAGGACCCGG	6		37XHuman.bam	37XHuman	37XHuman	37XHuman_37XHuman_20:60983936-60983959_84	GGCAGCCGATACCCGGGGCANGG	none
7	158897900	158897922	7:158897900-158897922	84	-	0			TGCAGCC-ATGCTCGGGGCAAGG	37XHuman.bam	37XHuman	37XHuman	37XHuman_37XHuman_7:158897900-158897922_84	GGCAGCCGATACCCGGGGCANGG	GGCAGCCGATACCCGGGGCANGG
22	19136725	19136748	22:19136725-19136748	82	+	0	TAGAGCCGACACCCGGGCCGCGG	6		37XHuman.bam	37XHuman	37XHuman	37XHuman_37XHuman_22:19136725-19136748_82	GGCAGCCGATACCCGGGGCANGG	none
19	1392971	1392994	19:1392971-1392994	70	-	0	GACCACCGATTCCCGGGGCTGGG	5		37XHuman.bam	37XHuman	37XHuman	37XHuman_37XHuman_19:1392971-1392994_70	GGCAGCCGATACCCGGGGCANGG	none
20	29938465	29938488	20:29938465-29938488	70	-	0	GGCTGCTGATACCTGGGGCATGA	4		37XHuman.bam	37XHuman	37XHuman	37XHuman_37XHuman_20:29938465-29938488_70	GGCAGCCGATACCCGGGGCANGG	none
16	49890635	49890658	16:49890635-49890658	68	-	0	GCTGAGCGATGCCCGGGGCACGG	6	GGCTGAGCGATGCCCGGGGCACGG	37XHuman.bam	37XHuman	37XHuman	37XHuman_37XHuman_16:49890635-49890658_68	GGCAGCCGATACCCGGGGCANGG	GGCAGC-CGATACCCGGGGCANGG
1	2403967	2403990	1:2403967-2403990	68	-	0	GGCAGCCGCATCCCAGGGCTAGG	5		37XHuman.bam	37XHuman	37XHuman	37XHuman_37XHuman_1:2403967-2403990_68	GGCAGCCGATACCCGGGGCANGG	none
4	41937402	41937425	4:41937402-41937425	68	+	0	GGAAGCCGGTACCCGGGTCCTGG	4		37XHuman.bam	37XHuman	37XHuman	37XHuman_37XHuman_4:41937402-41937425_68	GGCAGCCGATACCCGGGGCANGG	none
8	5599781	5599804	8:5599781-5599804	68	-	0	GGCAGCCGAGACTCGGGAGACGG	4		37XHuman.bam	37XHuman	37XHuman	37XHuman_37XHuman_8:5599781-5599804_68	GGCAGCCGATACCCGGGGCANGG	none
17	18914382	18914405	17:18914382-18914405	66	+	0	ACCAGGCGATACCTGGGACTTGG	6		37XHuman.bam	37XHuman	37XHuman	37XHuman_37XHuman_17:18914382-18914405_66	GGCAGCCGATACCCGGGGCANGG	none
5	26626667	26626690	5:26626667-26626690	66	+	0	AACTGCCAATACCCAGGTCAGGG	6		37XHuman.bam	37XHuman	37XHuman	37XHuman_37XHuman_5:26626667-26626690_66	GGCAGCCGATACCCGGGGCANGG	none
20	8000482	8000505	20:8000482-8000505	60	-	0	GGTAACCGACACCCCGGGCAACG	5		37XHuman.bam	37XHuman	37XHuman	37XHuman_37XHuman_20:8000482-8000505_60	GGCAGCCGATACCCGGGGCANGG	none
7	150094991	150095013	7:150094991-150095013	60	-	0			GGCGGCCGC-ACTCGGGGCACGG	37XHuman.bam	37XHuman	37XHuman	37XHuman_37XHuman_7:150094991-150095013_60	GGCAGCCGATACCCGGGGCANGG	GGCAGCCGATACCCGGGGCANGG
16	545253	545276	16:545253-545276	58	+	0	AGCAGCCGCCACCCAGGGCCGGG	5		37XHuman.bam	37XHuman	37XHuman	37XHuman_37XHuman_16:545253-545276_58	GGCAGCCGATACCCGGGGCANGG	none
19	55952040	55952063	19:55952040-55952063	58	+	0	GACCGCCGATCCCCGGGGTCAGG	5	GACCGCCGATCCCCGGGGTCAGGG	37XHuman.bam	37XHuman	37XHuman	37XHuman_37XHuman_19:55952040-55952063_58	GGCAGCCGATACCCGGGGCANGG	GGCAGCCGATACCCGGGG-CANGG
17	45005384	45005407	17:45005384-45005407	56	-	0	GGTAGCCGACACCTGAAGCAGGG	5		37XHuman.bam	37XHuman	37XHuman	37XHuman_37XHuman_17:45005384-45005407_56	GGCAGCCGATACCCGGGGCANGG	none
18	11041935	11041957	18:11041935-11041957	56	-	0			GACAGA-GATACCTGGGGCATGG	37XHuman.bam	37XHuman	37XHuman	37XHuman_37XHuman_18:11041935-11041957_56	GGCAGCCGATACCCGGGGCANGG	GGCAGCCGATACCCGGGGCANGG
2	8768067	8768090	2:8768067-8768090	56	+	0	AGCAGCCGGTAGCCGGGGCAAAG	4		37XHuman.bam	37XHuman	37XHuman	37XHuman_37XHuman_2:8768067-8768090_56	GGCAGCCGATACCCGGGGCANGG	none
5	52995291	52995314	5:52995291-52995314	56	+	0	AACAGTCGTTACCAGGGGCAGGG	5		37XHuman.bam	37XHuman	37XHuman	37XHuman_37XHuman_5:52995291-52995314_56	GGCAGCCGATACCCGGGGCANGG	none
6	168386888	168386911	6:168386888-168386911	56	-	0	GGCAGCCGAACCTGGGGGCTTGG	5		37XHuman.bam	37XHuman	37XHuman	37XHuman_37XHuman_6:168386888-168386911_56	GGCAGCCGATACCCGGGGCANGG	none
8	144793293	144793315	8:144793293-144793315	56	-	0			GGCAGCC-AGACCCGGGTCAGGG	37XHuman.bam	37XHuman	37XHuman	37XHuman_37XHuman_8:144793293-144793315_56	GGCAGCCGATACCCGGGGCANGG	GGCAGCCGATACCCGGGGCANGG
20	2127811	2127834	20:2127811-2127834	53	+	0	GGGCAGAGATGCCCGGGGCAGGG	6	GGCAGA-GATGCCCGGGGCAGGG	37XHuman.bam	37XHuman	37XHuman	37XHuman_37XHuman_20:2127811-2127834_53	GGCAGCCGATACCCGGGGCANGG	GGCAGCCGATACCCGGGGCANGG
20	59827920	59827943	20:59827920-59827943	52	+	0	CGTAGCCGCTACCCGGAGCTCGG	5		37XHuman.bam	37XHuman	37XHuman	37XHuman_37XHuman_20:59827920-59827943_52	GGCAGCCGATACCCGGGGCANGG	none
6	135818751	135818774	6:135818751-135818774	50	+	0	CGGAGCCGACACCCGGAGCAGTG	5	GG-AGCCGACACCCGGAGCAGTG	37XHuman.bam	37XHuman	37XHuman	37XHuman_37XHuman_6:135818751-135818774_50	GGCAGCCGATACCCGGGGCANGG	GGCAGCCGATACCCGGGGCANGG
17	77652158	77652180	17:77652158-77652180	46	-	0			AGCAGCC-ATTCCTGGGGCACGG	37XHuman.bam	37XHuman	37XHuman	37XHuman_37XHuman_17:77652158-77652180_46	GGCAGCCGATACCCGGGGCANGG	GGCAGCCGATACCCGGGGCANGG
22	30793474	30793497	22:30793474-30793497	46	+	0	GGCAGCCGGGCCCTGGGGCAGGG	4		37XHuman.bam	37XHuman	37XHuman	37XHuman_37XHuman_22:30793474-30793497_46	GGCAGCCGATACCCGGGGCANGG	none
2	46183118	46183141	2:46183118-46183141	46	-	0	CGCAGCGGTTACCCGGGGCTGAG	5		37XHuman.bam	37XHuman	37XHuman	37XHuman_37XHuman_2:46183118-46183141_46	GGCAGCCGATACCCGGGGCANGG	none
5	87692322	87692345	5:87692322-87692345	46	+	0	GGCATCTGATACTAGGGGCATGG	4		37XHuman.bam	37XHuman	37XHuman	37XHuman_37XHuman_5:87692322-87692345_46	GGCAGCCGATACCCGGGGCANGG	none
2	20345695	20345718	2:20345695-20345718	44	+	0	GACAGCCAAGTCCCAGGGCAAGG	5		37XHuman.bam	37XHuman	37XHuman	37XHuman_37XHuman_2:20345695-20345718_44	GGCAGCCGATACCCGGGGCANGG	none
7	32459239	32459262	7:32459239-32459262	44	-	0	GGGAGCCGAAGCCCAGGGCTAGG	5		37XHuman.bam	37XHuman	37XHuman	37XHuman_37XHuman_7:32459239-32459262_44	GGCAGCCGATACCCGGGGCANGG	none
15	28008804	28008827	15:28008804-28008827	42	+	0	GGCAGCAGATGCCCAGGGCACAG	4		37XHuman.bam	37XHuman	37XHuman	37XHuman_37XHuman_15:28008804-28008827_42	GGCAGCCGATACCCGGGGCANGG	none
16	3515850	3515873	16:3515850-3515873	42	+	0	AGACCCCGATACCCAGGGTAGGG	6		37XHuman.bam	37XHuman	37XHuman	37XHuman_37XHuman_16:3515850-3515873_42	GGCAGCCGATACCCGGGGCANGG	none
X	111466055	111466079	X:111466055-111466079	42	-	0			GTCAGCAGTATACCAGGGGCAGGG	37XHuman.bam	37XHuman	37XHuman	37XHuman_37XHuman_X:111466055-111466079_42	GGCAGCCGATACCCGGGGCANGG	GGCAGCCG-ATACCCGGGGCANGG
12	133199814	133199837	12:133199814-133199837	40	-	0	TGAGGCCGATGCCCGAGGCTGGG	6		37XHuman.bam	37XHuman	37XHuman	37XHuman_37XHuman_12:133199814-133199837_40	GGCAGCCGATACCCGGGGCANGG	none
12	3311857	3311880	12:3311857-3311880	40	-	0	AGCAGCCCACACCCCAGGCAGGG	5		37XHuman.bam	37XHuman	37XHuman	37XHuman_37XHuman_12:3311857-3311880_40	GGCAGCCGATACCCGGGGCANGG	none
22	20194266	20194289	22:20194266-20194289	40	+	0	GGCACACGGTACCCAGGGCAGGG	4		37XHuman.bam	37XHuman	37XHuman	37XHuman_37XHuman_22:20194266-20194289_40	GGCAGCCGATACCCGGGGCANGG	none
4	81105448	81105470	4:81105448-81105470	38	-	0			GGCAGC-GTTCCCCGGGGCGGGG	37XHuman.bam	37XHuman	37XHuman	37XHuman_37XHuman_4:81105448-81105470_38	GGCAGCCGATACCCGGGGCANGG	GGCAGCCGATACCCGGGGCANGG
9	139735673	139735696	9:139735673-139735696	38	-	0	GGCAGCCTGGGCCCGGGGCAGCG	5		37XHuman.bam	37XHuman	37XHuman	37XHuman_37XHuman_9:139735673-139735696_38	GGCAGCCGATACCCGGGGCANGG	none
10	134471307	134471329	10:134471307-134471329	36	-	0			GGCAGC-GAGCCCCAGGGCAGGG	37XHuman.bam	37XHuman	37XHuman	37XHuman_37XHuman_10:134471307-134471329_36	GGCAGCCGATACCCGGGGCANGG	GGCAGCCGATACCCGGGGCANGG
12	6420049	6420072	12:6420049-6420072	36	+	0	GGCGGCCGGGACCCGGGGCCTGG	4		37XHuman.bam	37XHuman	37XHuman	37XHuman_37XHuman_12:6420049-6420072_36	GGCAGCCGATACCCGGGGCANGG	none
4	78339412	78339435	4:78339412-78339435	36	-	0	GGCTACCGATACTCTGGACAAGG	5		37XHuman.bam	37XHuman	37XHuman	37XHuman_37XHuman_4:78339412-78339435_36	GGCAGCCGATACCCGGGGCANGG	none
6	160752874	160752897	6:160752874-160752897	36	-	0	GGTACCTGATACCCGGGACTAGG	5		37XHuman.bam	37XHuman	37XHuman	37XHuman_37XHuman_6:160752874-160752897_36	GGCAGCCGATACCCGGGGCANGG	none
10	102415823	102415846	10:102415823-102415846	34	+	0	GTCCACCGATCCCCAGGGCAGTG	6		37XHuman.bam	37XHuman	37XHuman	37XHuman_37XHuman_10:102415823-102415846_34	GGCAGCCGATACCCGGGGCANGG	none
16	89120761	89120784	16:89120761-89120784	34	+	0	TGGAGCCGACCCCCAGGGCATGG	5	GG-AGCCGACCCCCAGGGCATGG	37XHuman.bam	37XHuman	37XHuman	37XHuman_37XHuman_16:89120761-89120784_34	GGCAGCCGATACCCGGGGCANGG	GGCAGCCGATACCCGGGGCANGG
20	57965702	57965725	20:57965702-57965725	34	-	0	GGCAGCCAATAGCCTGGGGGCAG	6		37XHuman.bam	37XHuman	37XHuman	37XHuman_37XHuman_20:57965702-57965725_34	GGCAGCCGATACCCGGGGCANGG	none
3	13728720	13728743	3:13728720-13728743	34	+	0	GGCAGCCTCTGCCCAGGGCTGGG	5		37XHuman.bam	37XHuman	37XHuman	37XHuman_37XHuman_3:13728720-13728743_34	GGCAGCCGATACCCGGGGCANGG	none
5	92909919	92909942	5:92909919-92909942	34	+	0	AGCAGCCGATATCTGGGGGCTGG	5		37XHuman.bam	37XHuman	37XHuman	37XHuman_37XHuman_5:92909919-92909942_34	GGCAGCCGATACCCGGGGCANGG	none
17	73584779	73584802	17:73584779-73584802	32	+	0	CCACGCAGATACCCGGGGCCGGG	6		37XHuman.bam	37XHuman	37XHuman	37XHuman_37XHuman_17:73584779-73584802_32	GGCAGCCGATACCCGGGGCANGG	none
19	2111254	2111277	19:2111254-2111277	32	-	0	GGCAGCCGCTCCCAGGGGCAGGG	3		37XHuman.bam	37XHuman	37XHuman	37XHuman_37XHuman_19:2111254-2111277_32	GGCAGCCGATACCCGGGGCANGG	none
19	41198736	41198759	19:41198736-41198759	32	-	0	GCATGTCGATACCCGGGGACTGG	6	GGCATGTCGATACCCGGGGACTGG	37XHuman.bam	37XHuman	37XHuman	37XHuman_37XHuman_19:41198736-41198759_32	GGCAGCCGATACCCGGGGCANGG	GGCA-GCCGATACCCGGGGCANGG
5	139058605	139058627	5:139058605-139058627	32	-	0			GGCAGCCCAT-CCCGGGGCAGGG	37XHuman.bam	37XHuman	37XHuman	37XHuman_37XHuman_5:139058605-139058627_32	GGCAGCCGATACCCGGGGCANGG	GGCAGCCGATACCCGGGGCANGG
9	124436692	124436715	9:124436692-124436715	32	-	0	CCCAGCCCACACCCAGGGCAAGG	5		37XHuman.bam	37XHuman	37XHuman	37XHuman_37XHuman_9:124436692-124436715_32	GGCAGCCGATACCCGGGGCANGG	none
11	75152447	75152469	11:75152447-75152469	30	+	0			CACAGCC-ATGCCCGGGGCAAGG	37XHuman.bam	37XHuman	37XHuman	37XHuman_37XHuman_11:75152447-75152469_30	GGCAGCCGATACCCGGGGCANGG	GGCAGCCGATACCCGGGGCANGG
16	65407136	65407159	16:65407136-65407159	30	-	0	GGCAGCTGATAACCAGGGCAGGA	4		37XHuman.bam	37XHuman	37XHuman	37XHuman_37XHuman_16:65407136-65407159_30	GGCAGCCGATACCCGGGGCANGG	none
20	62595411	62595434	20:62595411-62595434	30	+	0	GGCAGCCCCTACCTGGAGCTGGG	5		37XHuman.bam	37XHuman	37XHuman	37XHuman_37XHuman_20:62595411-62595434_30	GGCAGCCGATACCCGGGGCANGG	none
5	141253948	141253971	5:141253948-141253971	30	-	0	GGCAGCCAGGGCCCGGGGAAGGG	5		37XHuman.bam	37XHuman	37XHuman	37XHuman_37XHuman_5:141253948-141253971_30	GGCAGCCGATACCCGGGGCANGG	none
5	170735582	170735605	5:170735582-170735605	30	+	0	CGCGGCCGAAACCCGGGCGGGGG	6		37XHuman.bam	37XHuman	37XHuman	37XHuman_37XHuman_5:170735582-170735605_30	GGCAGCCGATACCCGGGGCANGG	none
5	511724	511747	5:511724-511747	30	+	0	CGTGGCCGAAACCCAGGACACGG	6		37XHuman.bam	37XHuman	37XHuman	37XHuman_37XHuman_5:511724-511747_30	GGCAGCCGATACCCGGGGCANGG	none
16	57660924	57660947	16:57660924-57660947	28	-	0	GTGGGCCAATACCTGGGGCAGGG	5		37XHuman.bam	37XHuman	37XHuman	37XHuman_37XHuman_16:57660924-57660947_28	GGCAGCCGATACCCGGGGCANGG	none
20	24480341	24480363	20:24480341-24480363	28	-	0			AGCAGCCTCTACCCGGG-CAGGG	37XHuman.bam	37XHuman	37XHuman	37XHuman_37XHuman_20:24480341-24480363_28	GGCAGCCGATACCCGGGGCANGG	GGCAGCCGATACCCGGGGCANGG
22	41832508	41832531	22:41832508-41832531	28	-	0	TGCGGCCGATGGCCAGGGCAGCG	6		37XHuman.bam	37XHuman	37XHuman	37XHuman_37XHuman_22:41832508-41832531_28	GGCAGCCGATACCCGGGGCANGG	none
2	129769727	129769750	2:129769727-129769750	28	+	0	GGCTGCAGATACCTGGGGGAGGG	4		37XHuman.bam	37XHuman	37XHuman	37XHuman_37XHuman_2:129769727-129769750_28	GGCAGCCGATACCCGGGGCANGG	none
5	157970972	157970995	5:157970972-157970995	28	-	0	GTTAGCCAATATCCAAGGCAAGG	6		37XHuman.bam	37XHuman	37XHuman	37XHuman_37XHuman_5:157970972-157970995_28	GGCAGCCGATACCCGGGGCANGG	none
9	139294482	139294505	9:139294482-139294505	28	-	0	AGGAGCGGATAGCCGAGGCCCGG	6		37XHuman.bam	37XHuman	37XHuman	37XHuman_37XHuman_9:139294482-139294505_28	GGCAGCCGATACCCGGGGCANGG	none
10	106536990	106537013	10:106536990-106537013	26	+	0	GGAAACCGATACCCAGACAAGGG	6		37XHuman.bam	37XHuman	37XHuman	37XHuman_37XHuman_10:106536990-106537013_26	GGCAGCCGATACCCGGGGCANGG	none
11	79682296	79682319	11:79682296-79682319	26	-	0	CCCAGCCGATTCTCAGGACATGG	6		37XHuman.bam	37XHuman	37XHuman	37XHuman_37XHuman_11:79682296-79682319_26	GGCAGCCGATACCCGGGGCANGG	none
19	34228323	34228346	19:34228323-34228346	26	-	0	GGCAGCCAATACCCAGTGCTAGG	4		37XHuman.bam	37XHuman	37XHuman	37XHuman_37XHuman_19:34228323-34228346_26	GGCAGCCGATACCCGGGGCANGG	none
20	16736525	16736547	20:16736525-16736547	26	+	0			GGCAGCAG-TACCCTGGGCAAGG	37XHuman.bam	37XHuman	37XHuman	37XHuman_37XHuman_20:16736525-16736547_26	GGCAGCCGATACCCGGGGCANGG	GGCAGCCGATACCCGGGGCANGG
20	24872522	24872545	20:24872522-24872545	26	+	0	GGCAGCCGGTACTCGGGATGGGG	5		37XHuman.bam	37XHuman	37XHuman	37XHuman_37XHuman_20:24872522-24872545_26	GGCAGCCGATACCCGGGGCANGG	none
22	45064175	45064198	22:45064175-45064198	26	+	0	GGACCCCGATCCCCGGGACAGGG	5		37XHuman.bam	37XHuman	37XHuman	37XHuman_37XHuman_22:45064175-45064198_26	GGCAGCCGATACCCGGGGCANGG	none
2	30733275	30733298	2:30733275-30733298	26	-	0	AGCAGCCAATACCAGGAGCAAGA	5		37XHuman.bam	37XHuman	37XHuman	37XHuman_37XHuman_2:30733275-30733298_26	GGCAGCCGATACCCGGGGCANGG	none
9	129444570	129444593	9:129444570-129444593	26	-	0	TCCAGCCGACACCTGGGGGATGG	5		37XHuman.bam	37XHuman	37XHuman	37XHuman_37XHuman_9:129444570-129444593_26	GGCAGCCGATACCCGGGGCANGG	none
9	130154394	130154417	9:130154394-130154417	26	+	0	TCCAGCCCACACCTGGGGCAGGG	5		37XHuman.bam	37XHuman	37XHuman	37XHuman_37XHuman_9:130154394-130154417_26	GGCAGCCGATACCCGGGGCANGG	none
X	100060151	100060174	X:100060151-100060174	26	+	0	AACAACAGATACCCAGGCCAAGG	6		37XHuman.bam	37XHuman	37XHuman	37XHuman_37XHuman_X:100060151-100060174_26	GGCAGCCGATACCCGGGGCANGG	none
X	153132446	153132469	X:153132446-153132469	26	+	0	AGCAACAGACACCCAGGTCATGG	6		37XHuman.bam	37XHuman	37XHuman	37XHuman_37XHuman_X:153132446-153132469_26	GGCAGCCGATACCCGGGGCANGG	none
1	203854621	203854644	1:203854621-203854644	25	-	0	AACAGCAGTTACCAGGGGCAGGG	5		37XHuman.bam	37XHuman	37XHuman	37XHuman_37XHuman_1:203854621-203854644_25	GGCAGCCGATACCCGGGGCANGG	none
20	4091660	4091683	20:4091660-4091683	24	-	0	AGCAGCTGGCACCTGGGGCAGGG	5		37XHuman.bam	37XHuman	37XHuman	37XHuman_37XHuman_20:4091660-4091683_24	GGCAGCCGATACCCGGGGCANGG	none
2	233847773	233847795	2:233847773-233847795	24	-	0			GGCAGCC-ATCCCCAGGGCAGGG	37XHuman.bam	37XHuman	37XHuman	37XHuman_37XHuman_2:233847773-233847795_24	GGCAGCCGATACCCGGGGCANGG	GGCAGCCGATACCCGGGGCANGG
4	83117879	83117902	4:83117879-83117902	24	-	0	TGTAGCCGACACCTGGGCCAAGG	5		37XHuman.bam	37XHuman	37XHuman	37XHuman_37XHuman_4:83117879-83117902_24	GGCAGCCGATACCCGGGGCANGG	none
5	83382650	83382673	5:83382650-83382673	24	-	0	GACAGAGGATACCTGGGGCCCTG	6		37XHuman.bam	37XHuman	37XHuman	37XHuman_37XHuman_5:83382650-83382673_24	GGCAGCCGATACCCGGGGCANGG	none
7	100849770	100849793	7:100849770-100849793	24	+	0	GCAGGCAGATACACGGGGCAGGG	5	AGCAGGCAGATACACGGGGCAGGG	37XHuman.bam	37XHuman	37XHuman	37XHuman_37XHuman_7:100849770-100849793_24	GGCAGCCGATACCCGGGGCANGG	GGCAGCC-GATACCCGGGGCANGG
10	22872310	22872333	10:22872310-22872333	22	+	0	AGTAGCCTATGCCTGGGGCTGGG	6		37XHuman.bam	37XHuman	37XHuman	37XHuman_37XHuman_10:22872310-22872333_22	GGCAGCCGATACCCGGGGCANGG	none
10	73422516	73422539	10:73422516-73422539	22	-	0	TACAGGCGATACCCAGGGAAGGG	5		37XHuman.bam	37XHuman	37XHuman	37XHuman_37XHuman_10:73422516-73422539_22	GGCAGCCGATACCCGGGGCANGG	none
11	56099457	56099479	11:56099457-56099479	22	+	0			AGCAGCTG-TACCCGGGTCAGGG	37XHuman.bam	37XHuman	37XHuman	37XHuman_37XHuman_11:56099457-56099479_22	GGCAGCCGATACCCGGGGCANGG	GGCAGCCGATACCCGGGGCANGG
17	47799818	47799841	17:47799818-47799841	22	+	0	AGAAGCCGCTACCCTAGGCAGGG	5		37XHuman.bam	37XHuman	37XHuman	37XHuman_37XHuman_17:47799818-47799841_22	GGCAGCCGATACCCGGGGCANGG	none
17	48755529	48755552	17:48755529-48755552	22	+	0	AGCAGCCTGAACCCGGGGCTGGT	6		37XHuman.bam	37XHuman	37XHuman	37XHuman_37XHuman_17:48755529-48755552_22	GGCAGCCGATACCCGGGGCANGG	none
9	138971932	138971954	9:138971932-138971954	22	-	0			GGCAGCC-ACGCCCGGGGTAGGG	37XHuman.bam	37XHuman	37XHuman	37XHuman_37XHuman_9:138971932-138971954_22	GGCAGCCGATACCCGGGGCANGG	GGCAGCCGATACCCGGGGCANGG
11	112834274	112834297	11:112834274-112834297	20	-	0	GGCAGCGGAGACCCAGGGCCAGG	4		37XHuman.bam	37XHuman	37XHuman	37XHuman_37XHuman_11:112834274-112834297_20	GGCAGCCGATACCCGGGGCANGG	none
16	5657249	5657272	16:5657249-5657272	20	+	0	CAAAGCTGATACTCGGGGCAGTG	6		37XHuman.bam	37XHuman	37XHuman	37XHuman_37XHuman_16:5657249-5657272_20	GGCAGCCGATACCCGGGGCANGG	none
1	31769173	31769196	1:31769173-31769196	20	+	0	GGATGCTTAAACCCGGGTCAGGG	6		37XHuman.bam	37XHuman	37XHuman	37XHuman_37XHuman_1:31769173-31769196_20	GGCAGCCGATACCCGGGGCANGG	none
1	48672406	48672429	1:48672406-48672429	20	-	0	GGCAGCTAATACTAGAGACATGG	6		37XHuman.bam	37XHuman	37XHuman	37XHuman_37XHuman_1:48672406-48672429_20	GGCAGCCGATACCCGGGGCANGG	none
3	128409247	128409270	3:128409247-128409270	20	-	0	TCCTGCCGATACCTAGGGCAAAG	6		37XHuman.bam	37XHuman	37XHuman	37XHuman_37XHuman_3:128409247-128409270_20	GGCAGCCGATACCCGGGGCANGG	none
6	159654239	159654262	6:159654239-159654262	20	+	0	GGCAGCCCATCTCCCGGGGCTGG	6	GGCAGCCCATCTCCCGGGGCTGGG	37XHuman.bam	37XHuman	37XHuman	37XHuman_37XHuman_6:159654239-159654262_20	GGCAGCCGATACCCGGGGCANGG	GGCAGCCGATA-CCCGGGGCANGG
10	5567865	5567888	10:5567865-5567888	18	+	0	GGCACCCAATGCCCAGGCCAGGG	5		37XHuman.bam	37XHuman	37XHuman	37XHuman_37XHuman_10:5567865-5567888_18	GGCAGCCGATACCCGGGGCANGG	none
11	260446	260469	11:260446-260469	18	-	0	GGAACCCAATACCCAGAGCTGGG	6		37XHuman.bam	37XHuman	37XHuman	37XHuman_37XHuman_11:260446-260469_18	GGCAGCCGATACCCGGGGCANGG	none
1	145139432	145139455	1:145139432-145139455	18	-	0	AGCAGCCGGTACCCAGACCAGTG	6		37XHuman.bam	37XHuman	37XHuman	37XHuman_37XHuman_1:145139432-145139455_18	GGCAGCCGATACCCGGGGCANGG	none
1	22971789	22971812	1:22971789-22971812	18	-	nan	GCCATCAGCTACCCTGGGCAGGG	5		37XHuman.bam	37XHuman	37XHuman	37XHuman_37XHuman_1:22971789-22971812_18	GGCAGCCGATACCCGGGGCANGG	none
20	3154296	3154319	20:3154296-3154319	18	+	0	GGCAGCCAATGCCCGGGCTGGGG	5	GGCAGCCAATGCCCGGG-CTGGG	37XHuman.bam	37XHuman	37XHuman	37XHuman_37XHuman_20:3154296-3154319_18	GGCAGCCGATACCCGGGGCANGG	GGCAGCCGATACCCGGGGCANGG
5	54523389	54523412	5:54523389-54523412	18	-	0	GGAAGACGGTACCCAGGGCGAGG	5		37XHuman.bam	37XHuman	37XHuman	37XHuman_37XHuman_5:54523389-54523412_18	GGCAGCCGATACCCGGGGCANGG	none
10	87388738	87388761	10:87388738-87388761	16	+	0	GGCGGCCCATGACCTGGGCAGGA	6		37XHuman.bam	37XHuman	37XHuman	37XHuman_37XHuman_10:87388738-87388761_16	GGCAGCCGATACCCGGGGCANGG	none
12	124511582	124511605	12:124511582-124511605	16	+	0	GGCAGCCGAGCCCCAGGGAAGGG	4		37XHuman.bam	37XHuman	37XHuman	37XHuman_37XHuman_12:124511582-124511605_16	GGCAGCCGATACCCGGGGCANGG	none
13	65536690	65536713	13:65536690-65536713	16	-	0	GGCAGCTGGTAACCAGGGCTGGG	5		37XHuman.bam	37XHuman	37XHuman	37XHuman_37XHuman_13:65536690-65536713_16	GGCAGCCGATACCCGGGGCANGG	none
16	31075422	31075444	16:31075422-31075444	16	+	0			GGCGGCCGC-ACTCGGGGCACGG	37XHuman.bam	37XHuman	37XHuman	37XHuman_37XHuman_16:31075422-31075444_16	GGCAGCCGATACCCGGGGCANGG	GGCAGCCGATACCCGGGGCANGG
19	18536048	18536071	19:18536048-18536071	16	-	0	GGTACCCCACACCCAGGGCACGG	5		37XHuman.bam	37XHuman	37XHuman	37XHuman_37XHuman_19:18536048-18536071_16	GGCAGCCGATACCCGGGGCANGG	none
1	115300494	115300517	1:115300494-115300517	16	-	0	GGTAGCAGAAACCCAGGGGAAGG	5		37XHuman.bam	37XHuman	37XHuman	37XHuman_37XHuman_1:115300494-115300517_16	GGCAGCCGATACCCGGGGCANGG	none
1	119549578	119549601	1:119549578-119549601	16	+	0	GGCAGCCGCCGCTCGGAGCAAGG	5		37XHuman.bam	37XHuman	37XHuman	37XHuman_37XHuman_1:119549578-119549601_16	GGCAGCCGATACCCGGGGCANGG	none
1	34586954	34586977	1:34586954-34586977	16	-	0	AGCAGAAGAGACCCGGGACAGGG	5		37XHuman.bam	37XHuman	37XHuman	37XHuman_37XHuman_1:34586954-34586977_16	GGCAGCCGATACCCGGGGCANGG	none
2	234382215	234382238	2:234382215-234382238	16	+	0	GGCACCAGATGCCCGGGCAGGGG	6	GGCACCAGATGCCCGGG-CAGGG	37XHuman.bam	37XHuman	37XHuman	37XHuman_37XHuman_2:234382215-234382238_6	GGCAGCCGATACCCGGGGCANGG	GGCAGCCGATACCCGGGGCANGG
3	124860321	124860345	3:124860321-124860345	16	-	0			AGCAGCCGCCTACCCAGGGCAAGG	37XHuman.bam	37XHuman	37XHuman	37XHuman_37XHuman_3:124860321-124860345_16	GGCAGCCGATACCCGGGGCANGG	GGCAGCCGA-TACCCGGGGCANGG
5	175085128	175085151	5:175085128-175085151	16	+	0	CGGAGCCAATACCCGCGGCAGCA	6		37XHuman.bam	37XHuman	37XHuman	37XHuman_37XHuman_5:175085128-175085151_16	GGCAGCCGATACCCGGGGCANGG	none
7	6687883	6687906	7:6687883-6687906	16	+	0	GGCAGCCTGCCCCCGGGGCACAG	5		37XHuman.bam	37XHuman	37XHuman	37XHuman_37XHuman_7:6687883-6687906_16	GGCAGCCGATACCCGGGGCANGG	none
8	95960762	95960785	8:95960762-95960785	16	+	0	GGGGGCCGGTGGCCGGGTCACGG	6		37XHuman.bam	37XHuman	37XHuman	37XHuman_37XHuman_8:95960762-95960785_16	GGCAGCCGATACCCGGGGCANGG	none
9	38278616	38278639	9:38278616-38278639	16	+	0	GGCAGCCTGCACTTGGGGCAGGG	5		37XHuman.bam	37XHuman	37XHuman	37XHuman_37XHuman_9:38278616-38278639_16	GGCAGCCGATACCCGGGGCANGG	none
11	63998111	63998134	11:63998111-63998134	14	+	0	GGCTGCGGATGCCCGGGTCAGAG	5		37XHuman.bam	37XHuman	37XHuman	37XHuman_37XHuman_11:63998111-63998134_14	GGCAGCCGATACCCGGGGCANGG	none
12	109702819	109702842	12:109702819-109702842	14	-	nan	GACAGTGGCTGCCCGGGGCTGGG	6		37XHuman.bam	37XHuman	37XHuman	37XHuman_37XHuman_12:109702819-109702842_14	GGCAGCCGATACCCGGGGCANGG	none
12	128641720	128641743	12:128641720-128641743	14	+	0	GTAAGACAATACCCAGGCCAGGG	6		37XHuman.bam	37XHuman	37XHuman	37XHuman_37XHuman_12:128641720-128641743_14	GGCAGCCGATACCCGGGGCANGG	none
17	57592	57616	17:57592-57616	14	-	0			GGCAGCCTGGTACCCGGGGCACAG	37XHuman.bam	37XHuman	37XHuman	37XHuman_37XHuman_17:57592-57616_14	GGCAGCCGATACCCGGGGCANGG	GGCAGCC-GATACCCGGGGCANGG
17	76350060	76350083	17:76350060-76350083	14	-	0	GGAAACCGAGACCCAGAGAAGGG	6		37XHuman.bam	37XHuman	37XHuman	37XHuman_37XHuman_17:76350060-76350083_14	GGCAGCCGATACCCGGGGCANGG	none
19	17650364	17650387	19:17650364-17650387	14	-	0	CAAAGCCGAGACACGGGGCGGGG	6		37XHuman.bam	37XHuman	37XHuman	37XHuman_37XHuman_19:17650364-17650387_14	GGCAGCCGATACCCGGGGCANGG	none
1	2725055	2725078	1:2725055-2725078	14	+	0	GGCAGTCAACACCCGGGGGCCTG	6		37XHuman.bam	37XHuman	37XHuman	37XHuman_37XHuman_1:2725055-2725078_14	GGCAGCCGATACCCGGGGCANGG	none
1	48187111	48187134	1:48187111-48187134	14	+	0	TGCAGCCTGTACCCAGGGCAGAG	5		37XHuman.bam	37XHuman	37XHuman	37XHuman_37XHuman_1:48187111-48187134_14	GGCAGCCGATACCCGGGGCANGG	none
2	109527390	109527413	2:109527390-109527413	14	+	0	GGGGGCCGTCACCTGGGGCAGAG	6		37XHuman.bam	37XHuman	37XHuman	37XHuman_37XHuman_2:109527390-109527413_14	GGCAGCCGATACCCGGGGCANGG	none
2	119604006	119604029	2:119604006-119604029	14	-	0	GGCACCAAATACCCGGAGCACGG	4		37XHuman.bam	37XHuman	37XHuman	37XHuman_37XHuman_2:119604006-119604029_14	GGCAGCCGATACCCGGGGCANGG	none
3	133970976	133970999	3:133970976-133970999	14	-	0	AGCAGCTGCTCCCCGAGGCACGG	5		37XHuman.bam	37XHuman	37XHuman	37XHuman_37XHuman_3:133970976-133970999_14	GGCAGCCGATACCCGGGGCANGG	none
3	138211422	138211445	3:138211422-138211445	14	+	0	GGCAGTGGGCACCCAGGGCAGGG	5		37XHuman.bam	37XHuman	37XHuman	37XHuman_37XHuman_3:138211422-138211445_14	GGCAGCCGATACCCGGGGCANGG	none
3	58628979	58629002	3:58628979-58629002	14	-	0	GGCAGCAGCTACTGTGGGCCAGG	6		37XHuman.bam	37XHuman	37XHuman	37XHuman_37XHuman_3:58628979-58629002_14	GGCAGCCGATACCCGGGGCANGG	none
4	2066204	2066227	4:2066204-2066227	14	+	0	TGCAGCAGATCCCGGGGCCAGGC	6	TGCAGCAGAT-CCCGGGGCCAGG	37XHuman.bam	37XHuman	37XHuman	37XHuman_37XHuman_4:2066204-2066227_14	GGCAGCCGATACCCGGGGCANGG	GGCAGCCGATACCCGGGGCANGG
5	16678955	16678978	5:16678955-16678978	14	-	0	GCAGGCAGATTCCCAGGGCAAGG	6		37XHuman.bam	37XHuman	37XHuman	37XHuman_37XHuman_5:16678955-16678978_14	GGCAGCCGATACCCGGGGCANGG	none
6	16760634	16760657	6:16760634-16760657	14	-	0	GGCAGCCGCCGCCCGGAGCCGGG	5		37XHuman.bam	37XHuman	37XHuman	37XHuman_37XHuman_6:16760634-16760657_14	GGCAGCCGATACCCGGGGCANGG	none
8	22445929	22445952	8:22445929-22445952	14	-	0	GTGGGCCGATGCCCAGGGCCAGG	6		37XHuman.bam	37XHuman	37XHuman	37XHuman_37XHuman_8:22445929-22445952_14	GGCAGCCGATACCCGGGGCANGG	none
8	37962551	37962574	8:37962551-37962574	14	-	0	GGAGGCCGATTCCAGGGGCGAGG	5		37XHuman.bam	37XHuman	37XHuman	37XHuman_37XHuman_8:37962551-37962574_14	GGCAGCCGATACCCGGGGCANGG	none
11	1478045	1478068	11:1478045-1478068	12	-	0	TGCAGCCACAGCTCGGGGCAGGG	6		37XHuman.bam	37XHuman	37XHuman	37XHuman_37XHuman_11:1478045-1478068_12	GGCAGCCGATACCCGGGGCANGG	none
12	111201640	111201664	12:111201640-111201664	12	+	0			GACAGCCAGATCCCAGGGGCATGG	37XHuman.bam	37XHuman	37XHuman	37XHuman_37XHuman_12:111201640-111201664_12	GGCAGCCGATACCCGGGGCANGG	GGCAGCC-GATACCCGGGGCANGG
12	133264606	133264629	12:133264606-133264629	12	+	0	GCCCGCCCAGACCCGGGGGTCGG	6		37XHuman.bam	37XHuman	37XHuman	37XHuman_37XHuman_12:133264606-133264629_12	GGCAGCCGATACCCGGGGCANGG	none
14	102706662	102706685	14:102706662-102706685	12	+	0	TGGTGCCGAAACCCGGGACAGGA	6		37XHuman.bam	37XHuman	37XHuman	37XHuman_37XHuman_14:102706662-102706685_12	GGCAGCCGATACCCGGGGCANGG	none
14	70390455	70390478	14:70390455-70390478	12	+	0	TGCAGACAGTACCCAAGGCAGGG	6		37XHuman.bam	37XHuman	37XHuman	37XHuman_37XHuman_14:70390455-70390478_12	GGCAGCCGATACCCGGGGCANGG	none
15	40628799	40628821	15:40628799-40628821	12	-	0			GGCAGCAAAG-CCCGGGGCAAGG	37XHuman.bam	37XHuman	37XHuman	37XHuman_37XHuman_15:40628799-40628821_12	GGCAGCCGATACCCGGGGCANGG	GGCAGCCGATACCCGGGGCANGG
16	73956168	73956191	16:73956168-73956191	12	+	0	GGAAGCAAATACCTGAGTCAGGG	6		37XHuman.bam	37XHuman	37XHuman	37XHuman_37XHuman_16:73956168-73956191_12	GGCAGCCGATACCCGGGGCANGG	none
19	58786342	58786365	19:58786342-58786365	12	+	0	GACAGCCAAAACCCTGGTCAGGG	5		37XHuman.bam	37XHuman	37XHuman	37XHuman_37XHuman_19:58786342-58786365_12	GGCAGCCGATACCCGGGGCANGG	none
1	40174483	40174506	1:40174483-40174506	12	-	0	CCCAGCCGAGGCCCTGGGCATGG	5		37XHuman.bam	37XHuman	37XHuman	37XHuman_37XHuman_1:40174483-40174506_12	GGCAGCCGATACCCGGGGCANGG	none
20	18936509	18936532	20:18936509-18936532	12	-	0	AGCAGCCTAGACCCAGACCATGG	6		37XHuman.bam	37XHuman	37XHuman	37XHuman_37XHuman_20:18936509-18936532_12	GGCAGCCGATACCCGGGGCANGG	none
20	59616734	59616757	20:59616734-59616757	12	+	0	GGCAGCCAGAACCCAGGGAAGGG	5		37XHuman.bam	37XHuman	37XHuman	37XHuman_37XHuman_20:59616734-59616757_12	GGCAGCCGATACCCGGGGCANGG	none
3	64018269	64018292	3:64018269-64018292	12	+	0	AACAGAGGATACCAGGGGCTGGG	6		37XHuman.bam	37XHuman	37XHuman	37XHuman_37XHuman_3:64018269-64018292_12	GGCAGCCGATACCCGGGGCANGG	none
5	172661247	172661270	5:172661247-172661270	12	+	0	GGCACCAGAAACCCGGGTCGTGG	5		37XHuman.bam	37XHuman	37XHuman	37XHuman_37XHuman_5:172661247-172661270_12	GGCAGCCGATACCCGGGGCANGG	none
9	87702686	87702709	9:87702686-87702709	12	+	0	GGCAGTAGATTCCCAGGGCATGA	5		37XHuman.bam	37XHuman	37XHuman	37XHuman_37XHuman_9:87702686-87702709_12	GGCAGCCGATACCCGGGGCANGG	none
10	34594182	34594205	10:34594182-34594205	10	-	0	CCCAGCCCATACCTGGGGCCTGG	5		37XHuman.bam	37XHuman	37XHuman	37XHuman_37XHuman_10:34594182-34594205_10	GGCAGCCGATACCCGGGGCANGG	none
10	5916746	5916769	10:5916746-5916769	10	+	0	TGTAGCTGAAACCCGAGGCATGG	5		37XHuman.bam	37XHuman	37XHuman	37XHuman_37XHuman_10:5916746-5916769_10	GGCAGCCGATACCCGGGGCANGG	none
11	123065862	123065885	11:123065862-123065885	10	+	0	GGGAGCCGGGACCAGGGTCAGGG	5		37XHuman.bam	37XHuman	37XHuman	37XHuman_37XHuman_11:123065862-123065885_10	GGCAGCCGATACCCGGGGCANGG	none
13	72703758	72703782	13:72703758-72703782	10	-	0			GGCACCCTGATACCCGAGCCAGGG	37XHuman.bam	37XHuman	37XHuman	37XHuman_37XHuman_13:72703758-72703782_10	GGCAGCCGATACCCGGGGCANGG	GGCAGCC-GATACCCGGGGCANGG
15	74617722	74617745	15:74617722-74617745	10	-	0	AGCAGGTGTTACCCGGGGTAGGG	5		37XHuman.bam	37XHuman	37XHuman	37XHuman_37XHuman_15:74617722-74617745_10	GGCAGCCGATACCCGGGGCANGG	none
15	91537330	91537353	15:91537330-91537353	10	-	0	GGTAGTCGAGGCCCGGGGCCCGG	5		37XHuman.bam	37XHuman	37XHuman	37XHuman_37XHuman_15:91537330-91537353_10	GGCAGCCGATACCCGGGGCANGG	none
15	97509029	97509052	15:97509029-97509052	10	-	0	AGCATCCAATACCCAGGGCTGTG	6		37XHuman.bam	37XHuman	37XHuman	37XHuman_37XHuman_15:97509029-97509052_10	GGCAGCCGATACCCGGGGCANGG	none
17	79046795	79046818	17:79046795-79046818	10	-	0	GGCACCCAATACCCAGGGCTGTG	5		37XHuman.bam	37XHuman	37XHuman	37XHuman_37XHuman_17:79046795-79046818_10	GGCAGCCGATACCCGGGGCANGG	none
17	79497299	79497321	17:79497299-79497321	10	+	0			GGCAGCTT-TACCCGGGGCCTGG	37XHuman.bam	37XHuman	37XHuman	37XHuman_37XHuman_17:79497299-79497321_10	GGCAGCCGATACCCGGGGCANGG	GGCAGCCGATACCCGGGGCANGG
1	28864263	28864286	1:28864263-28864286	10	-	0	AGCAGGAGAAACCTGGGACATGG	6		37XHuman.bam	37XHuman	37XHuman	37XHuman_37XHuman_1:28864263-28864286_10	GGCAGCCGATACCCGGGGCANGG	none
1	42078712	42078735	1:42078712-42078735	10	+	0	GGCAGAGGATTCCCTGGGCAGGG	4		37XHuman.bam	37XHuman	37XHuman	37XHuman_37XHuman_1:42078712-42078735_10	GGCAGCCGATACCCGGGGCANGG	none
1	45476670	45476693	1:45476670-45476693	10	+	0	CGGAGCCGGTACCGGGGGCTGGG	5	GG-AGCCGGTACCGGGGGCTGGG	37XHuman.bam	37XHuman	37XHuman	37XHuman_37XHuman_1:45476670-45476693_10	GGCAGCCGATACCCGGGGCANGG	GGCAGCCGATACCCGGGGCANGG
20	16068292	16068315	20:16068292-16068315	10	+	0	AGCAGATGATACCAGAGGCTGGG	6		37XHuman.bam	37XHuman	37XHuman	37XHuman_37XHuman_20:16068292-16068315_10	GGCAGCCGATACCCGGGGCANGG	none
20	21111813	21111836	20:21111813-21111836	10	-	0	GGCAGCCAAAACCAGGGGGCTGG	5		37XHuman.bam	37XHuman	37XHuman	37XHuman_37XHuman_20:21111813-21111836_10	GGCAGCCGATACCCGGGGCANGG	none
20	60625036	60625059	20:60625036-60625059	10	+	0	AGCAGCCTGTCCCCAAGGCAGGG	6		37XHuman.bam	37XHuman	37XHuman	37XHuman_37XHuman_20:60625036-60625059_10	GGCAGCCGATACCCGGGGCANGG	none
2	10218615	10218638	2:10218615-10218638	10	-	0	GGCAGCTGGTGCCCAGGGCATGG	4		37XHuman.bam	37XHuman	37XHuman	37XHuman_37XHuman_2:10218615-10218638_10	GGCAGCCGATACCCGGGGCANGG	none
7	1425190	1425213	7:1425190-1425213	10	-	0	CACAGGTGATACCCGGGGCTGGG	5		37XHuman.bam	37XHuman	37XHuman	37XHuman_37XHuman_7:1425190-1425213_10	GGCAGCCGATACCCGGGGCANGG	none
7	38475859	38475882	7:38475859-38475882	10	+	0	AGCACCTGATACCTGAGACATGG	6		37XHuman.bam	37XHuman	37XHuman	37XHuman_37XHuman_7:38475859-38475882_10	GGCAGCCGATACCCGGGGCANGG	none
8	139792959	139792982	8:139792959-139792982	10	+	0	GGCAGGCGATACCCGGGGGGCAA	5		37XHuman.bam	37XHuman	37XHuman	37XHuman_37XHuman_8:139792959-139792982_10	GGCAGCCGATACCCGGGGCANGG	none
8	141624938	141624961	8:141624938-141624961	10	-	0	AGCAGCAGTTACCGAGGGCACGG	5		37XHuman.bam	37XHuman	37XHuman	37XHuman_37XHuman_8:141624938-141624961_10	GGCAGCCGATACCCGGGGCANGG	none
9	132484364	132484387	9:132484364-132484387	10	-	0	GGCAGCCTTCACCCAGGACTGGG	6		37XHuman.bam	37XHuman	37XHuman	37XHuman_37XHuman_9:132484364-132484387_10	GGCAGCCGATACCCGGGGCANGG	none
10	134019429	134019452	10:134019429-134019452	8	+	0	GGCAGCCAACATCCAGGGCGGGG	5		37XHuman.bam	37XHuman	37XHuman	37XHuman_37XHuman_10:134019429-134019452_8	GGCAGCCGATACCCGGGGCANGG	none
11	19139082	19139105	11:19139082-19139105	8	+	0	TGGGGCCGGTACCCGGAGCCCGG	6		37XHuman.bam	37XHuman	37XHuman	37XHuman_37XHuman_11:19139082-19139105_8	GGCAGCCGATACCCGGGGCANGG	none
11	46340850	46340873	11:46340850-46340873	8	+	0	GGCAGCAGATCCCAGGGCCAGGC	5	GGCAGCAGAT-CCCAGGGCCAGG	37XHuman.bam	37XHuman	37XHuman	37XHuman_37XHuman_11:46340850-46340873_8	GGCAGCCGATACCCGGGGCANGG	GGCAGCCGATACCCGGGGCANGG
12	120638729	120638752	12:120638729-120638752	8	-	0	GACGGCCGCTGCCCTAGGCAGGG	6		37XHuman.bam	37XHuman	37XHuman	37XHuman_37XHuman_12:120638729-120638752_8	GGCAGCCGATACCCGGGGCANGG	none
12	125102406	125102429	12:125102406-125102429	8	+	nan	GGCGGCAGAAACACAGTGCACGG	6		37XHuman.bam	37XHuman	37XHuman	37XHuman_37XHuman_12:125102406-125102429_8	GGCAGCCGATACCCGGGGCANGG	none
14	58016960	58016983	14:58016960-58016983	8	-	0	TGCAGCCCACACTCAAGGCAGGG	6		37XHuman.bam	37XHuman	37XHuman	37XHuman_37XHuman_14:58016960-58016983_8	GGCAGCCGATACCCGGGGCANGG	none
14	65427872	65427895	14:65427872-65427895	8	+	0	GACACCCAATCCCCAGGGCCAGG	6		37XHuman.bam	37XHuman	37XHuman	37XHuman_37XHuman_14:65427872-65427895_8	GGCAGCCGATACCCGGGGCANGG	none
14	80867987	80868010	14:80867987-80868010	8	+	0	GGCAGAATATACCTGAGACATGG	6		37XHuman.bam	37XHuman	37XHuman	37XHuman_37XHuman_14:80867987-80868010_8	GGCAGCCGATACCCGGGGCANGG	none
14	99830726	99830749	14:99830726-99830749	8	+	0	TGGGGCTGATACCTGGGGCAAAG	6		37XHuman.bam	37XHuman	37XHuman	37XHuman_37XHuman_14:99830726-99830749_8	GGCAGCCGATACCCGGGGCANGG	none
16	4368198	4368221	16:4368198-4368221	8	-	0	GGCAGGAGACTCCCAGGCCAGGG	6		37XHuman.bam	37XHuman	37XHuman	37XHuman_37XHuman_16:4368198-4368221_8	GGCAGCCGATACCCGGGGCANGG	none
16	67960643	67960666	16:67960643-67960666	8	-	0	GGCAGGCGATCCCGGGACCAGGA	6	GGCAGGCGAT-CCCGGGACCAGG	37XHuman.bam	37XHuman	37XHuman	37XHuman_37XHuman_16:67960643-67960666_8	GGCAGCCGATACCCGGGGCANGG	GGCAGCCGATACCCGGGGCANGG
16	85661919	85661941	16:85661919-85661941	8	+	0			TGCAGCTGACACC-GGGGCAGGG	37XHuman.bam	37XHuman	37XHuman	37XHuman_37XHuman_16:85661919-85661941_8	GGCAGCCGATACCCGGGGCANGG	GGCAGCCGATACCCGGGGCANGG
18	71808980	71809003	18:71808980-71809003	8	-	0	GCCAGCTGATGCCTAGGGCAAGG	5		37XHuman.bam	37XHuman	37XHuman	37XHuman_37XHuman_18:71808980-71809003_8	GGCAGCCGATACCCGGGGCANGG	none
19	12992056	12992079	19:12992056-12992079	8	+	0	CGCAGCCGGACCCCGGGGCGATG	6		37XHuman.bam	37XHuman	37XHuman	37XHuman_37XHuman_19:12992056-12992079_8	GGCAGCCGATACCCGGGGCANGG	none
1	204168806	204168829	1:204168806-204168829	8	-	0	GGCCCAGGACACCCGGGGCAGGT	6		37XHuman.bam	37XHuman	37XHuman	37XHuman_37XHuman_1:204168806-204168829_8	GGCAGCCGATACCCGGGGCANGG	none
1	223289072	223289095	1:223289072-223289095	8	-	0	AGCAGCCACCACCCGAGCCATGG	6		37XHuman.bam	37XHuman	37XHuman	37XHuman_37XHuman_1:223289072-223289095_8	GGCAGCCGATACCCGGGGCANGG	none
1	5721662	5721685	1:5721662-5721685	8	-	0	AGCAGCCTTGGCCCGGGGCCAGG	6		37XHuman.bam	37XHuman	37XHuman	37XHuman_37XHuman_1:5721662-5721685_8	GGCAGCCGATACCCGGGGCANGG	none
1	88468292	88468315	1:88468292-88468315	8	-	0	GGCAGTCAGAACCCAGGGCAAGT	6		37XHuman.bam	37XHuman	37XHuman	37XHuman_37XHuman_1:88468292-88468315_8	GGCAGCCGATACCCGGGGCANGG	none
20	48653583	48653606	20:48653583-48653606	8	-	0	GCCAGTCGTTACCCGAGGCAGAG	5		37XHuman.bam	37XHuman	37XHuman	37XHuman_37XHuman_20:48653583-48653606_8	GGCAGCCGATACCCGGGGCANGG	none
20	60757960	60757983	20:60757960-60757983	8	+	nan	TGCTTCCGCTACCAGGGACAAGG	6		37XHuman.bam	37XHuman	37XHuman	37XHuman_37XHuman_20:60757960-60757983_8	GGCAGCCGATACCCGGGGCANGG	none
22	30662079	30662102	22:30662079-30662102	8	-	0	GGCAGCAGATACCTGGGGAGGCG	5	GGCAGCAGATACCTGGGG-AGGC	37XHuman.bam	37XHuman	37XHuman	37XHuman_37XHuman_22:30662079-30662102_8	GGCAGCCGATACCCGGGGCANGG	GGCAGCCGATACCCGGGGCANGG
22	46992966	46992989	22:46992966-46992989	8	-	0	GGCCGCCGATTCCCAGGGGAGGG	4		37XHuman.bam	37XHuman	37XHuman	37XHuman_37XHuman_22:46992966-46992989_8	GGCAGCCGATACCCGGGGCANGG	none
22	48014209	48014232	22:48014209-48014232	8	-	0	AGCAGCCGAGCTCCAGGGCGGGG	6		37XHuman.bam	37XHuman	37XHuman	37XHuman_37XHuman_22:48014209-48014232_8	GGCAGCCGATACCCGGGGCANGG	none
2	31459615	31459638	2:31459615-31459638	8	-	0	TATAGCCGAGACCCTGGGCAAGG	5		37XHuman.bam	37XHuman	37XHuman	37XHuman_37XHuman_2:31459615-31459638_8	GGCAGCCGATACCCGGGGCANGG	none
2	42092207	42092230	2:42092207-42092230	8	-	0	GGCAGCTGCTGCCCAGGGCAGCG	5		37XHuman.bam	37XHuman	37XHuman	37XHuman_37XHuman_2:42092207-42092230_8	GGCAGCCGATACCCGGGGCANGG	none
3	134658539	134658562	3:134658539-134658562	8	-	0	GGCAGCAGATGCTCAGGGCTGGG	5		37XHuman.bam	37XHuman	37XHuman	37XHuman_37XHuman_3:134658539-134658562_8	GGCAGCCGATACCCGGGGCANGG	none
3	184903575	184903598	3:184903575-184903598	8	-	0	AACAGAGGATACCAGAGGCAGGG	6		37XHuman.bam	37XHuman	37XHuman	37XHuman_37XHuman_3:184903575-184903598_8	GGCAGCCGATACCCGGGGCANGG	none
3	68015817	68015841	3:68015817-68015841	8	-	0			GGCAGCAGCTACCTGGGAGCAAGG	37XHuman.bam	37XHuman	37XHuman	37XHuman_37XHuman_3:68015817-68015841_8	GGCAGCCGATACCCGGGGCANGG	GGCAGCCGATACCCGGG-GCANGG
4	152200247	152200270	4:152200247-152200270	8	-	0	GTCAGCCTATACTTGGGCCACAG	6		37XHuman.bam	37XHuman	37XHuman	37XHuman_37XHuman_4:152200247-152200270_8	GGCAGCCGATACCCGGGGCANGG	none
5	34832902	34832925	5:34832902-34832925	8	-	0	AGCGGCTGATACTCAGGGCAGAG	6		37XHuman.bam	37XHuman	37XHuman	37XHuman_37XHuman_5:34832902-34832925_8	GGCAGCCGATACCCGGGGCANGG	none
6	95965645	95965668	6:95965645-95965668	8	+	0	GGCAGCCAACACCCAGAGCAATG	5		37XHuman.bam	37XHuman	37XHuman	37XHuman_37XHuman_6:95965645-95965668_8	GGCAGCCGATACCCGGGGCANGG	none
7	75880423	75880446	7:75880423-75880446	8	+	0	GGCAGTCTCTACCCAGGGCAGAG	5		37XHuman.bam	37XHuman	37XHuman	37XHuman_37XHuman_7:75880423-75880446_8	GGCAGCCGATACCCGGGGCANGG	none
7	76833008	76833031	7:76833008-76833031	8	-	0	AGCAGCCGATACTAGGAGTCAGG	6		37XHuman.bam	37XHuman	37XHuman	37XHuman_37XHuman_7:76833008-76833031_8	GGCAGCCGATACCCGGGGCANGG	none
8	105929119	105929142	8:105929119-105929142	8	-	0	AGCAGTAGTTACCTGGGGCAGGA	6		37XHuman.bam	37XHuman	37XHuman	37XHuman_37XHuman_8:105929119-105929142_8	GGCAGCCGATACCCGGGGCANGG	none
8	142520839	142520862	8:142520839-142520862	8	+	0	GGCAGCCACCCCCCGGGGCCTGG	5		37XHuman.bam	37XHuman	37XHuman	37XHuman_37XHuman_8:142520839-142520862_8	GGCAGCCGATACCCGGGGCANGG	none
8	5151952	5151975	8:5151952-5151975	8	+	0	CTGAGCTGATACCTGAGGCATGG	6		37XHuman.bam	37XHuman	37XHuman	37XHuman_37XHuman_8:5151952-5151975_8	GGCAGCCGATACCCGGGGCANGG	none
9	100143341	100143364	9:100143341-100143364	8	-	0	TGGAGGCGATACTTAGGGCAAGG	6		37XHuman.bam	37XHuman	37XHuman	37XHuman_37XHuman_9:100143341-100143364_8	GGCAGCCGATACCCGGGGCANGG	none
9	100526608	100526631	9:100526608-100526631	8	-	0	CACAGCCGATGACCAGGGCAAAG	6		37XHuman.bam	37XHuman	37XHuman	37XHuman_37XHuman_9:100526608-100526631_8	GGCAGCCGATACCCGGGGCANGG	none
9	116963077	116963100	9:116963077-116963100	8	-	0	GGCAGCCCACACCCCAGACTGGG	6		37XHuman.bam	37XHuman	37XHuman	37XHuman_37XHuman_9:116963077-116963100_8	GGCAGCCGATACCCGGGGCANGG	none
10	128060431	128060454	10:128060431-128060454	6	-	0	GGTAGCAGATGCCCAGGCCAGGG	5		37XHuman.bam	37XHuman	37XHuman	37XHuman_37XHuman_10:128060431-128060454_6	GGCAGCCGATACCCGGGGCANGG	none
10	88344679	88344701	10:88344679-88344701	6	+	0			GGCTGCCG-TACCCAGGCCAAGG	37XHuman.bam	37XHuman	37XHuman	37XHuman_37XHuman_10:88344679-88344701_6	GGCAGCCGATACCCGGGGCANGG	GGCAGCCGATACCCGGGGCANGG
11	69071954	69071977	11:69071954-69071977	6	+	0	AGCAGCAGATTCCCCAGGCAGAG	6		37XHuman.bam	37XHuman	37XHuman	37XHuman_37XHuman_11:69071954-69071977_6	GGCAGCCGATACCCGGGGCANGG	none
14	104492573	104492596	14:104492573-104492596	6	+	0	GGGAGCCAAGGCCCAGGACAGGG	6		37XHuman.bam	37XHuman	37XHuman	37XHuman_37XHuman_14:104492573-104492596_6	GGCAGCCGATACCCGGGGCANGG	none
14	106378766	106378789	14:106378766-106378789	6	-	0	AACAGCCAATTCCTGGGGCCAGG	6		37XHuman.bam	37XHuman	37XHuman	37XHuman_37XHuman_14:106378766-106378789_6	GGCAGCCGATACCCGGGGCANGG	none
14	73392453	73392476	14:73392453-73392476	6	+	0	GTCAGCTGATACCTGGGACAGGC	5		37XHuman.bam	37XHuman	37XHuman	37XHuman_37XHuman_14:73392453-73392476_6	GGCAGCCGATACCCGGGGCANGG	none
16	18937034	18937057	16:18937034-18937057	6	-	0	TGGAGCCGAGACCCGGGGCTCCC	6		37XHuman.bam	37XHuman	37XHuman	37XHuman_37XHuman_16:18937034-18937057_6	GGCAGCCGATACCCGGGGCANGG	none
16	66957718	66957741	16:66957718-66957741	6	-	0	GCAAGCAGAGACCCAGGGCAGGG	5		37XHuman.bam	37XHuman	37XHuman	37XHuman_37XHuman_16:66957718-66957741_6	GGCAGCCGATACCCGGGGCANGG	none
17	37245521	37245544	17:37245521-37245544	6	-	0	CACAGCCGATACCCAGGCCTGGA	6		37XHuman.bam	37XHuman	37XHuman	37XHuman_37XHuman_17:37245521-37245544_6	GGCAGCCGATACCCGGGGCANGG	none
17	75359270	75359293	17:75359270-75359293	6	+	nan	GGGACCCAAGACCCTGGGGAAGG	6		37XHuman.bam	37XHuman	37XHuman	37XHuman_37XHuman_17:75359270-75359293_6	GGCAGCCGATACCCGGGGCANGG	none
17	79869057	79869080	17:79869057-79869080	6	-	0	GCCAGCCGTTGCCCGGGGACCGG	5		37XHuman.bam	37XHuman	37XHuman	37XHuman_37XHuman_17:79869057-79869080_6	GGCAGCCGATACCCGGGGCANGG	none
17	8926821	8926844	17:8926821-8926844	6	+	0	GTTCGCCGATGCCCGGGACCCGG	6		37XHuman.bam	37XHuman	37XHuman	37XHuman_37XHuman_17:8926821-8926844_6	GGCAGCCGATACCCGGGGCANGG	none
18	46507175	46507198	18:46507175-46507198	6	-	0	GGCAGCCTATGTTCAGGGAAAGG	6		37XHuman.bam	37XHuman	37XHuman	37XHuman_37XHuman_18:46507175-46507198_6	GGCAGCCGATACCCGGGGCANGG	none
1	157335296	157335319	1:157335296-157335319	6	+	0	CCTAGCAGATACCTGGGGCATGT	6		37XHuman.bam	37XHuman	37XHuman	37XHuman_37XHuman_1:157335296-157335319_6	GGCAGCCGATACCCGGGGCANGG	none
1	228493642	228493665	1:228493642-228493665	6	-	0	GGCACCCAAATCCCAGGGCAGGG	5		37XHuman.bam	37XHuman	37XHuman	37XHuman_37XHuman_1:228493642-228493665_6	GGCAGCCGATACCCGGGGCANGG	none
1	42334975	42334998	1:42334975-42334998	6	-	0	GGCAGTTGATATCCAGGGCAGGT	5		37XHuman.bam	37XHuman	37XHuman	37XHuman_37XHuman_1:42334975-42334998_6	GGCAGCCGATACCCGGGGCANGG	none
1	9329846	9329869	1:9329846-9329869	6	+	0	GGCAGCAGGAACCCTGGGCAGCG	5		37XHuman.bam	37XHuman	37XHuman	37XHuman_37XHuman_1:9329846-9329869_6	GGCAGCCGATACCCGGGGCANGG	none
21	44586967	44586990	21:44586967-44586990	6	-	0	GGCTGCCTATTCCCGGGGCACAG	4		37XHuman.bam	37XHuman	37XHuman	37XHuman_37XHuman_21:44586967-44586990_6	GGCAGCCGATACCCGGGGCANGG	none
22	42685790	42685812	22:42685790-42685812	6	-	0			GGCAGCTG-TGCCCGGGGCAGGC	37XHuman.bam	37XHuman	37XHuman	37XHuman_37XHuman_22:42685790-42685812_6	GGCAGCCGATACCCGGGGCANGG	GGCAGCCGATACCCGGGGCANGG
2	62368930	62368952	2:62368930-62368952	6	+	0			GAGAACCGATACC-GGGGCACGG	37XHuman.bam	37XHuman	37XHuman	37XHuman_37XHuman_2:62368930-62368952_6	GGCAGCCGATACCCGGGGCANGG	GGCAGCCGATACCCGGGGCANGG
2	97612778	97612801	2:97612778-97612801	6	+	0	AGCAGCCTACAGCTGGGGCAGAG	6		37XHuman.bam	37XHuman	37XHuman	37XHuman_37XHuman_2:97612778-97612801_6	GGCAGCCGATACCCGGGGCANGG	none
3	130110896	130110919	3:130110896-130110919	6	-	0	AGCAGCCATTACTTGGGGTAAGG	6		37XHuman.bam	37XHuman	37XHuman	37XHuman_37XHuman_3:130110896-130110919_6	GGCAGCCGATACCCGGGGCANGG	none
3	13095599	13095622	3:13095599-13095622	6	+	nan	GGCAGGCGTTCCCCTGCCCACGG	6		37XHuman.bam	37XHuman	37XHuman	37XHuman_37XHuman_3:13095599-13095622_6	GGCAGCCGATACCCGGGGCANGG	none
3	40673073	40673096	3:40673073-40673096	6	-	0	GGCAGCAGATAATCAGGGCTGAG	6		37XHuman.bam	37XHuman	37XHuman	37XHuman_37XHuman_3:40673073-40673096_6	GGCAGCCGATACCCGGGGCANGG	none
4	166273141	166273164	4:166273141-166273164	6	+	0	GGCAGCTGATGACCAGGGCTGAG	6		37XHuman.bam	37XHuman	37XHuman	37XHuman_37XHuman_4:166273141-166273164_6	GGCAGCCGATACCCGGGGCANGG	none
5	145779847	145779870	5:145779847-145779870	6	-	0	AGCAGCCAGCATCTGGGGCATGG	6		37XHuman.bam	37XHuman	37XHuman	37XHuman_37XHuman_5:145779847-145779870_6	GGCAGCCGATACCCGGGGCANGG	none
6	11377011	11377034	6:11377011-11377034	6	+	0	GGAAGCCAATATCCAAGACAAGG	6		37XHuman.bam	37XHuman	37XHuman	37XHuman_37XHuman_6:11377011-11377034_6	GGCAGCCGATACCCGGGGCANGG	none
6	1624522	1624545	6:1624522-1624545	6	-	0	TGGGGCCGACACCCGGGGTGGGG	6		37XHuman.bam	37XHuman	37XHuman	37XHuman_37XHuman_6:1624522-1624545_6	GGCAGCCGATACCCGGGGCANGG	none
6	55157417	55157440	6:55157417-55157440	6	+	0	CTCACTCAATACCCGGGGGATGG	6		37XHuman.bam	37XHuman	37XHuman	37XHuman_37XHuman_6:55157417-55157440_6	GGCAGCCGATACCCGGGGCANGG	none
7	100813481	100813504	7:100813481-100813504	6	+	0	AGCAGCCGACTCCCAGGTCCAGG	6		37XHuman.bam	37XHuman	37XHuman	37XHuman_37XHuman_7:100813481-100813504_6	GGCAGCCGATACCCGGGGCANGG	none
7	157310239	157310262	7:157310239-157310262	6	+	0	GTCAGCCAGTGCCTGGGGCAGGG	5		37XHuman.bam	37XHuman	37XHuman	37XHuman_37XHuman_7:157310239-157310262_6	GGCAGCCGATACCCGGGGCANGG	none
GL000220.1	142174	142197	GL000220.1:142174-142197	6	+	0	AGCCGCCGTTACCGGGGGATGGG	6		37XHuman.bam	37XHuman	37XHuman	37XHuman_37XHuman_GL000220.1:142174-142197_6	GGCAGCCGATACCCGGGGCANGG	none